ISO-10303-21;
HEADER;
/* Generated by software containing ST-Developer
 * from STEP Tools, Inc. (www.steptools.com) 
 */

FILE_DESCRIPTION(
/* description */ (''),
/* implementation_level */ '2;1');

FILE_NAME(
/* name */ 'Inferior.step',
/* time_stamp */ '2026-06-20T11:08:13+02:00',
/* author */ (''),
/* organization */ (''),
/* preprocessor_version */ 'ST-DEVELOPER v20.1',
/* originating_system */ 'Autodesk Translation Framework v15.8.0.0',
/* authorisation */ '');

FILE_SCHEMA (('AUTOMOTIVE_DESIGN { 1 0 10303 214 3 1 1 }'));
ENDSEC;

DATA;
#10=MECHANICAL_DESIGN_GEOMETRIC_PRESENTATION_REPRESENTATION('',(#13),#2388);
#11=SHAPE_REPRESENTATION_RELATIONSHIP('SRR','None',#2395,#12);
#12=ADVANCED_BREP_SHAPE_REPRESENTATION('',(#14),#2387);
#13=STYLED_ITEM('',(#2404),#14);
#14=MANIFOLD_SOLID_BREP('Inferior',#1448);
#15=ELLIPSE('',#1534,36.7051813989853,9.5);
#16=ELLIPSE('',#1535,9.59336193892688,9.5);
#17=ELLIPSE('',#1536,36.7051813989853,9.5);
#18=B_SPLINE_CURVE_WITH_KNOTS('',3,(#2278,#2279,#2280,#2281,#2282,#2283),
 .UNSPECIFIED.,.F.,.F.,(4,2,4),(0.744108640910822,0.797789143486598,0.835419718490705),
 .UNSPECIFIED.);
#19=B_SPLINE_CURVE_WITH_KNOTS('',3,(#2285,#2286,#2287,#2288,#2289,#2290),
 .UNSPECIFIED.,.F.,.F.,(4,2,4),(0.987681387369153,1.02531196237326,1.07899246494904),
 .UNSPECIFIED.);
#20=B_SPLINE_CURVE_WITH_KNOTS('',3,(#2298,#2299,#2300,#2301,#2302,#2303),
 .UNSPECIFIED.,.F.,.F.,(4,2,4),(0.,0.113989647228857,0.168220372259169),
 .UNSPECIFIED.);
#21=B_SPLINE_CURVE_WITH_KNOTS('',3,(#2307,#2308,#2309,#2310,#2311,#2312,
#2313,#2314,#2315,#2316),.UNSPECIFIED.,.F.,.F.,(4,2,2,2,4),(-0.457436716706001,
-0.34275492725137,-0.227979294457714,-0.113989647228857,0.),
 .UNSPECIFIED.);
#22=B_SPLINE_CURVE_WITH_KNOTS('',3,(#2323,#2324,#2325,#2326,#2327,#2328,
#2329,#2330,#2331,#2332),.UNSPECIFIED.,.F.,.F.,(4,2,2,2,4),(0.,0.113989647228857,
0.227979294457714,0.34275492725137,0.457436716706001),.UNSPECIFIED.);
#23=B_SPLINE_CURVE_WITH_KNOTS('',3,(#2335,#2336,#2337,#2338,#2339,#2340),
 .UNSPECIFIED.,.F.,.F.,(4,2,4),(-0.168220372259169,-0.113989647228857,0.),
 .UNSPECIFIED.);
#24=CYLINDRICAL_SURFACE('',#1498,2.375);
#25=CYLINDRICAL_SURFACE('',#1501,2.375);
#26=CYLINDRICAL_SURFACE('',#1504,2.375);
#27=CYLINDRICAL_SURFACE('',#1508,2.375);
#28=CYLINDRICAL_SURFACE('',#1533,9.5);
#29=CYLINDRICAL_SURFACE('',#1537,9.5);
#30=CYLINDRICAL_SURFACE('',#1541,3.00000000000005);
#31=CYLINDRICAL_SURFACE('',#1542,3.00000000000005);
#32=CYLINDRICAL_SURFACE('',#1546,3.00000000000005);
#33=CYLINDRICAL_SURFACE('',#1553,3.00000000000005);
#34=FACE_BOUND('',#137,.T.);
#35=FACE_BOUND('',#138,.T.);
#36=FACE_BOUND('',#205,.T.);
#37=FACE_BOUND('',#206,.T.);
#38=CIRCLE('',#1467,3.00000000000005);
#39=CIRCLE('',#1468,3.00000000000005);
#40=CIRCLE('',#1469,2.375);
#41=CIRCLE('',#1470,2.375);
#42=CIRCLE('',#1499,2.375);
#43=CIRCLE('',#1502,2.375);
#44=CIRCLE('',#1505,2.375);
#45=CIRCLE('',#1506,2.375);
#46=CIRCLE('',#1509,2.375);
#47=CIRCLE('',#1510,2.375);
#48=CIRCLE('',#1515,9.5);
#49=CIRCLE('',#1522,9.5);
#50=CIRCLE('',#1527,9.5);
#51=CIRCLE('',#1528,9.5);
#52=CIRCLE('',#1530,9.5);
#53=CIRCLE('',#1531,9.5);
#54=CIRCLE('',#1532,9.5);
#55=CIRCLE('',#1538,9.50000046354812);
#56=CIRCLE('',#1539,9.50000046354812);
#57=CIRCLE('',#1543,3.00000000000005);
#58=CIRCLE('',#1545,3.00000000000005);
#59=CIRCLE('',#1547,3.00000000000005);
#60=CIRCLE('',#1551,3.00000000000005);
#61=FACE_OUTER_BOUND('',#132,.T.);
#62=FACE_OUTER_BOUND('',#133,.T.);
#63=FACE_OUTER_BOUND('',#134,.T.);
#64=FACE_OUTER_BOUND('',#135,.T.);
#65=FACE_OUTER_BOUND('',#136,.T.);
#66=FACE_OUTER_BOUND('',#139,.T.);
#67=FACE_OUTER_BOUND('',#140,.T.);
#68=FACE_OUTER_BOUND('',#141,.T.);
#69=FACE_OUTER_BOUND('',#142,.T.);
#70=FACE_OUTER_BOUND('',#143,.T.);
#71=FACE_OUTER_BOUND('',#144,.T.);
#72=FACE_OUTER_BOUND('',#145,.T.);
#73=FACE_OUTER_BOUND('',#146,.T.);
#74=FACE_OUTER_BOUND('',#147,.T.);
#75=FACE_OUTER_BOUND('',#148,.T.);
#76=FACE_OUTER_BOUND('',#149,.T.);
#77=FACE_OUTER_BOUND('',#150,.T.);
#78=FACE_OUTER_BOUND('',#151,.T.);
#79=FACE_OUTER_BOUND('',#152,.T.);
#80=FACE_OUTER_BOUND('',#153,.T.);
#81=FACE_OUTER_BOUND('',#154,.T.);
#82=FACE_OUTER_BOUND('',#155,.T.);
#83=FACE_OUTER_BOUND('',#156,.T.);
#84=FACE_OUTER_BOUND('',#157,.T.);
#85=FACE_OUTER_BOUND('',#158,.T.);
#86=FACE_OUTER_BOUND('',#159,.T.);
#87=FACE_OUTER_BOUND('',#160,.T.);
#88=FACE_OUTER_BOUND('',#161,.T.);
#89=FACE_OUTER_BOUND('',#162,.T.);
#90=FACE_OUTER_BOUND('',#163,.T.);
#91=FACE_OUTER_BOUND('',#164,.T.);
#92=FACE_OUTER_BOUND('',#165,.T.);
#93=FACE_OUTER_BOUND('',#166,.T.);
#94=FACE_OUTER_BOUND('',#167,.T.);
#95=FACE_OUTER_BOUND('',#168,.T.);
#96=FACE_OUTER_BOUND('',#169,.T.);
#97=FACE_OUTER_BOUND('',#170,.T.);
#98=FACE_OUTER_BOUND('',#171,.T.);
#99=FACE_OUTER_BOUND('',#172,.T.);
#100=FACE_OUTER_BOUND('',#173,.T.);
#101=FACE_OUTER_BOUND('',#174,.T.);
#102=FACE_OUTER_BOUND('',#175,.T.);
#103=FACE_OUTER_BOUND('',#176,.T.);
#104=FACE_OUTER_BOUND('',#177,.T.);
#105=FACE_OUTER_BOUND('',#178,.T.);
#106=FACE_OUTER_BOUND('',#179,.T.);
#107=FACE_OUTER_BOUND('',#180,.T.);
#108=FACE_OUTER_BOUND('',#181,.T.);
#109=FACE_OUTER_BOUND('',#182,.T.);
#110=FACE_OUTER_BOUND('',#183,.T.);
#111=FACE_OUTER_BOUND('',#184,.T.);
#112=FACE_OUTER_BOUND('',#185,.T.);
#113=FACE_OUTER_BOUND('',#186,.T.);
#114=FACE_OUTER_BOUND('',#187,.T.);
#115=FACE_OUTER_BOUND('',#188,.T.);
#116=FACE_OUTER_BOUND('',#189,.T.);
#117=FACE_OUTER_BOUND('',#190,.T.);
#118=FACE_OUTER_BOUND('',#191,.T.);
#119=FACE_OUTER_BOUND('',#192,.T.);
#120=FACE_OUTER_BOUND('',#193,.T.);
#121=FACE_OUTER_BOUND('',#194,.T.);
#122=FACE_OUTER_BOUND('',#195,.T.);
#123=FACE_OUTER_BOUND('',#196,.T.);
#124=FACE_OUTER_BOUND('',#197,.T.);
#125=FACE_OUTER_BOUND('',#198,.T.);
#126=FACE_OUTER_BOUND('',#199,.T.);
#127=FACE_OUTER_BOUND('',#200,.T.);
#128=FACE_OUTER_BOUND('',#201,.T.);
#129=FACE_OUTER_BOUND('',#202,.T.);
#130=FACE_OUTER_BOUND('',#203,.T.);
#131=FACE_OUTER_BOUND('',#204,.T.);
#132=EDGE_LOOP('',(#902,#903,#904,#905));
#133=EDGE_LOOP('',(#906,#907,#908,#909));
#134=EDGE_LOOP('',(#910,#911,#912,#913));
#135=EDGE_LOOP('',(#914,#915,#916,#917));
#136=EDGE_LOOP('',(#918,#919,#920,#921,#922,#923,#924,#925,#926,#927,#928,
#929,#930,#931,#932,#933,#934,#935,#936));
#137=EDGE_LOOP('',(#937));
#138=EDGE_LOOP('',(#938));
#139=EDGE_LOOP('',(#939,#940,#941,#942));
#140=EDGE_LOOP('',(#943,#944,#945,#946,#947,#948,#949,#950));
#141=EDGE_LOOP('',(#951,#952,#953,#954));
#142=EDGE_LOOP('',(#955,#956,#957,#958));
#143=EDGE_LOOP('',(#959,#960,#961,#962,#963,#964));
#144=EDGE_LOOP('',(#965,#966,#967,#968));
#145=EDGE_LOOP('',(#969,#970,#971,#972,#973,#974,#975,#976,#977,#978,#979,
#980));
#146=EDGE_LOOP('',(#981,#982,#983,#984));
#147=EDGE_LOOP('',(#985,#986,#987,#988,#989,#990));
#148=EDGE_LOOP('',(#991,#992,#993,#994));
#149=EDGE_LOOP('',(#995,#996,#997,#998,#999,#1000,#1001,#1002));
#150=EDGE_LOOP('',(#1003,#1004,#1005,#1006));
#151=EDGE_LOOP('',(#1007,#1008,#1009,#1010));
#152=EDGE_LOOP('',(#1011,#1012,#1013,#1014));
#153=EDGE_LOOP('',(#1015,#1016,#1017,#1018));
#154=EDGE_LOOP('',(#1019,#1020,#1021,#1022));
#155=EDGE_LOOP('',(#1023,#1024,#1025,#1026));
#156=EDGE_LOOP('',(#1027,#1028,#1029,#1030,#1031,#1032,#1033,#1034));
#157=EDGE_LOOP('',(#1035,#1036,#1037,#1038,#1039,#1040));
#158=EDGE_LOOP('',(#1041,#1042,#1043,#1044));
#159=EDGE_LOOP('',(#1045,#1046,#1047,#1048,#1049,#1050));
#160=EDGE_LOOP('',(#1051,#1052,#1053,#1054,#1055,#1056,#1057,#1058,#1059,
#1060,#1061,#1062));
#161=EDGE_LOOP('',(#1063,#1064,#1065,#1066));
#162=EDGE_LOOP('',(#1067,#1068,#1069,#1070));
#163=EDGE_LOOP('',(#1071,#1072,#1073,#1074));
#164=EDGE_LOOP('',(#1075,#1076,#1077,#1078,#1079,#1080,#1081,#1082,#1083,
#1084,#1085,#1086,#1087,#1088,#1089,#1090,#1091,#1092,#1093,#1094,#1095,
#1096,#1097,#1098));
#165=EDGE_LOOP('',(#1099,#1100,#1101,#1102,#1103,#1104,#1105,#1106));
#166=EDGE_LOOP('',(#1107,#1108,#1109,#1110));
#167=EDGE_LOOP('',(#1111));
#168=EDGE_LOOP('',(#1112,#1113,#1114,#1115));
#169=EDGE_LOOP('',(#1116));
#170=EDGE_LOOP('',(#1117,#1118,#1119,#1120));
#171=EDGE_LOOP('',(#1121));
#172=EDGE_LOOP('',(#1122,#1123,#1124,#1125));
#173=EDGE_LOOP('',(#1126));
#174=EDGE_LOOP('',(#1127,#1128,#1129,#1130));
#175=EDGE_LOOP('',(#1131,#1132,#1133,#1134,#1135,#1136));
#176=EDGE_LOOP('',(#1137,#1138,#1139,#1140));
#177=EDGE_LOOP('',(#1141,#1142,#1143,#1144,#1145,#1146));
#178=EDGE_LOOP('',(#1147,#1148,#1149,#1150,#1151,#1152,#1153,#1154));
#179=EDGE_LOOP('',(#1155,#1156,#1157,#1158,#1159,#1160));
#180=EDGE_LOOP('',(#1161,#1162,#1163,#1164));
#181=EDGE_LOOP('',(#1165,#1166,#1167,#1168));
#182=EDGE_LOOP('',(#1169,#1170,#1171,#1172));
#183=EDGE_LOOP('',(#1173,#1174,#1175,#1176,#1177,#1178));
#184=EDGE_LOOP('',(#1179,#1180,#1181,#1182));
#185=EDGE_LOOP('',(#1183,#1184,#1185,#1186));
#186=EDGE_LOOP('',(#1187,#1188,#1189,#1190,#1191));
#187=EDGE_LOOP('',(#1192,#1193,#1194,#1195,#1196,#1197,#1198,#1199,#1200,
#1201,#1202,#1203));
#188=EDGE_LOOP('',(#1204,#1205,#1206,#1207,#1208,#1209));
#189=EDGE_LOOP('',(#1210,#1211,#1212,#1213,#1214,#1215,#1216,#1217,#1218,
#1219,#1220,#1221,#1222,#1223,#1224,#1225,#1226,#1227,#1228,#1229));
#190=EDGE_LOOP('',(#1230,#1231,#1232,#1233));
#191=EDGE_LOOP('',(#1234,#1235,#1236,#1237));
#192=EDGE_LOOP('',(#1238,#1239,#1240,#1241));
#193=EDGE_LOOP('',(#1242,#1243));
#194=EDGE_LOOP('',(#1244,#1245,#1246,#1247,#1248,#1249,#1250,#1251));
#195=EDGE_LOOP('',(#1252,#1253,#1254,#1255));
#196=EDGE_LOOP('',(#1256,#1257,#1258,#1259,#1260,#1261));
#197=EDGE_LOOP('',(#1262,#1263));
#198=EDGE_LOOP('',(#1264,#1265,#1266,#1267));
#199=EDGE_LOOP('',(#1268,#1269,#1270,#1271,#1272,#1273,#1274,#1275));
#200=EDGE_LOOP('',(#1276,#1277,#1278,#1279));
#201=EDGE_LOOP('',(#1280,#1281,#1282,#1283));
#202=EDGE_LOOP('',(#1284,#1285,#1286,#1287,#1288,#1289,#1290));
#203=EDGE_LOOP('',(#1291,#1292,#1293,#1294));
#204=EDGE_LOOP('',(#1295,#1296,#1297,#1298,#1299,#1300,#1301,#1302,#1303,
#1304,#1305,#1306,#1307,#1308,#1309,#1310,#1311,#1312,#1313));
#205=EDGE_LOOP('',(#1314));
#206=EDGE_LOOP('',(#1315));
#207=LINE('',#1934,#382);
#208=LINE('',#1936,#383);
#209=LINE('',#1938,#384);
#210=LINE('',#1939,#385);
#211=LINE('',#1943,#386);
#212=LINE('',#1945,#387);
#213=LINE('',#1947,#388);
#214=LINE('',#1948,#389);
#215=LINE('',#1952,#390);
#216=LINE('',#1954,#391);
#217=LINE('',#1956,#392);
#218=LINE('',#1957,#393);
#219=LINE('',#1961,#394);
#220=LINE('',#1963,#395);
#221=LINE('',#1965,#396);
#222=LINE('',#1966,#397);
#223=LINE('',#1968,#398);
#224=LINE('',#1970,#399);
#225=LINE('',#1972,#400);
#226=LINE('',#1974,#401);
#227=LINE('',#1976,#402);
#228=LINE('',#1980,#403);
#229=LINE('',#1984,#404);
#230=LINE('',#1986,#405);
#231=LINE('',#1988,#406);
#232=LINE('',#1990,#407);
#233=LINE('',#1992,#408);
#234=LINE('',#1994,#409);
#235=LINE('',#1996,#410);
#236=LINE('',#1998,#411);
#237=LINE('',#1999,#412);
#238=LINE('',#2006,#413);
#239=LINE('',#2007,#414);
#240=LINE('',#2010,#415);
#241=LINE('',#2011,#416);
#242=LINE('',#2013,#417);
#243=LINE('',#2015,#418);
#244=LINE('',#2016,#419);
#245=LINE('',#2019,#420);
#246=LINE('',#2021,#421);
#247=LINE('',#2022,#422);
#248=LINE('',#2025,#423);
#249=LINE('',#2026,#424);
#250=LINE('',#2029,#425);
#251=LINE('',#2031,#426);
#252=LINE('',#2033,#427);
#253=LINE('',#2034,#428);
#254=LINE('',#2037,#429);
#255=LINE('',#2038,#430);
#256=LINE('',#2041,#431);
#257=LINE('',#2042,#432);
#258=LINE('',#2043,#433);
#259=LINE('',#2044,#434);
#260=LINE('',#2048,#435);
#261=LINE('',#2050,#436);
#262=LINE('',#2051,#437);
#263=LINE('',#2053,#438);
#264=LINE('',#2056,#439);
#265=LINE('',#2058,#440);
#266=LINE('',#2060,#441);
#267=LINE('',#2062,#442);
#268=LINE('',#2063,#443);
#269=LINE('',#2067,#444);
#270=LINE('',#2068,#445);
#271=LINE('',#2069,#446);
#272=LINE('',#2073,#447);
#273=LINE('',#2075,#448);
#274=LINE('',#2077,#449);
#275=LINE('',#2078,#450);
#276=LINE('',#2082,#451);
#277=LINE('',#2083,#452);
#278=LINE('',#2084,#453);
#279=LINE('',#2088,#454);
#280=LINE('',#2090,#455);
#281=LINE('',#2092,#456);
#282=LINE('',#2093,#457);
#283=LINE('',#2096,#458);
#284=LINE('',#2097,#459);
#285=LINE('',#2100,#460);
#286=LINE('',#2102,#461);
#287=LINE('',#2103,#462);
#288=LINE('',#2106,#463);
#289=LINE('',#2108,#464);
#290=LINE('',#2109,#465);
#291=LINE('',#2111,#466);
#292=LINE('',#2112,#467);
#293=LINE('',#2115,#468);
#294=LINE('',#2117,#469);
#295=LINE('',#2119,#470);
#296=LINE('',#2120,#471);
#297=LINE('',#2123,#472);
#298=LINE('',#2124,#473);
#299=LINE('',#2127,#474);
#300=LINE('',#2129,#475);
#301=LINE('',#2131,#476);
#302=LINE('',#2132,#477);
#303=LINE('',#2135,#478);
#304=LINE('',#2136,#479);
#305=LINE('',#2137,#480);
#306=LINE('',#2138,#481);
#307=LINE('',#2140,#482);
#308=LINE('',#2142,#483);
#309=LINE('',#2146,#484);
#310=LINE('',#2148,#485);
#311=LINE('',#2150,#486);
#312=LINE('',#2152,#487);
#313=LINE('',#2154,#488);
#314=LINE('',#2156,#489);
#315=LINE('',#2157,#490);
#316=LINE('',#2159,#491);
#317=LINE('',#2161,#492);
#318=LINE('',#2163,#493);
#319=LINE('',#2165,#494);
#320=LINE('',#2166,#495);
#321=LINE('',#2167,#496);
#322=LINE('',#2170,#497);
#323=LINE('',#2172,#498);
#324=LINE('',#2173,#499);
#325=LINE('',#2176,#500);
#326=LINE('',#2181,#501);
#327=LINE('',#2188,#502);
#328=LINE('',#2195,#503);
#329=LINE('',#2201,#504);
#330=LINE('',#2202,#505);
#331=LINE('',#2203,#506);
#332=LINE('',#2206,#507);
#333=LINE('',#2208,#508);
#334=LINE('',#2209,#509);
#335=LINE('',#2213,#510);
#336=LINE('',#2216,#511);
#337=LINE('',#2217,#512);
#338=LINE('',#2221,#513);
#339=LINE('',#2223,#514);
#340=LINE('',#2225,#515);
#341=LINE('',#2226,#516);
#342=LINE('',#2228,#517);
#343=LINE('',#2230,#518);
#344=LINE('',#2231,#519);
#345=LINE('',#2234,#520);
#346=LINE('',#2235,#521);
#347=LINE('',#2237,#522);
#348=LINE('',#2238,#523);
#349=LINE('',#2240,#524);
#350=LINE('',#2245,#525);
#351=LINE('',#2248,#526);
#352=LINE('',#2249,#527);
#353=LINE('',#2250,#528);
#354=LINE('',#2252,#529);
#355=LINE('',#2262,#530);
#356=LINE('',#2264,#531);
#357=LINE('',#2266,#532);
#358=LINE('',#2270,#533);
#359=LINE('',#2272,#534);
#360=LINE('',#2274,#535);
#361=LINE('',#2305,#536);
#362=LINE('',#2319,#537);
#363=LINE('',#2334,#538);
#364=LINE('',#2343,#539);
#365=LINE('',#2345,#540);
#366=LINE('',#2346,#541);
#367=LINE('',#2348,#542);
#368=LINE('',#2349,#543);
#369=LINE('',#2353,#544);
#370=LINE('',#2358,#545);
#371=LINE('',#2362,#546);
#372=LINE('',#2363,#547);
#373=LINE('',#2365,#548);
#374=LINE('',#2367,#549);
#375=LINE('',#2368,#550);
#376=LINE('',#2372,#551);
#377=LINE('',#2374,#552);
#378=LINE('',#2377,#553);
#379=LINE('',#2380,#554);
#380=LINE('',#2381,#555);
#381=LINE('',#2383,#556);
#382=VECTOR('',#1563,10.);
#383=VECTOR('',#1564,10.);
#384=VECTOR('',#1565,10.);
#385=VECTOR('',#1566,10.);
#386=VECTOR('',#1569,10.);
#387=VECTOR('',#1570,10.);
#388=VECTOR('',#1571,10.);
#389=VECTOR('',#1572,10.);
#390=VECTOR('',#1575,10.);
#391=VECTOR('',#1576,10.);
#392=VECTOR('',#1577,10.);
#393=VECTOR('',#1578,10.);
#394=VECTOR('',#1581,10.);
#395=VECTOR('',#1582,10.);
#396=VECTOR('',#1583,10.);
#397=VECTOR('',#1584,10.);
#398=VECTOR('',#1587,10.);
#399=VECTOR('',#1588,10.);
#400=VECTOR('',#1589,10.);
#401=VECTOR('',#1590,10.);
#402=VECTOR('',#1591,10.);
#403=VECTOR('',#1594,10.);
#404=VECTOR('',#1597,10.);
#405=VECTOR('',#1598,10.);
#406=VECTOR('',#1599,10.);
#407=VECTOR('',#1600,10.);
#408=VECTOR('',#1601,10.);
#409=VECTOR('',#1602,10.);
#410=VECTOR('',#1603,10.);
#411=VECTOR('',#1604,10.);
#412=VECTOR('',#1605,10.);
#413=VECTOR('',#1612,10.);
#414=VECTOR('',#1613,10.);
#415=VECTOR('',#1616,10.);
#416=VECTOR('',#1617,10.);
#417=VECTOR('',#1618,10.);
#418=VECTOR('',#1619,10.);
#419=VECTOR('',#1620,10.);
#420=VECTOR('',#1623,10.);
#421=VECTOR('',#1624,10.);
#422=VECTOR('',#1625,10.);
#423=VECTOR('',#1628,10.);
#424=VECTOR('',#1629,10.);
#425=VECTOR('',#1632,10.);
#426=VECTOR('',#1633,10.);
#427=VECTOR('',#1634,10.);
#428=VECTOR('',#1635,10.);
#429=VECTOR('',#1638,10.);
#430=VECTOR('',#1639,10.);
#431=VECTOR('',#1642,10.);
#432=VECTOR('',#1643,10.);
#433=VECTOR('',#1644,10.);
#434=VECTOR('',#1645,10.);
#435=VECTOR('',#1650,10.);
#436=VECTOR('',#1651,10.);
#437=VECTOR('',#1652,10.);
#438=VECTOR('',#1655,10.);
#439=VECTOR('',#1658,10.);
#440=VECTOR('',#1659,10.);
#441=VECTOR('',#1660,10.);
#442=VECTOR('',#1661,10.);
#443=VECTOR('',#1662,10.);
#444=VECTOR('',#1665,10.);
#445=VECTOR('',#1666,10.);
#446=VECTOR('',#1667,10.);
#447=VECTOR('',#1670,10.);
#448=VECTOR('',#1671,10.);
#449=VECTOR('',#1672,10.);
#450=VECTOR('',#1673,10.);
#451=VECTOR('',#1676,10.);
#452=VECTOR('',#1677,10.);
#453=VECTOR('',#1678,10.);
#454=VECTOR('',#1681,10.);
#455=VECTOR('',#1682,10.);
#456=VECTOR('',#1683,10.);
#457=VECTOR('',#1684,10.);
#458=VECTOR('',#1687,10.);
#459=VECTOR('',#1688,10.);
#460=VECTOR('',#1691,10.);
#461=VECTOR('',#1692,10.);
#462=VECTOR('',#1693,10.);
#463=VECTOR('',#1696,10.);
#464=VECTOR('',#1697,10.);
#465=VECTOR('',#1698,10.);
#466=VECTOR('',#1699,10.);
#467=VECTOR('',#1700,10.);
#468=VECTOR('',#1703,10.);
#469=VECTOR('',#1704,10.);
#470=VECTOR('',#1705,10.);
#471=VECTOR('',#1706,10.);
#472=VECTOR('',#1709,10.);
#473=VECTOR('',#1710,10.);
#474=VECTOR('',#1713,10.);
#475=VECTOR('',#1714,10.);
#476=VECTOR('',#1715,10.);
#477=VECTOR('',#1716,10.);
#478=VECTOR('',#1719,10.);
#479=VECTOR('',#1720,10.);
#480=VECTOR('',#1721,10.);
#481=VECTOR('',#1722,10.);
#482=VECTOR('',#1725,10.);
#483=VECTOR('',#1728,10.);
#484=VECTOR('',#1733,10.);
#485=VECTOR('',#1734,10.);
#486=VECTOR('',#1735,10.);
#487=VECTOR('',#1736,10.);
#488=VECTOR('',#1737,10.);
#489=VECTOR('',#1738,10.);
#490=VECTOR('',#1739,10.);
#491=VECTOR('',#1740,10.);
#492=VECTOR('',#1741,10.);
#493=VECTOR('',#1742,10.);
#494=VECTOR('',#1743,10.);
#495=VECTOR('',#1744,10.);
#496=VECTOR('',#1745,10.);
#497=VECTOR('',#1748,10.);
#498=VECTOR('',#1749,10.);
#499=VECTOR('',#1750,10.);
#500=VECTOR('',#1753,2.375);
#501=VECTOR('',#1760,2.375);
#502=VECTOR('',#1769,2.375);
#503=VECTOR('',#1778,2.375);
#504=VECTOR('',#1785,10.);
#505=VECTOR('',#1786,10.);
#506=VECTOR('',#1787,10.);
#507=VECTOR('',#1790,10.);
#508=VECTOR('',#1791,10.);
#509=VECTOR('',#1792,10.);
#510=VECTOR('',#1797,10.);
#511=VECTOR('',#1800,10.);
#512=VECTOR('',#1801,10.);
#513=VECTOR('',#1804,10.);
#514=VECTOR('',#1805,10.);
#515=VECTOR('',#1806,10.);
#516=VECTOR('',#1807,10.);
#517=VECTOR('',#1808,10.);
#518=VECTOR('',#1809,10.);
#519=VECTOR('',#1810,10.);
#520=VECTOR('',#1813,10.);
#521=VECTOR('',#1814,10.);
#522=VECTOR('',#1815,10.);
#523=VECTOR('',#1816,10.);
#524=VECTOR('',#1819,10.);
#525=VECTOR('',#1826,10.);
#526=VECTOR('',#1829,10.);
#527=VECTOR('',#1830,10.);
#528=VECTOR('',#1831,10.);
#529=VECTOR('',#1834,10.);
#530=VECTOR('',#1847,10.);
#531=VECTOR('',#1848,10.);
#532=VECTOR('',#1849,10.);
#533=VECTOR('',#1852,10.);
#534=VECTOR('',#1853,10.);
#535=VECTOR('',#1854,10.);
#536=VECTOR('',#1867,10.);
#537=VECTOR('',#1870,9.5);
#538=VECTOR('',#1873,10.);
#539=VECTOR('',#1876,10.);
#540=VECTOR('',#1877,10.);
#541=VECTOR('',#1878,10.);
#542=VECTOR('',#1881,10.);
#543=VECTOR('',#1882,10.);
#544=VECTOR('',#1887,10.);
#545=VECTOR('',#1894,10.);
#546=VECTOR('',#1899,10.);
#547=VECTOR('',#1900,10.);
#548=VECTOR('',#1903,10.);
#549=VECTOR('',#1904,10.);
#550=VECTOR('',#1905,10.);
#551=VECTOR('',#1912,10.);
#552=VECTOR('',#1915,10.);
#553=VECTOR('',#1920,10.);
#554=VECTOR('',#1923,10.);
#555=VECTOR('',#1924,10.);
#556=VECTOR('',#1927,10.);
#557=VERTEX_POINT('',#1932);
#558=VERTEX_POINT('',#1933);
#559=VERTEX_POINT('',#1935);
#560=VERTEX_POINT('',#1937);
#561=VERTEX_POINT('',#1941);
#562=VERTEX_POINT('',#1942);
#563=VERTEX_POINT('',#1944);
#564=VERTEX_POINT('',#1946);
#565=VERTEX_POINT('',#1950);
#566=VERTEX_POINT('',#1951);
#567=VERTEX_POINT('',#1953);
#568=VERTEX_POINT('',#1955);
#569=VERTEX_POINT('',#1959);
#570=VERTEX_POINT('',#1960);
#571=VERTEX_POINT('',#1962);
#572=VERTEX_POINT('',#1964);
#573=VERTEX_POINT('',#1969);
#574=VERTEX_POINT('',#1971);
#575=VERTEX_POINT('',#1973);
#576=VERTEX_POINT('',#1975);
#577=VERTEX_POINT('',#1977);
#578=VERTEX_POINT('',#1979);
#579=VERTEX_POINT('',#1981);
#580=VERTEX_POINT('',#1983);
#581=VERTEX_POINT('',#1985);
#582=VERTEX_POINT('',#1987);
#583=VERTEX_POINT('',#1989);
#584=VERTEX_POINT('',#1991);
#585=VERTEX_POINT('',#1993);
#586=VERTEX_POINT('',#1995);
#587=VERTEX_POINT('',#1997);
#588=VERTEX_POINT('',#2000);
#589=VERTEX_POINT('',#2002);
#590=VERTEX_POINT('',#2005);
#591=VERTEX_POINT('',#2009);
#592=VERTEX_POINT('',#2012);
#593=VERTEX_POINT('',#2014);
#594=VERTEX_POINT('',#2018);
#595=VERTEX_POINT('',#2020);
#596=VERTEX_POINT('',#2024);
#597=VERTEX_POINT('',#2028);
#598=VERTEX_POINT('',#2030);
#599=VERTEX_POINT('',#2032);
#600=VERTEX_POINT('',#2036);
#601=VERTEX_POINT('',#2040);
#602=VERTEX_POINT('',#2047);
#603=VERTEX_POINT('',#2049);
#604=VERTEX_POINT('',#2055);
#605=VERTEX_POINT('',#2057);
#606=VERTEX_POINT('',#2059);
#607=VERTEX_POINT('',#2061);
#608=VERTEX_POINT('',#2065);
#609=VERTEX_POINT('',#2066);
#610=VERTEX_POINT('',#2071);
#611=VERTEX_POINT('',#2072);
#612=VERTEX_POINT('',#2074);
#613=VERTEX_POINT('',#2076);
#614=VERTEX_POINT('',#2080);
#615=VERTEX_POINT('',#2081);
#616=VERTEX_POINT('',#2086);
#617=VERTEX_POINT('',#2087);
#618=VERTEX_POINT('',#2089);
#619=VERTEX_POINT('',#2091);
#620=VERTEX_POINT('',#2095);
#621=VERTEX_POINT('',#2099);
#622=VERTEX_POINT('',#2101);
#623=VERTEX_POINT('',#2105);
#624=VERTEX_POINT('',#2107);
#625=VERTEX_POINT('',#2110);
#626=VERTEX_POINT('',#2114);
#627=VERTEX_POINT('',#2116);
#628=VERTEX_POINT('',#2118);
#629=VERTEX_POINT('',#2122);
#630=VERTEX_POINT('',#2126);
#631=VERTEX_POINT('',#2128);
#632=VERTEX_POINT('',#2130);
#633=VERTEX_POINT('',#2134);
#634=VERTEX_POINT('',#2145);
#635=VERTEX_POINT('',#2147);
#636=VERTEX_POINT('',#2149);
#637=VERTEX_POINT('',#2151);
#638=VERTEX_POINT('',#2153);
#639=VERTEX_POINT('',#2155);
#640=VERTEX_POINT('',#2158);
#641=VERTEX_POINT('',#2160);
#642=VERTEX_POINT('',#2162);
#643=VERTEX_POINT('',#2164);
#644=VERTEX_POINT('',#2169);
#645=VERTEX_POINT('',#2171);
#646=VERTEX_POINT('',#2175);
#647=VERTEX_POINT('',#2180);
#648=VERTEX_POINT('',#2185);
#649=VERTEX_POINT('',#2187);
#650=VERTEX_POINT('',#2192);
#651=VERTEX_POINT('',#2194);
#652=VERTEX_POINT('',#2199);
#653=VERTEX_POINT('',#2200);
#654=VERTEX_POINT('',#2205);
#655=VERTEX_POINT('',#2207);
#656=VERTEX_POINT('',#2211);
#657=VERTEX_POINT('',#2215);
#658=VERTEX_POINT('',#2219);
#659=VERTEX_POINT('',#2220);
#660=VERTEX_POINT('',#2222);
#661=VERTEX_POINT('',#2224);
#662=VERTEX_POINT('',#2227);
#663=VERTEX_POINT('',#2229);
#664=VERTEX_POINT('',#2233);
#665=VERTEX_POINT('',#2236);
#666=VERTEX_POINT('',#2243);
#667=VERTEX_POINT('',#2247);
#668=VERTEX_POINT('',#2255);
#669=VERTEX_POINT('',#2259);
#670=VERTEX_POINT('',#2261);
#671=VERTEX_POINT('',#2263);
#672=VERTEX_POINT('',#2265);
#673=VERTEX_POINT('',#2267);
#674=VERTEX_POINT('',#2269);
#675=VERTEX_POINT('',#2271);
#676=VERTEX_POINT('',#2273);
#677=VERTEX_POINT('',#2277);
#678=VERTEX_POINT('',#2284);
#679=VERTEX_POINT('',#2291);
#680=VERTEX_POINT('',#2293);
#681=VERTEX_POINT('',#2297);
#682=VERTEX_POINT('',#2304);
#683=VERTEX_POINT('',#2306);
#684=VERTEX_POINT('',#2317);
#685=VERTEX_POINT('',#2320);
#686=VERTEX_POINT('',#2322);
#687=VERTEX_POINT('',#2333);
#688=VERTEX_POINT('',#2342);
#689=VERTEX_POINT('',#2344);
#690=VERTEX_POINT('',#2351);
#691=VERTEX_POINT('',#2357);
#692=VERTEX_POINT('',#2361);
#693=VERTEX_POINT('',#2366);
#694=VERTEX_POINT('',#2379);
#695=EDGE_CURVE('',#557,#558,#207,.T.);
#696=EDGE_CURVE('',#557,#559,#208,.T.);
#697=EDGE_CURVE('',#560,#559,#209,.T.);
#698=EDGE_CURVE('',#558,#560,#210,.T.);
#699=EDGE_CURVE('',#561,#562,#211,.T.);
#700=EDGE_CURVE('',#563,#561,#212,.T.);
#701=EDGE_CURVE('',#564,#563,#213,.T.);
#702=EDGE_CURVE('',#564,#562,#214,.T.);
#703=EDGE_CURVE('',#565,#566,#215,.T.);
#704=EDGE_CURVE('',#567,#565,#216,.T.);
#705=EDGE_CURVE('',#568,#567,#217,.T.);
#706=EDGE_CURVE('',#568,#566,#218,.T.);
#707=EDGE_CURVE('',#569,#570,#219,.T.);
#708=EDGE_CURVE('',#569,#571,#220,.T.);
#709=EDGE_CURVE('',#572,#571,#221,.T.);
#710=EDGE_CURVE('',#570,#572,#222,.T.);
#711=EDGE_CURVE('',#559,#568,#223,.T.);
#712=EDGE_CURVE('',#567,#573,#224,.T.);
#713=EDGE_CURVE('',#573,#574,#225,.T.);
#714=EDGE_CURVE('',#574,#575,#226,.T.);
#715=EDGE_CURVE('',#575,#576,#227,.T.);
#716=EDGE_CURVE('',#576,#577,#38,.T.);
#717=EDGE_CURVE('',#577,#578,#228,.T.);
#718=EDGE_CURVE('',#578,#579,#39,.T.);
#719=EDGE_CURVE('',#579,#580,#229,.T.);
#720=EDGE_CURVE('',#580,#581,#230,.T.);
#721=EDGE_CURVE('',#581,#582,#231,.T.);
#722=EDGE_CURVE('',#582,#583,#232,.T.);
#723=EDGE_CURVE('',#583,#584,#233,.T.);
#724=EDGE_CURVE('',#584,#585,#234,.T.);
#725=EDGE_CURVE('',#585,#586,#235,.T.);
#726=EDGE_CURVE('',#586,#587,#236,.T.);
#727=EDGE_CURVE('',#587,#560,#237,.T.);
#728=EDGE_CURVE('',#588,#588,#40,.T.);
#729=EDGE_CURVE('',#589,#589,#41,.T.);
#730=EDGE_CURVE('',#587,#590,#238,.T.);
#731=EDGE_CURVE('',#590,#558,#239,.T.);
#732=EDGE_CURVE('',#591,#572,#240,.T.);
#733=EDGE_CURVE('',#573,#591,#241,.T.);
#734=EDGE_CURVE('',#565,#592,#242,.T.);
#735=EDGE_CURVE('',#592,#593,#243,.T.);
#736=EDGE_CURVE('',#593,#570,#244,.T.);
#737=EDGE_CURVE('',#561,#594,#245,.T.);
#738=EDGE_CURVE('',#594,#595,#246,.T.);
#739=EDGE_CURVE('',#563,#595,#247,.T.);
#740=EDGE_CURVE('',#593,#596,#248,.T.);
#741=EDGE_CURVE('',#569,#596,#249,.T.);
#742=EDGE_CURVE('',#597,#562,#250,.T.);
#743=EDGE_CURVE('',#597,#598,#251,.T.);
#744=EDGE_CURVE('',#599,#598,#252,.T.);
#745=EDGE_CURVE('',#594,#599,#253,.T.);
#746=EDGE_CURVE('',#566,#600,#254,.T.);
#747=EDGE_CURVE('',#600,#592,#255,.T.);
#748=EDGE_CURVE('',#601,#557,#256,.T.);
#749=EDGE_CURVE('',#597,#601,#257,.T.);
#750=EDGE_CURVE('',#571,#564,#258,.T.);
#751=EDGE_CURVE('',#596,#600,#259,.T.);
#752=EDGE_CURVE('',#602,#590,#260,.T.);
#753=EDGE_CURVE('',#603,#602,#261,.T.);
#754=EDGE_CURVE('',#601,#603,#262,.T.);
#755=EDGE_CURVE('',#598,#603,#263,.T.);
#756=EDGE_CURVE('',#604,#602,#264,.T.);
#757=EDGE_CURVE('',#604,#605,#265,.T.);
#758=EDGE_CURVE('',#605,#606,#266,.T.);
#759=EDGE_CURVE('',#607,#606,#267,.T.);
#760=EDGE_CURVE('',#599,#607,#268,.T.);
#761=EDGE_CURVE('',#608,#609,#269,.T.);
#762=EDGE_CURVE('',#608,#583,#270,.T.);
#763=EDGE_CURVE('',#609,#582,#271,.T.);
#764=EDGE_CURVE('',#610,#611,#272,.T.);
#765=EDGE_CURVE('',#612,#610,#273,.T.);
#766=EDGE_CURVE('',#613,#612,#274,.T.);
#767=EDGE_CURVE('',#613,#611,#275,.T.);
#768=EDGE_CURVE('',#614,#615,#276,.T.);
#769=EDGE_CURVE('',#585,#614,#277,.T.);
#770=EDGE_CURVE('',#584,#615,#278,.T.);
#771=EDGE_CURVE('',#616,#617,#279,.T.);
#772=EDGE_CURVE('',#616,#618,#280,.T.);
#773=EDGE_CURVE('',#619,#618,#281,.T.);
#774=EDGE_CURVE('',#617,#619,#282,.T.);
#775=EDGE_CURVE('',#614,#620,#283,.T.);
#776=EDGE_CURVE('',#620,#586,#284,.T.);
#777=EDGE_CURVE('',#621,#619,#285,.T.);
#778=EDGE_CURVE('',#621,#622,#286,.T.);
#779=EDGE_CURVE('',#622,#617,#287,.T.);
#780=EDGE_CURVE('',#610,#623,#288,.T.);
#781=EDGE_CURVE('',#623,#624,#289,.T.);
#782=EDGE_CURVE('',#624,#609,#290,.T.);
#783=EDGE_CURVE('',#581,#625,#291,.T.);
#784=EDGE_CURVE('',#612,#625,#292,.T.);
#785=EDGE_CURVE('',#626,#622,#293,.T.);
#786=EDGE_CURVE('',#627,#626,#294,.T.);
#787=EDGE_CURVE('',#627,#628,#295,.T.);
#788=EDGE_CURVE('',#628,#616,#296,.T.);
#789=EDGE_CURVE('',#611,#629,#297,.T.);
#790=EDGE_CURVE('',#629,#623,#298,.T.);
#791=EDGE_CURVE('',#630,#615,#299,.T.);
#792=EDGE_CURVE('',#631,#630,#300,.T.);
#793=EDGE_CURVE('',#632,#631,#301,.T.);
#794=EDGE_CURVE('',#620,#632,#302,.T.);
#795=EDGE_CURVE('',#608,#633,#303,.T.);
#796=EDGE_CURVE('',#633,#629,#304,.T.);
#797=EDGE_CURVE('',#618,#613,#305,.T.);
#798=EDGE_CURVE('',#630,#628,#306,.T.);
#799=EDGE_CURVE('',#624,#633,#307,.T.);
#800=EDGE_CURVE('',#631,#627,#308,.T.);
#801=EDGE_CURVE('',#607,#634,#309,.T.);
#802=EDGE_CURVE('',#634,#635,#310,.T.);
#803=EDGE_CURVE('',#635,#636,#311,.T.);
#804=EDGE_CURVE('',#636,#637,#312,.T.);
#805=EDGE_CURVE('',#637,#638,#313,.T.);
#806=EDGE_CURVE('',#638,#639,#314,.T.);
#807=EDGE_CURVE('',#639,#604,#315,.T.);
#808=EDGE_CURVE('',#632,#640,#316,.T.);
#809=EDGE_CURVE('',#640,#641,#317,.T.);
#810=EDGE_CURVE('',#641,#642,#318,.T.);
#811=EDGE_CURVE('',#642,#643,#319,.T.);
#812=EDGE_CURVE('',#643,#626,#320,.T.);
#813=EDGE_CURVE('',#595,#621,#321,.T.);
#814=EDGE_CURVE('',#643,#644,#322,.T.);
#815=EDGE_CURVE('',#644,#645,#323,.T.);
#816=EDGE_CURVE('',#640,#645,#324,.T.);
#817=EDGE_CURVE('',#588,#646,#325,.T.);
#818=EDGE_CURVE('',#646,#646,#42,.T.);
#819=EDGE_CURVE('',#589,#647,#326,.T.);
#820=EDGE_CURVE('',#647,#647,#43,.T.);
#821=EDGE_CURVE('',#648,#648,#44,.T.);
#822=EDGE_CURVE('',#648,#649,#327,.T.);
#823=EDGE_CURVE('',#649,#649,#45,.T.);
#824=EDGE_CURVE('',#650,#650,#46,.T.);
#825=EDGE_CURVE('',#650,#651,#328,.T.);
#826=EDGE_CURVE('',#651,#651,#47,.T.);
#827=EDGE_CURVE('',#652,#653,#329,.T.);
#828=EDGE_CURVE('',#645,#652,#330,.T.);
#829=EDGE_CURVE('',#653,#644,#331,.T.);
#830=EDGE_CURVE('',#653,#654,#332,.T.);
#831=EDGE_CURVE('',#642,#655,#333,.T.);
#832=EDGE_CURVE('',#654,#655,#334,.T.);
#833=EDGE_CURVE('',#655,#656,#48,.T.);
#834=EDGE_CURVE('',#641,#656,#335,.T.);
#835=EDGE_CURVE('',#657,#652,#336,.T.);
#836=EDGE_CURVE('',#656,#657,#337,.T.);
#837=EDGE_CURVE('',#658,#659,#338,.T.);
#838=EDGE_CURVE('',#660,#658,#339,.T.);
#839=EDGE_CURVE('',#661,#660,#340,.T.);
#840=EDGE_CURVE('',#606,#661,#341,.T.);
#841=EDGE_CURVE('',#662,#605,#342,.T.);
#842=EDGE_CURVE('',#663,#662,#343,.T.);
#843=EDGE_CURVE('',#659,#663,#344,.T.);
#844=EDGE_CURVE('',#659,#664,#345,.T.);
#845=EDGE_CURVE('',#638,#663,#346,.T.);
#846=EDGE_CURVE('',#637,#665,#347,.T.);
#847=EDGE_CURVE('',#664,#665,#348,.T.);
#848=EDGE_CURVE('',#639,#662,#349,.T.);
#849=EDGE_CURVE('',#665,#666,#49,.T.);
#850=EDGE_CURVE('',#636,#666,#350,.T.);
#851=EDGE_CURVE('',#667,#658,#351,.T.);
#852=EDGE_CURVE('',#666,#667,#352,.T.);
#853=EDGE_CURVE('',#635,#660,#353,.T.);
#854=EDGE_CURVE('',#634,#661,#354,.T.);
#855=EDGE_CURVE('',#668,#654,#50,.T.);
#856=EDGE_CURVE('',#657,#668,#51,.T.);
#857=EDGE_CURVE('',#669,#664,#52,.T.);
#858=EDGE_CURVE('',#670,#669,#355,.T.);
#859=EDGE_CURVE('',#671,#670,#356,.T.);
#860=EDGE_CURVE('',#672,#671,#357,.T.);
#861=EDGE_CURVE('',#673,#672,#53,.T.);
#862=EDGE_CURVE('',#674,#673,#358,.T.);
#863=EDGE_CURVE('',#675,#674,#359,.T.);
#864=EDGE_CURVE('',#676,#675,#360,.T.);
#865=EDGE_CURVE('',#667,#676,#54,.T.);
#866=EDGE_CURVE('',#673,#677,#18,.T.);
#867=EDGE_CURVE('',#678,#672,#19,.T.);
#868=EDGE_CURVE('',#679,#678,#15,.T.);
#869=EDGE_CURVE('',#680,#679,#16,.T.);
#870=EDGE_CURVE('',#677,#680,#17,.T.);
#871=EDGE_CURVE('',#681,#676,#20,.T.);
#872=EDGE_CURVE('',#682,#681,#361,.T.);
#873=EDGE_CURVE('',#683,#682,#21,.T.);
#874=EDGE_CURVE('',#684,#683,#55,.T.);
#875=EDGE_CURVE('',#684,#668,#362,.T.);
#876=EDGE_CURVE('',#685,#684,#56,.T.);
#877=EDGE_CURVE('',#686,#685,#22,.T.);
#878=EDGE_CURVE('',#687,#686,#363,.T.);
#879=EDGE_CURVE('',#669,#687,#23,.T.);
#880=EDGE_CURVE('',#681,#688,#364,.T.);
#881=EDGE_CURVE('',#689,#688,#365,.T.);
#882=EDGE_CURVE('',#682,#689,#366,.T.);
#883=EDGE_CURVE('',#579,#685,#367,.T.);
#884=EDGE_CURVE('',#578,#686,#368,.T.);
#885=EDGE_CURVE('',#690,#689,#57,.T.);
#886=EDGE_CURVE('',#683,#690,#369,.T.);
#887=EDGE_CURVE('',#675,#674,#58,.T.);
#888=EDGE_CURVE('',#677,#691,#370,.T.);
#889=EDGE_CURVE('',#688,#691,#59,.T.);
#890=EDGE_CURVE('',#680,#692,#371,.T.);
#891=EDGE_CURVE('',#691,#692,#372,.T.);
#892=EDGE_CURVE('',#575,#679,#373,.T.);
#893=EDGE_CURVE('',#574,#693,#374,.T.);
#894=EDGE_CURVE('',#692,#693,#375,.T.);
#895=EDGE_CURVE('',#671,#670,#60,.T.);
#896=EDGE_CURVE('',#576,#678,#376,.T.);
#897=EDGE_CURVE('',#577,#687,#377,.T.);
#898=EDGE_CURVE('',#693,#591,#378,.T.);
#899=EDGE_CURVE('',#694,#690,#379,.T.);
#900=EDGE_CURVE('',#580,#694,#380,.T.);
#901=EDGE_CURVE('',#625,#694,#381,.T.);
#902=ORIENTED_EDGE('',*,*,#695,.F.);
#903=ORIENTED_EDGE('',*,*,#696,.T.);
#904=ORIENTED_EDGE('',*,*,#697,.F.);
#905=ORIENTED_EDGE('',*,*,#698,.F.);
#906=ORIENTED_EDGE('',*,*,#699,.F.);
#907=ORIENTED_EDGE('',*,*,#700,.F.);
#908=ORIENTED_EDGE('',*,*,#701,.F.);
#909=ORIENTED_EDGE('',*,*,#702,.T.);
#910=ORIENTED_EDGE('',*,*,#703,.F.);
#911=ORIENTED_EDGE('',*,*,#704,.F.);
#912=ORIENTED_EDGE('',*,*,#705,.F.);
#913=ORIENTED_EDGE('',*,*,#706,.T.);
#914=ORIENTED_EDGE('',*,*,#707,.F.);
#915=ORIENTED_EDGE('',*,*,#708,.T.);
#916=ORIENTED_EDGE('',*,*,#709,.F.);
#917=ORIENTED_EDGE('',*,*,#710,.F.);
#918=ORIENTED_EDGE('',*,*,#697,.T.);
#919=ORIENTED_EDGE('',*,*,#711,.T.);
#920=ORIENTED_EDGE('',*,*,#705,.T.);
#921=ORIENTED_EDGE('',*,*,#712,.T.);
#922=ORIENTED_EDGE('',*,*,#713,.T.);
#923=ORIENTED_EDGE('',*,*,#714,.T.);
#924=ORIENTED_EDGE('',*,*,#715,.T.);
#925=ORIENTED_EDGE('',*,*,#716,.T.);
#926=ORIENTED_EDGE('',*,*,#717,.T.);
#927=ORIENTED_EDGE('',*,*,#718,.T.);
#928=ORIENTED_EDGE('',*,*,#719,.T.);
#929=ORIENTED_EDGE('',*,*,#720,.T.);
#930=ORIENTED_EDGE('',*,*,#721,.T.);
#931=ORIENTED_EDGE('',*,*,#722,.T.);
#932=ORIENTED_EDGE('',*,*,#723,.T.);
#933=ORIENTED_EDGE('',*,*,#724,.T.);
#934=ORIENTED_EDGE('',*,*,#725,.T.);
#935=ORIENTED_EDGE('',*,*,#726,.T.);
#936=ORIENTED_EDGE('',*,*,#727,.T.);
#937=ORIENTED_EDGE('',*,*,#728,.T.);
#938=ORIENTED_EDGE('',*,*,#729,.T.);
#939=ORIENTED_EDGE('',*,*,#698,.T.);
#940=ORIENTED_EDGE('',*,*,#727,.F.);
#941=ORIENTED_EDGE('',*,*,#730,.T.);
#942=ORIENTED_EDGE('',*,*,#731,.T.);
#943=ORIENTED_EDGE('',*,*,#710,.T.);
#944=ORIENTED_EDGE('',*,*,#732,.F.);
#945=ORIENTED_EDGE('',*,*,#733,.F.);
#946=ORIENTED_EDGE('',*,*,#712,.F.);
#947=ORIENTED_EDGE('',*,*,#704,.T.);
#948=ORIENTED_EDGE('',*,*,#734,.T.);
#949=ORIENTED_EDGE('',*,*,#735,.T.);
#950=ORIENTED_EDGE('',*,*,#736,.T.);
#951=ORIENTED_EDGE('',*,*,#700,.T.);
#952=ORIENTED_EDGE('',*,*,#737,.T.);
#953=ORIENTED_EDGE('',*,*,#738,.T.);
#954=ORIENTED_EDGE('',*,*,#739,.F.);
#955=ORIENTED_EDGE('',*,*,#707,.T.);
#956=ORIENTED_EDGE('',*,*,#736,.F.);
#957=ORIENTED_EDGE('',*,*,#740,.T.);
#958=ORIENTED_EDGE('',*,*,#741,.F.);
#959=ORIENTED_EDGE('',*,*,#699,.T.);
#960=ORIENTED_EDGE('',*,*,#742,.F.);
#961=ORIENTED_EDGE('',*,*,#743,.T.);
#962=ORIENTED_EDGE('',*,*,#744,.F.);
#963=ORIENTED_EDGE('',*,*,#745,.F.);
#964=ORIENTED_EDGE('',*,*,#737,.F.);
#965=ORIENTED_EDGE('',*,*,#703,.T.);
#966=ORIENTED_EDGE('',*,*,#746,.T.);
#967=ORIENTED_EDGE('',*,*,#747,.T.);
#968=ORIENTED_EDGE('',*,*,#734,.F.);
#969=ORIENTED_EDGE('',*,*,#748,.F.);
#970=ORIENTED_EDGE('',*,*,#749,.F.);
#971=ORIENTED_EDGE('',*,*,#742,.T.);
#972=ORIENTED_EDGE('',*,*,#702,.F.);
#973=ORIENTED_EDGE('',*,*,#750,.F.);
#974=ORIENTED_EDGE('',*,*,#708,.F.);
#975=ORIENTED_EDGE('',*,*,#741,.T.);
#976=ORIENTED_EDGE('',*,*,#751,.T.);
#977=ORIENTED_EDGE('',*,*,#746,.F.);
#978=ORIENTED_EDGE('',*,*,#706,.F.);
#979=ORIENTED_EDGE('',*,*,#711,.F.);
#980=ORIENTED_EDGE('',*,*,#696,.F.);
#981=ORIENTED_EDGE('',*,*,#751,.F.);
#982=ORIENTED_EDGE('',*,*,#740,.F.);
#983=ORIENTED_EDGE('',*,*,#735,.F.);
#984=ORIENTED_EDGE('',*,*,#747,.F.);
#985=ORIENTED_EDGE('',*,*,#695,.T.);
#986=ORIENTED_EDGE('',*,*,#731,.F.);
#987=ORIENTED_EDGE('',*,*,#752,.F.);
#988=ORIENTED_EDGE('',*,*,#753,.F.);
#989=ORIENTED_EDGE('',*,*,#754,.F.);
#990=ORIENTED_EDGE('',*,*,#748,.T.);
#991=ORIENTED_EDGE('',*,*,#749,.T.);
#992=ORIENTED_EDGE('',*,*,#754,.T.);
#993=ORIENTED_EDGE('',*,*,#755,.F.);
#994=ORIENTED_EDGE('',*,*,#743,.F.);
#995=ORIENTED_EDGE('',*,*,#744,.T.);
#996=ORIENTED_EDGE('',*,*,#755,.T.);
#997=ORIENTED_EDGE('',*,*,#753,.T.);
#998=ORIENTED_EDGE('',*,*,#756,.F.);
#999=ORIENTED_EDGE('',*,*,#757,.T.);
#1000=ORIENTED_EDGE('',*,*,#758,.T.);
#1001=ORIENTED_EDGE('',*,*,#759,.F.);
#1002=ORIENTED_EDGE('',*,*,#760,.F.);
#1003=ORIENTED_EDGE('',*,*,#761,.F.);
#1004=ORIENTED_EDGE('',*,*,#762,.T.);
#1005=ORIENTED_EDGE('',*,*,#722,.F.);
#1006=ORIENTED_EDGE('',*,*,#763,.F.);
#1007=ORIENTED_EDGE('',*,*,#764,.F.);
#1008=ORIENTED_EDGE('',*,*,#765,.F.);
#1009=ORIENTED_EDGE('',*,*,#766,.F.);
#1010=ORIENTED_EDGE('',*,*,#767,.T.);
#1011=ORIENTED_EDGE('',*,*,#768,.F.);
#1012=ORIENTED_EDGE('',*,*,#769,.F.);
#1013=ORIENTED_EDGE('',*,*,#724,.F.);
#1014=ORIENTED_EDGE('',*,*,#770,.T.);
#1015=ORIENTED_EDGE('',*,*,#771,.F.);
#1016=ORIENTED_EDGE('',*,*,#772,.T.);
#1017=ORIENTED_EDGE('',*,*,#773,.F.);
#1018=ORIENTED_EDGE('',*,*,#774,.F.);
#1019=ORIENTED_EDGE('',*,*,#769,.T.);
#1020=ORIENTED_EDGE('',*,*,#775,.T.);
#1021=ORIENTED_EDGE('',*,*,#776,.T.);
#1022=ORIENTED_EDGE('',*,*,#725,.F.);
#1023=ORIENTED_EDGE('',*,*,#774,.T.);
#1024=ORIENTED_EDGE('',*,*,#777,.F.);
#1025=ORIENTED_EDGE('',*,*,#778,.T.);
#1026=ORIENTED_EDGE('',*,*,#779,.T.);
#1027=ORIENTED_EDGE('',*,*,#765,.T.);
#1028=ORIENTED_EDGE('',*,*,#780,.T.);
#1029=ORIENTED_EDGE('',*,*,#781,.T.);
#1030=ORIENTED_EDGE('',*,*,#782,.T.);
#1031=ORIENTED_EDGE('',*,*,#763,.T.);
#1032=ORIENTED_EDGE('',*,*,#721,.F.);
#1033=ORIENTED_EDGE('',*,*,#783,.T.);
#1034=ORIENTED_EDGE('',*,*,#784,.F.);
#1035=ORIENTED_EDGE('',*,*,#771,.T.);
#1036=ORIENTED_EDGE('',*,*,#779,.F.);
#1037=ORIENTED_EDGE('',*,*,#785,.F.);
#1038=ORIENTED_EDGE('',*,*,#786,.F.);
#1039=ORIENTED_EDGE('',*,*,#787,.T.);
#1040=ORIENTED_EDGE('',*,*,#788,.T.);
#1041=ORIENTED_EDGE('',*,*,#764,.T.);
#1042=ORIENTED_EDGE('',*,*,#789,.T.);
#1043=ORIENTED_EDGE('',*,*,#790,.T.);
#1044=ORIENTED_EDGE('',*,*,#780,.F.);
#1045=ORIENTED_EDGE('',*,*,#768,.T.);
#1046=ORIENTED_EDGE('',*,*,#791,.F.);
#1047=ORIENTED_EDGE('',*,*,#792,.F.);
#1048=ORIENTED_EDGE('',*,*,#793,.F.);
#1049=ORIENTED_EDGE('',*,*,#794,.F.);
#1050=ORIENTED_EDGE('',*,*,#775,.F.);
#1051=ORIENTED_EDGE('',*,*,#795,.T.);
#1052=ORIENTED_EDGE('',*,*,#796,.T.);
#1053=ORIENTED_EDGE('',*,*,#789,.F.);
#1054=ORIENTED_EDGE('',*,*,#767,.F.);
#1055=ORIENTED_EDGE('',*,*,#797,.F.);
#1056=ORIENTED_EDGE('',*,*,#772,.F.);
#1057=ORIENTED_EDGE('',*,*,#788,.F.);
#1058=ORIENTED_EDGE('',*,*,#798,.F.);
#1059=ORIENTED_EDGE('',*,*,#791,.T.);
#1060=ORIENTED_EDGE('',*,*,#770,.F.);
#1061=ORIENTED_EDGE('',*,*,#723,.F.);
#1062=ORIENTED_EDGE('',*,*,#762,.F.);
#1063=ORIENTED_EDGE('',*,*,#781,.F.);
#1064=ORIENTED_EDGE('',*,*,#790,.F.);
#1065=ORIENTED_EDGE('',*,*,#796,.F.);
#1066=ORIENTED_EDGE('',*,*,#799,.F.);
#1067=ORIENTED_EDGE('',*,*,#798,.T.);
#1068=ORIENTED_EDGE('',*,*,#787,.F.);
#1069=ORIENTED_EDGE('',*,*,#800,.F.);
#1070=ORIENTED_EDGE('',*,*,#792,.T.);
#1071=ORIENTED_EDGE('',*,*,#761,.T.);
#1072=ORIENTED_EDGE('',*,*,#782,.F.);
#1073=ORIENTED_EDGE('',*,*,#799,.T.);
#1074=ORIENTED_EDGE('',*,*,#795,.F.);
#1075=ORIENTED_EDGE('',*,*,#745,.T.);
#1076=ORIENTED_EDGE('',*,*,#760,.T.);
#1077=ORIENTED_EDGE('',*,*,#801,.T.);
#1078=ORIENTED_EDGE('',*,*,#802,.T.);
#1079=ORIENTED_EDGE('',*,*,#803,.T.);
#1080=ORIENTED_EDGE('',*,*,#804,.T.);
#1081=ORIENTED_EDGE('',*,*,#805,.T.);
#1082=ORIENTED_EDGE('',*,*,#806,.T.);
#1083=ORIENTED_EDGE('',*,*,#807,.T.);
#1084=ORIENTED_EDGE('',*,*,#756,.T.);
#1085=ORIENTED_EDGE('',*,*,#752,.T.);
#1086=ORIENTED_EDGE('',*,*,#730,.F.);
#1087=ORIENTED_EDGE('',*,*,#726,.F.);
#1088=ORIENTED_EDGE('',*,*,#776,.F.);
#1089=ORIENTED_EDGE('',*,*,#794,.T.);
#1090=ORIENTED_EDGE('',*,*,#808,.T.);
#1091=ORIENTED_EDGE('',*,*,#809,.T.);
#1092=ORIENTED_EDGE('',*,*,#810,.T.);
#1093=ORIENTED_EDGE('',*,*,#811,.T.);
#1094=ORIENTED_EDGE('',*,*,#812,.T.);
#1095=ORIENTED_EDGE('',*,*,#785,.T.);
#1096=ORIENTED_EDGE('',*,*,#778,.F.);
#1097=ORIENTED_EDGE('',*,*,#813,.F.);
#1098=ORIENTED_EDGE('',*,*,#738,.F.);
#1099=ORIENTED_EDGE('',*,*,#793,.T.);
#1100=ORIENTED_EDGE('',*,*,#800,.T.);
#1101=ORIENTED_EDGE('',*,*,#786,.T.);
#1102=ORIENTED_EDGE('',*,*,#812,.F.);
#1103=ORIENTED_EDGE('',*,*,#814,.T.);
#1104=ORIENTED_EDGE('',*,*,#815,.T.);
#1105=ORIENTED_EDGE('',*,*,#816,.F.);
#1106=ORIENTED_EDGE('',*,*,#808,.F.);
#1107=ORIENTED_EDGE('',*,*,#728,.F.);
#1108=ORIENTED_EDGE('',*,*,#817,.T.);
#1109=ORIENTED_EDGE('',*,*,#818,.T.);
#1110=ORIENTED_EDGE('',*,*,#817,.F.);
#1111=ORIENTED_EDGE('',*,*,#818,.F.);
#1112=ORIENTED_EDGE('',*,*,#729,.F.);
#1113=ORIENTED_EDGE('',*,*,#819,.T.);
#1114=ORIENTED_EDGE('',*,*,#820,.T.);
#1115=ORIENTED_EDGE('',*,*,#819,.F.);
#1116=ORIENTED_EDGE('',*,*,#820,.F.);
#1117=ORIENTED_EDGE('',*,*,#821,.F.);
#1118=ORIENTED_EDGE('',*,*,#822,.T.);
#1119=ORIENTED_EDGE('',*,*,#823,.T.);
#1120=ORIENTED_EDGE('',*,*,#822,.F.);
#1121=ORIENTED_EDGE('',*,*,#823,.F.);
#1122=ORIENTED_EDGE('',*,*,#824,.F.);
#1123=ORIENTED_EDGE('',*,*,#825,.T.);
#1124=ORIENTED_EDGE('',*,*,#826,.T.);
#1125=ORIENTED_EDGE('',*,*,#825,.F.);
#1126=ORIENTED_EDGE('',*,*,#826,.F.);
#1127=ORIENTED_EDGE('',*,*,#827,.F.);
#1128=ORIENTED_EDGE('',*,*,#828,.F.);
#1129=ORIENTED_EDGE('',*,*,#815,.F.);
#1130=ORIENTED_EDGE('',*,*,#829,.F.);
#1131=ORIENTED_EDGE('',*,*,#830,.F.);
#1132=ORIENTED_EDGE('',*,*,#829,.T.);
#1133=ORIENTED_EDGE('',*,*,#814,.F.);
#1134=ORIENTED_EDGE('',*,*,#811,.F.);
#1135=ORIENTED_EDGE('',*,*,#831,.T.);
#1136=ORIENTED_EDGE('',*,*,#832,.F.);
#1137=ORIENTED_EDGE('',*,*,#833,.F.);
#1138=ORIENTED_EDGE('',*,*,#831,.F.);
#1139=ORIENTED_EDGE('',*,*,#810,.F.);
#1140=ORIENTED_EDGE('',*,*,#834,.T.);
#1141=ORIENTED_EDGE('',*,*,#835,.F.);
#1142=ORIENTED_EDGE('',*,*,#836,.F.);
#1143=ORIENTED_EDGE('',*,*,#834,.F.);
#1144=ORIENTED_EDGE('',*,*,#809,.F.);
#1145=ORIENTED_EDGE('',*,*,#816,.T.);
#1146=ORIENTED_EDGE('',*,*,#828,.T.);
#1147=ORIENTED_EDGE('',*,*,#837,.F.);
#1148=ORIENTED_EDGE('',*,*,#838,.F.);
#1149=ORIENTED_EDGE('',*,*,#839,.F.);
#1150=ORIENTED_EDGE('',*,*,#840,.F.);
#1151=ORIENTED_EDGE('',*,*,#758,.F.);
#1152=ORIENTED_EDGE('',*,*,#841,.F.);
#1153=ORIENTED_EDGE('',*,*,#842,.F.);
#1154=ORIENTED_EDGE('',*,*,#843,.F.);
#1155=ORIENTED_EDGE('',*,*,#844,.F.);
#1156=ORIENTED_EDGE('',*,*,#843,.T.);
#1157=ORIENTED_EDGE('',*,*,#845,.F.);
#1158=ORIENTED_EDGE('',*,*,#805,.F.);
#1159=ORIENTED_EDGE('',*,*,#846,.T.);
#1160=ORIENTED_EDGE('',*,*,#847,.F.);
#1161=ORIENTED_EDGE('',*,*,#807,.F.);
#1162=ORIENTED_EDGE('',*,*,#848,.T.);
#1163=ORIENTED_EDGE('',*,*,#841,.T.);
#1164=ORIENTED_EDGE('',*,*,#757,.F.);
#1165=ORIENTED_EDGE('',*,*,#806,.F.);
#1166=ORIENTED_EDGE('',*,*,#845,.T.);
#1167=ORIENTED_EDGE('',*,*,#842,.T.);
#1168=ORIENTED_EDGE('',*,*,#848,.F.);
#1169=ORIENTED_EDGE('',*,*,#849,.F.);
#1170=ORIENTED_EDGE('',*,*,#846,.F.);
#1171=ORIENTED_EDGE('',*,*,#804,.F.);
#1172=ORIENTED_EDGE('',*,*,#850,.T.);
#1173=ORIENTED_EDGE('',*,*,#851,.F.);
#1174=ORIENTED_EDGE('',*,*,#852,.F.);
#1175=ORIENTED_EDGE('',*,*,#850,.F.);
#1176=ORIENTED_EDGE('',*,*,#803,.F.);
#1177=ORIENTED_EDGE('',*,*,#853,.T.);
#1178=ORIENTED_EDGE('',*,*,#838,.T.);
#1179=ORIENTED_EDGE('',*,*,#802,.F.);
#1180=ORIENTED_EDGE('',*,*,#854,.T.);
#1181=ORIENTED_EDGE('',*,*,#839,.T.);
#1182=ORIENTED_EDGE('',*,*,#853,.F.);
#1183=ORIENTED_EDGE('',*,*,#801,.F.);
#1184=ORIENTED_EDGE('',*,*,#759,.T.);
#1185=ORIENTED_EDGE('',*,*,#840,.T.);
#1186=ORIENTED_EDGE('',*,*,#854,.F.);
#1187=ORIENTED_EDGE('',*,*,#835,.T.);
#1188=ORIENTED_EDGE('',*,*,#827,.T.);
#1189=ORIENTED_EDGE('',*,*,#830,.T.);
#1190=ORIENTED_EDGE('',*,*,#855,.F.);
#1191=ORIENTED_EDGE('',*,*,#856,.F.);
#1192=ORIENTED_EDGE('',*,*,#851,.T.);
#1193=ORIENTED_EDGE('',*,*,#837,.T.);
#1194=ORIENTED_EDGE('',*,*,#844,.T.);
#1195=ORIENTED_EDGE('',*,*,#857,.F.);
#1196=ORIENTED_EDGE('',*,*,#858,.F.);
#1197=ORIENTED_EDGE('',*,*,#859,.F.);
#1198=ORIENTED_EDGE('',*,*,#860,.F.);
#1199=ORIENTED_EDGE('',*,*,#861,.F.);
#1200=ORIENTED_EDGE('',*,*,#862,.F.);
#1201=ORIENTED_EDGE('',*,*,#863,.F.);
#1202=ORIENTED_EDGE('',*,*,#864,.F.);
#1203=ORIENTED_EDGE('',*,*,#865,.F.);
#1204=ORIENTED_EDGE('',*,*,#866,.F.);
#1205=ORIENTED_EDGE('',*,*,#861,.T.);
#1206=ORIENTED_EDGE('',*,*,#867,.F.);
#1207=ORIENTED_EDGE('',*,*,#868,.F.);
#1208=ORIENTED_EDGE('',*,*,#869,.F.);
#1209=ORIENTED_EDGE('',*,*,#870,.F.);
#1210=ORIENTED_EDGE('',*,*,#852,.T.);
#1211=ORIENTED_EDGE('',*,*,#865,.T.);
#1212=ORIENTED_EDGE('',*,*,#871,.F.);
#1213=ORIENTED_EDGE('',*,*,#872,.F.);
#1214=ORIENTED_EDGE('',*,*,#873,.F.);
#1215=ORIENTED_EDGE('',*,*,#874,.F.);
#1216=ORIENTED_EDGE('',*,*,#875,.T.);
#1217=ORIENTED_EDGE('',*,*,#855,.T.);
#1218=ORIENTED_EDGE('',*,*,#832,.T.);
#1219=ORIENTED_EDGE('',*,*,#833,.T.);
#1220=ORIENTED_EDGE('',*,*,#836,.T.);
#1221=ORIENTED_EDGE('',*,*,#856,.T.);
#1222=ORIENTED_EDGE('',*,*,#875,.F.);
#1223=ORIENTED_EDGE('',*,*,#876,.F.);
#1224=ORIENTED_EDGE('',*,*,#877,.F.);
#1225=ORIENTED_EDGE('',*,*,#878,.F.);
#1226=ORIENTED_EDGE('',*,*,#879,.F.);
#1227=ORIENTED_EDGE('',*,*,#857,.T.);
#1228=ORIENTED_EDGE('',*,*,#847,.T.);
#1229=ORIENTED_EDGE('',*,*,#849,.T.);
#1230=ORIENTED_EDGE('',*,*,#872,.T.);
#1231=ORIENTED_EDGE('',*,*,#880,.T.);
#1232=ORIENTED_EDGE('',*,*,#881,.F.);
#1233=ORIENTED_EDGE('',*,*,#882,.F.);
#1234=ORIENTED_EDGE('',*,*,#877,.T.);
#1235=ORIENTED_EDGE('',*,*,#883,.F.);
#1236=ORIENTED_EDGE('',*,*,#718,.F.);
#1237=ORIENTED_EDGE('',*,*,#884,.T.);
#1238=ORIENTED_EDGE('',*,*,#873,.T.);
#1239=ORIENTED_EDGE('',*,*,#882,.T.);
#1240=ORIENTED_EDGE('',*,*,#885,.F.);
#1241=ORIENTED_EDGE('',*,*,#886,.F.);
#1242=ORIENTED_EDGE('',*,*,#863,.T.);
#1243=ORIENTED_EDGE('',*,*,#887,.F.);
#1244=ORIENTED_EDGE('',*,*,#871,.T.);
#1245=ORIENTED_EDGE('',*,*,#864,.T.);
#1246=ORIENTED_EDGE('',*,*,#887,.T.);
#1247=ORIENTED_EDGE('',*,*,#862,.T.);
#1248=ORIENTED_EDGE('',*,*,#866,.T.);
#1249=ORIENTED_EDGE('',*,*,#888,.T.);
#1250=ORIENTED_EDGE('',*,*,#889,.F.);
#1251=ORIENTED_EDGE('',*,*,#880,.F.);
#1252=ORIENTED_EDGE('',*,*,#870,.T.);
#1253=ORIENTED_EDGE('',*,*,#890,.T.);
#1254=ORIENTED_EDGE('',*,*,#891,.F.);
#1255=ORIENTED_EDGE('',*,*,#888,.F.);
#1256=ORIENTED_EDGE('',*,*,#869,.T.);
#1257=ORIENTED_EDGE('',*,*,#892,.F.);
#1258=ORIENTED_EDGE('',*,*,#714,.F.);
#1259=ORIENTED_EDGE('',*,*,#893,.T.);
#1260=ORIENTED_EDGE('',*,*,#894,.F.);
#1261=ORIENTED_EDGE('',*,*,#890,.F.);
#1262=ORIENTED_EDGE('',*,*,#859,.T.);
#1263=ORIENTED_EDGE('',*,*,#895,.F.);
#1264=ORIENTED_EDGE('',*,*,#868,.T.);
#1265=ORIENTED_EDGE('',*,*,#896,.F.);
#1266=ORIENTED_EDGE('',*,*,#715,.F.);
#1267=ORIENTED_EDGE('',*,*,#892,.T.);
#1268=ORIENTED_EDGE('',*,*,#879,.T.);
#1269=ORIENTED_EDGE('',*,*,#897,.F.);
#1270=ORIENTED_EDGE('',*,*,#716,.F.);
#1271=ORIENTED_EDGE('',*,*,#896,.T.);
#1272=ORIENTED_EDGE('',*,*,#867,.T.);
#1273=ORIENTED_EDGE('',*,*,#860,.T.);
#1274=ORIENTED_EDGE('',*,*,#895,.T.);
#1275=ORIENTED_EDGE('',*,*,#858,.T.);
#1276=ORIENTED_EDGE('',*,*,#878,.T.);
#1277=ORIENTED_EDGE('',*,*,#884,.F.);
#1278=ORIENTED_EDGE('',*,*,#717,.F.);
#1279=ORIENTED_EDGE('',*,*,#897,.T.);
#1280=ORIENTED_EDGE('',*,*,#733,.T.);
#1281=ORIENTED_EDGE('',*,*,#898,.F.);
#1282=ORIENTED_EDGE('',*,*,#893,.F.);
#1283=ORIENTED_EDGE('',*,*,#713,.F.);
#1284=ORIENTED_EDGE('',*,*,#876,.T.);
#1285=ORIENTED_EDGE('',*,*,#874,.T.);
#1286=ORIENTED_EDGE('',*,*,#886,.T.);
#1287=ORIENTED_EDGE('',*,*,#899,.F.);
#1288=ORIENTED_EDGE('',*,*,#900,.F.);
#1289=ORIENTED_EDGE('',*,*,#719,.F.);
#1290=ORIENTED_EDGE('',*,*,#883,.T.);
#1291=ORIENTED_EDGE('',*,*,#900,.T.);
#1292=ORIENTED_EDGE('',*,*,#901,.F.);
#1293=ORIENTED_EDGE('',*,*,#783,.F.);
#1294=ORIENTED_EDGE('',*,*,#720,.F.);
#1295=ORIENTED_EDGE('',*,*,#701,.T.);
#1296=ORIENTED_EDGE('',*,*,#739,.T.);
#1297=ORIENTED_EDGE('',*,*,#813,.T.);
#1298=ORIENTED_EDGE('',*,*,#777,.T.);
#1299=ORIENTED_EDGE('',*,*,#773,.T.);
#1300=ORIENTED_EDGE('',*,*,#797,.T.);
#1301=ORIENTED_EDGE('',*,*,#766,.T.);
#1302=ORIENTED_EDGE('',*,*,#784,.T.);
#1303=ORIENTED_EDGE('',*,*,#901,.T.);
#1304=ORIENTED_EDGE('',*,*,#899,.T.);
#1305=ORIENTED_EDGE('',*,*,#885,.T.);
#1306=ORIENTED_EDGE('',*,*,#881,.T.);
#1307=ORIENTED_EDGE('',*,*,#889,.T.);
#1308=ORIENTED_EDGE('',*,*,#891,.T.);
#1309=ORIENTED_EDGE('',*,*,#894,.T.);
#1310=ORIENTED_EDGE('',*,*,#898,.T.);
#1311=ORIENTED_EDGE('',*,*,#732,.T.);
#1312=ORIENTED_EDGE('',*,*,#709,.T.);
#1313=ORIENTED_EDGE('',*,*,#750,.T.);
#1314=ORIENTED_EDGE('',*,*,#821,.T.);
#1315=ORIENTED_EDGE('',*,*,#824,.T.);
#1316=PLANE('',#1462);
#1317=PLANE('',#1463);
#1318=PLANE('',#1464);
#1319=PLANE('',#1465);
#1320=PLANE('',#1466);
#1321=PLANE('',#1471);
#1322=PLANE('',#1472);
#1323=PLANE('',#1473);
#1324=PLANE('',#1474);
#1325=PLANE('',#1475);
#1326=PLANE('',#1476);
#1327=PLANE('',#1477);
#1328=PLANE('',#1478);
#1329=PLANE('',#1479);
#1330=PLANE('',#1480);
#1331=PLANE('',#1481);
#1332=PLANE('',#1482);
#1333=PLANE('',#1483);
#1334=PLANE('',#1484);
#1335=PLANE('',#1485);
#1336=PLANE('',#1486);
#1337=PLANE('',#1487);
#1338=PLANE('',#1488);
#1339=PLANE('',#1489);
#1340=PLANE('',#1490);
#1341=PLANE('',#1491);
#1342=PLANE('',#1492);
#1343=PLANE('',#1493);
#1344=PLANE('',#1494);
#1345=PLANE('',#1495);
#1346=PLANE('',#1496);
#1347=PLANE('',#1497);
#1348=PLANE('',#1500);
#1349=PLANE('',#1503);
#1350=PLANE('',#1507);
#1351=PLANE('',#1511);
#1352=PLANE('',#1512);
#1353=PLANE('',#1513);
#1354=PLANE('',#1514);
#1355=PLANE('',#1516);
#1356=PLANE('',#1517);
#1357=PLANE('',#1518);
#1358=PLANE('',#1519);
#1359=PLANE('',#1520);
#1360=PLANE('',#1521);
#1361=PLANE('',#1523);
#1362=PLANE('',#1524);
#1363=PLANE('',#1525);
#1364=PLANE('',#1526);
#1365=PLANE('',#1529);
#1366=PLANE('',#1540);
#1367=PLANE('',#1544);
#1368=PLANE('',#1548);
#1369=PLANE('',#1549);
#1370=PLANE('',#1550);
#1371=PLANE('',#1552);
#1372=PLANE('',#1554);
#1373=PLANE('',#1555);
#1374=PLANE('',#1556);
#1375=PLANE('',#1557);
#1376=PLANE('',#1558);
#1377=ADVANCED_FACE('',(#61),#1316,.F.);
#1378=ADVANCED_FACE('',(#62),#1317,.F.);
#1379=ADVANCED_FACE('',(#63),#1318,.F.);
#1380=ADVANCED_FACE('',(#64),#1319,.F.);
#1381=ADVANCED_FACE('',(#65,#34,#35),#1320,.F.);
#1382=ADVANCED_FACE('',(#66),#1321,.T.);
#1383=ADVANCED_FACE('',(#67),#1322,.T.);
#1384=ADVANCED_FACE('',(#68),#1323,.T.);
#1385=ADVANCED_FACE('',(#69),#1324,.F.);
#1386=ADVANCED_FACE('',(#70),#1325,.F.);
#1387=ADVANCED_FACE('',(#71),#1326,.F.);
#1388=ADVANCED_FACE('',(#72),#1327,.F.);
#1389=ADVANCED_FACE('',(#73),#1328,.F.);
#1390=ADVANCED_FACE('',(#74),#1329,.F.);
#1391=ADVANCED_FACE('',(#75),#1330,.F.);
#1392=ADVANCED_FACE('',(#76),#1331,.F.);
#1393=ADVANCED_FACE('',(#77),#1332,.F.);
#1394=ADVANCED_FACE('',(#78),#1333,.F.);
#1395=ADVANCED_FACE('',(#79),#1334,.F.);
#1396=ADVANCED_FACE('',(#80),#1335,.F.);
#1397=ADVANCED_FACE('',(#81),#1336,.T.);
#1398=ADVANCED_FACE('',(#82),#1337,.T.);
#1399=ADVANCED_FACE('',(#83),#1338,.T.);
#1400=ADVANCED_FACE('',(#84),#1339,.F.);
#1401=ADVANCED_FACE('',(#85),#1340,.F.);
#1402=ADVANCED_FACE('',(#86),#1341,.F.);
#1403=ADVANCED_FACE('',(#87),#1342,.F.);
#1404=ADVANCED_FACE('',(#88),#1343,.F.);
#1405=ADVANCED_FACE('',(#89),#1344,.F.);
#1406=ADVANCED_FACE('',(#90),#1345,.F.);
#1407=ADVANCED_FACE('',(#91),#1346,.T.);
#1408=ADVANCED_FACE('',(#92),#1347,.F.);
#1409=ADVANCED_FACE('',(#93),#24,.F.);
#1410=ADVANCED_FACE('',(#94),#1348,.T.);
#1411=ADVANCED_FACE('',(#95),#25,.F.);
#1412=ADVANCED_FACE('',(#96),#1349,.T.);
#1413=ADVANCED_FACE('',(#97),#26,.F.);
#1414=ADVANCED_FACE('',(#98),#1350,.T.);
#1415=ADVANCED_FACE('',(#99),#27,.F.);
#1416=ADVANCED_FACE('',(#100),#1351,.T.);
#1417=ADVANCED_FACE('',(#101),#1352,.F.);
#1418=ADVANCED_FACE('',(#102),#1353,.F.);
#1419=ADVANCED_FACE('',(#103),#1354,.F.);
#1420=ADVANCED_FACE('',(#104),#1355,.F.);
#1421=ADVANCED_FACE('',(#105),#1356,.F.);
#1422=ADVANCED_FACE('',(#106),#1357,.F.);
#1423=ADVANCED_FACE('',(#107),#1358,.F.);
#1424=ADVANCED_FACE('',(#108),#1359,.F.);
#1425=ADVANCED_FACE('',(#109),#1360,.F.);
#1426=ADVANCED_FACE('',(#110),#1361,.F.);
#1427=ADVANCED_FACE('',(#111),#1362,.F.);
#1428=ADVANCED_FACE('',(#112),#1363,.F.);
#1429=ADVANCED_FACE('',(#113),#1364,.F.);
#1430=ADVANCED_FACE('',(#114),#1365,.F.);
#1431=ADVANCED_FACE('',(#115),#28,.F.);
#1432=ADVANCED_FACE('',(#116),#29,.F.);
#1433=ADVANCED_FACE('',(#117),#1366,.T.);
#1434=ADVANCED_FACE('',(#118),#30,.F.);
#1435=ADVANCED_FACE('',(#119),#31,.F.);
#1436=ADVANCED_FACE('',(#120),#1367,.T.);
#1437=ADVANCED_FACE('',(#121),#32,.F.);
#1438=ADVANCED_FACE('',(#122),#1368,.T.);
#1439=ADVANCED_FACE('',(#123),#1369,.T.);
#1440=ADVANCED_FACE('',(#124),#1370,.T.);
#1441=ADVANCED_FACE('',(#125),#1371,.T.);
#1442=ADVANCED_FACE('',(#126),#33,.F.);
#1443=ADVANCED_FACE('',(#127),#1372,.T.);
#1444=ADVANCED_FACE('',(#128),#1373,.T.);
#1445=ADVANCED_FACE('',(#129),#1374,.T.);
#1446=ADVANCED_FACE('',(#130),#1375,.T.);
#1447=ADVANCED_FACE('',(#131,#36,#37),#1376,.T.);
#1448=CLOSED_SHELL('',(#1377,#1378,#1379,#1380,#1381,#1382,#1383,#1384,
#1385,#1386,#1387,#1388,#1389,#1390,#1391,#1392,#1393,#1394,#1395,#1396,
#1397,#1398,#1399,#1400,#1401,#1402,#1403,#1404,#1405,#1406,#1407,#1408,
#1409,#1410,#1411,#1412,#1413,#1414,#1415,#1416,#1417,#1418,#1419,#1420,
#1421,#1422,#1423,#1424,#1425,#1426,#1427,#1428,#1429,#1430,#1431,#1432,
#1433,#1434,#1435,#1436,#1437,#1438,#1439,#1440,#1441,#1442,#1443,#1444,
#1445,#1446,#1447));
#1449=DERIVED_UNIT_ELEMENT(#1451,1.);
#1450=DERIVED_UNIT_ELEMENT(#2390,-3.);
#1451=(
MASS_UNIT()
NAMED_UNIT(*)
SI_UNIT(.KILO.,.GRAM.)
);
#1452=DERIVED_UNIT((#1449,#1450));
#1453=MEASURE_REPRESENTATION_ITEM('density measure',
POSITIVE_RATIO_MEASURE(7850.),#1452);
#1454=PROPERTY_DEFINITION_REPRESENTATION(#1459,#1456);
#1455=PROPERTY_DEFINITION_REPRESENTATION(#1460,#1457);
#1456=REPRESENTATION('material name',(#1458),#2387);
#1457=REPRESENTATION('density',(#1453),#2387);
#1458=DESCRIPTIVE_REPRESENTATION_ITEM('Acero','Acero');
#1459=PROPERTY_DEFINITION('material property','material name',#2397);
#1460=PROPERTY_DEFINITION('material property','density of part',#2397);
#1461=AXIS2_PLACEMENT_3D('',#1930,#1559,#1560);
#1462=AXIS2_PLACEMENT_3D('',#1931,#1561,#1562);
#1463=AXIS2_PLACEMENT_3D('',#1940,#1567,#1568);
#1464=AXIS2_PLACEMENT_3D('',#1949,#1573,#1574);
#1465=AXIS2_PLACEMENT_3D('',#1958,#1579,#1580);
#1466=AXIS2_PLACEMENT_3D('',#1967,#1585,#1586);
#1467=AXIS2_PLACEMENT_3D('',#1978,#1592,#1593);
#1468=AXIS2_PLACEMENT_3D('',#1982,#1595,#1596);
#1469=AXIS2_PLACEMENT_3D('',#2001,#1606,#1607);
#1470=AXIS2_PLACEMENT_3D('',#2003,#1608,#1609);
#1471=AXIS2_PLACEMENT_3D('',#2004,#1610,#1611);
#1472=AXIS2_PLACEMENT_3D('',#2008,#1614,#1615);
#1473=AXIS2_PLACEMENT_3D('',#2017,#1621,#1622);
#1474=AXIS2_PLACEMENT_3D('',#2023,#1626,#1627);
#1475=AXIS2_PLACEMENT_3D('',#2027,#1630,#1631);
#1476=AXIS2_PLACEMENT_3D('',#2035,#1636,#1637);
#1477=AXIS2_PLACEMENT_3D('',#2039,#1640,#1641);
#1478=AXIS2_PLACEMENT_3D('',#2045,#1646,#1647);
#1479=AXIS2_PLACEMENT_3D('',#2046,#1648,#1649);
#1480=AXIS2_PLACEMENT_3D('',#2052,#1653,#1654);
#1481=AXIS2_PLACEMENT_3D('',#2054,#1656,#1657);
#1482=AXIS2_PLACEMENT_3D('',#2064,#1663,#1664);
#1483=AXIS2_PLACEMENT_3D('',#2070,#1668,#1669);
#1484=AXIS2_PLACEMENT_3D('',#2079,#1674,#1675);
#1485=AXIS2_PLACEMENT_3D('',#2085,#1679,#1680);
#1486=AXIS2_PLACEMENT_3D('',#2094,#1685,#1686);
#1487=AXIS2_PLACEMENT_3D('',#2098,#1689,#1690);
#1488=AXIS2_PLACEMENT_3D('',#2104,#1694,#1695);
#1489=AXIS2_PLACEMENT_3D('',#2113,#1701,#1702);
#1490=AXIS2_PLACEMENT_3D('',#2121,#1707,#1708);
#1491=AXIS2_PLACEMENT_3D('',#2125,#1711,#1712);
#1492=AXIS2_PLACEMENT_3D('',#2133,#1717,#1718);
#1493=AXIS2_PLACEMENT_3D('',#2139,#1723,#1724);
#1494=AXIS2_PLACEMENT_3D('',#2141,#1726,#1727);
#1495=AXIS2_PLACEMENT_3D('',#2143,#1729,#1730);
#1496=AXIS2_PLACEMENT_3D('',#2144,#1731,#1732);
#1497=AXIS2_PLACEMENT_3D('',#2168,#1746,#1747);
#1498=AXIS2_PLACEMENT_3D('',#2174,#1751,#1752);
#1499=AXIS2_PLACEMENT_3D('',#2177,#1754,#1755);
#1500=AXIS2_PLACEMENT_3D('',#2178,#1756,#1757);
#1501=AXIS2_PLACEMENT_3D('',#2179,#1758,#1759);
#1502=AXIS2_PLACEMENT_3D('',#2182,#1761,#1762);
#1503=AXIS2_PLACEMENT_3D('',#2183,#1763,#1764);
#1504=AXIS2_PLACEMENT_3D('',#2184,#1765,#1766);
#1505=AXIS2_PLACEMENT_3D('',#2186,#1767,#1768);
#1506=AXIS2_PLACEMENT_3D('',#2189,#1770,#1771);
#1507=AXIS2_PLACEMENT_3D('',#2190,#1772,#1773);
#1508=AXIS2_PLACEMENT_3D('',#2191,#1774,#1775);
#1509=AXIS2_PLACEMENT_3D('',#2193,#1776,#1777);
#1510=AXIS2_PLACEMENT_3D('',#2196,#1779,#1780);
#1511=AXIS2_PLACEMENT_3D('',#2197,#1781,#1782);
#1512=AXIS2_PLACEMENT_3D('',#2198,#1783,#1784);
#1513=AXIS2_PLACEMENT_3D('',#2204,#1788,#1789);
#1514=AXIS2_PLACEMENT_3D('',#2210,#1793,#1794);
#1515=AXIS2_PLACEMENT_3D('',#2212,#1795,#1796);
#1516=AXIS2_PLACEMENT_3D('',#2214,#1798,#1799);
#1517=AXIS2_PLACEMENT_3D('',#2218,#1802,#1803);
#1518=AXIS2_PLACEMENT_3D('',#2232,#1811,#1812);
#1519=AXIS2_PLACEMENT_3D('',#2239,#1817,#1818);
#1520=AXIS2_PLACEMENT_3D('',#2241,#1820,#1821);
#1521=AXIS2_PLACEMENT_3D('',#2242,#1822,#1823);
#1522=AXIS2_PLACEMENT_3D('',#2244,#1824,#1825);
#1523=AXIS2_PLACEMENT_3D('',#2246,#1827,#1828);
#1524=AXIS2_PLACEMENT_3D('',#2251,#1832,#1833);
#1525=AXIS2_PLACEMENT_3D('',#2253,#1835,#1836);
#1526=AXIS2_PLACEMENT_3D('',#2254,#1837,#1838);
#1527=AXIS2_PLACEMENT_3D('',#2256,#1839,#1840);
#1528=AXIS2_PLACEMENT_3D('',#2257,#1841,#1842);
#1529=AXIS2_PLACEMENT_3D('',#2258,#1843,#1844);
#1530=AXIS2_PLACEMENT_3D('',#2260,#1845,#1846);
#1531=AXIS2_PLACEMENT_3D('',#2268,#1850,#1851);
#1532=AXIS2_PLACEMENT_3D('',#2275,#1855,#1856);
#1533=AXIS2_PLACEMENT_3D('',#2276,#1857,#1858);
#1534=AXIS2_PLACEMENT_3D('',#2292,#1859,#1860);
#1535=AXIS2_PLACEMENT_3D('',#2294,#1861,#1862);
#1536=AXIS2_PLACEMENT_3D('',#2295,#1863,#1864);
#1537=AXIS2_PLACEMENT_3D('',#2296,#1865,#1866);
#1538=AXIS2_PLACEMENT_3D('',#2318,#1868,#1869);
#1539=AXIS2_PLACEMENT_3D('',#2321,#1871,#1872);
#1540=AXIS2_PLACEMENT_3D('',#2341,#1874,#1875);
#1541=AXIS2_PLACEMENT_3D('',#2347,#1879,#1880);
#1542=AXIS2_PLACEMENT_3D('',#2350,#1883,#1884);
#1543=AXIS2_PLACEMENT_3D('',#2352,#1885,#1886);
#1544=AXIS2_PLACEMENT_3D('',#2354,#1888,#1889);
#1545=AXIS2_PLACEMENT_3D('',#2355,#1890,#1891);
#1546=AXIS2_PLACEMENT_3D('',#2356,#1892,#1893);
#1547=AXIS2_PLACEMENT_3D('',#2359,#1895,#1896);
#1548=AXIS2_PLACEMENT_3D('',#2360,#1897,#1898);
#1549=AXIS2_PLACEMENT_3D('',#2364,#1901,#1902);
#1550=AXIS2_PLACEMENT_3D('',#2369,#1906,#1907);
#1551=AXIS2_PLACEMENT_3D('',#2370,#1908,#1909);
#1552=AXIS2_PLACEMENT_3D('',#2371,#1910,#1911);
#1553=AXIS2_PLACEMENT_3D('',#2373,#1913,#1914);
#1554=AXIS2_PLACEMENT_3D('',#2375,#1916,#1917);
#1555=AXIS2_PLACEMENT_3D('',#2376,#1918,#1919);
#1556=AXIS2_PLACEMENT_3D('',#2378,#1921,#1922);
#1557=AXIS2_PLACEMENT_3D('',#2382,#1925,#1926);
#1558=AXIS2_PLACEMENT_3D('',#2384,#1928,#1929);
#1559=DIRECTION('axis',(0.,0.,1.));
#1560=DIRECTION('refdir',(1.,0.,0.));
#1561=DIRECTION('center_axis',(0.,0.,-1.));
#1562=DIRECTION('ref_axis',(0.,1.,0.));
#1563=DIRECTION('',(0.,-1.,0.));
#1564=DIRECTION('',(-1.,0.,0.));
#1565=DIRECTION('',(0.,1.,0.));
#1566=DIRECTION('',(-1.,0.,0.));
#1567=DIRECTION('center_axis',(0.,0.,-1.));
#1568=DIRECTION('ref_axis',(0.,1.,0.));
#1569=DIRECTION('',(0.,1.,0.));
#1570=DIRECTION('',(-1.,0.,0.));
#1571=DIRECTION('',(0.,-1.,0.));
#1572=DIRECTION('',(-1.,0.,0.));
#1573=DIRECTION('center_axis',(0.,0.,1.));
#1574=DIRECTION('ref_axis',(0.,-1.,0.));
#1575=DIRECTION('',(0.,1.,0.));
#1576=DIRECTION('',(1.,0.,0.));
#1577=DIRECTION('',(0.,-1.,0.));
#1578=DIRECTION('',(1.,0.,0.));
#1579=DIRECTION('center_axis',(0.,0.,1.));
#1580=DIRECTION('ref_axis',(0.,-1.,0.));
#1581=DIRECTION('',(0.,-1.,0.));
#1582=DIRECTION('',(1.,0.,0.));
#1583=DIRECTION('',(0.,1.,0.));
#1584=DIRECTION('',(1.,0.,0.));
#1585=DIRECTION('center_axis',(1.,0.,0.));
#1586=DIRECTION('ref_axis',(0.,1.,0.));
#1587=DIRECTION('',(0.,0.,1.));
#1588=DIRECTION('',(0.,0.,1.));
#1589=DIRECTION('',(0.,1.,0.));
#1590=DIRECTION('',(0.,-0.13917310096007,-0.99026806874157));
#1591=DIRECTION('',(0.,-0.96592582628907,-0.258819045102516));
#1592=DIRECTION('center_axis',(1.,0.,0.));
#1593=DIRECTION('ref_axis',(0.,-0.258819045102521,0.965925826289068));
#1594=DIRECTION('',(0.,1.,3.53988206314712E-17));
#1595=DIRECTION('center_axis',(1.,0.,0.));
#1596=DIRECTION('ref_axis',(0.,0.,-1.));
#1597=DIRECTION('',(1.0776913993901E-16,0.00031239249459807,0.999999951205463));
#1598=DIRECTION('',(0.,1.,0.));
#1599=DIRECTION('',(0.,0.,-1.));
#1600=DIRECTION('',(0.,-1.,0.));
#1601=DIRECTION('',(0.,0.,-1.));
#1602=DIRECTION('',(0.,1.,0.));
#1603=DIRECTION('',(0.,0.,-1.));
#1604=DIRECTION('',(0.,-1.,0.));
#1605=DIRECTION('',(0.,0.,1.));
#1606=DIRECTION('center_axis',(1.,0.,0.));
#1607=DIRECTION('ref_axis',(0.,1.,0.));
#1608=DIRECTION('center_axis',(1.,0.,0.));
#1609=DIRECTION('ref_axis',(0.,1.,0.));
#1610=DIRECTION('center_axis',(0.,-1.,0.));
#1611=DIRECTION('ref_axis',(0.,0.,-1.));
#1612=DIRECTION('',(1.,0.,0.));
#1613=DIRECTION('',(0.,0.,1.));
#1614=DIRECTION('center_axis',(0.,-1.,0.));
#1615=DIRECTION('ref_axis',(0.,0.,-1.));
#1616=DIRECTION('',(0.,0.,-1.));
#1617=DIRECTION('',(1.,0.,0.));
#1618=DIRECTION('',(0.,0.,1.));
#1619=DIRECTION('',(1.,0.,0.));
#1620=DIRECTION('',(0.,0.,-1.));
#1621=DIRECTION('center_axis',(0.,-1.,0.));
#1622=DIRECTION('ref_axis',(0.,0.,-1.));
#1623=DIRECTION('',(0.,0.,-1.));
#1624=DIRECTION('',(1.,0.,0.));
#1625=DIRECTION('',(0.,0.,-1.));
#1626=DIRECTION('center_axis',(1.,0.,0.));
#1627=DIRECTION('ref_axis',(0.,0.,-1.));
#1628=DIRECTION('',(0.,1.,0.));
#1629=DIRECTION('',(0.,0.,1.));
#1630=DIRECTION('center_axis',(1.,0.,0.));
#1631=DIRECTION('ref_axis',(0.,0.,-1.));
#1632=DIRECTION('',(0.,0.,1.));
#1633=DIRECTION('',(0.,1.,0.));
#1634=DIRECTION('',(0.,0.,1.));
#1635=DIRECTION('',(0.,1.,0.));
#1636=DIRECTION('center_axis',(-1.,0.,0.));
#1637=DIRECTION('ref_axis',(0.,0.,1.));
#1638=DIRECTION('',(0.,0.,1.));
#1639=DIRECTION('',(0.,-1.,0.));
#1640=DIRECTION('center_axis',(0.,1.,0.));
#1641=DIRECTION('ref_axis',(-1.,0.,0.));
#1642=DIRECTION('',(0.,0.,1.));
#1643=DIRECTION('',(-1.,0.,0.));
#1644=DIRECTION('',(0.,0.,-1.));
#1645=DIRECTION('',(-1.,0.,0.));
#1646=DIRECTION('center_axis',(0.,0.,1.));
#1647=DIRECTION('ref_axis',(1.,0.,0.));
#1648=DIRECTION('center_axis',(-1.,0.,0.));
#1649=DIRECTION('ref_axis',(0.,0.,1.));
#1650=DIRECTION('',(0.,-1.,0.));
#1651=DIRECTION('',(0.,0.,-1.));
#1652=DIRECTION('',(0.,1.,0.));
#1653=DIRECTION('center_axis',(0.,0.,1.));
#1654=DIRECTION('ref_axis',(1.,0.,0.));
#1655=DIRECTION('',(-1.,5.66922395553271E-15,0.));
#1656=DIRECTION('center_axis',(-5.66922395553271E-15,-1.,0.));
#1657=DIRECTION('ref_axis',(1.,-5.66922395553271E-15,0.));
#1658=DIRECTION('',(1.,-5.66922395553271E-15,0.));
#1659=DIRECTION('',(0.,0.,1.));
#1660=DIRECTION('',(1.,-5.66922395553271E-15,0.));
#1661=DIRECTION('',(0.,0.,1.));
#1662=DIRECTION('',(1.,-5.66922395553271E-15,0.));
#1663=DIRECTION('center_axis',(0.,0.,1.));
#1664=DIRECTION('ref_axis',(0.,-1.,0.));
#1665=DIRECTION('',(0.,1.,0.));
#1666=DIRECTION('',(-1.,0.,0.));
#1667=DIRECTION('',(-1.,0.,0.));
#1668=DIRECTION('center_axis',(0.,0.,1.));
#1669=DIRECTION('ref_axis',(0.,-1.,0.));
#1670=DIRECTION('',(0.,-1.,0.));
#1671=DIRECTION('',(-1.,0.,0.));
#1672=DIRECTION('',(0.,1.,0.));
#1673=DIRECTION('',(-1.,0.,0.));
#1674=DIRECTION('center_axis',(0.,0.,-1.));
#1675=DIRECTION('ref_axis',(0.,1.,0.));
#1676=DIRECTION('',(0.,-1.,0.));
#1677=DIRECTION('',(1.,0.,0.));
#1678=DIRECTION('',(1.,0.,0.));
#1679=DIRECTION('center_axis',(0.,0.,-1.));
#1680=DIRECTION('ref_axis',(0.,1.,0.));
#1681=DIRECTION('',(0.,1.,0.));
#1682=DIRECTION('',(1.,0.,0.));
#1683=DIRECTION('',(0.,-1.,0.));
#1684=DIRECTION('',(1.,0.,0.));
#1685=DIRECTION('center_axis',(0.,1.,0.));
#1686=DIRECTION('ref_axis',(0.,0.,1.));
#1687=DIRECTION('',(0.,0.,-1.));
#1688=DIRECTION('',(-1.,0.,0.));
#1689=DIRECTION('center_axis',(0.,1.,0.));
#1690=DIRECTION('ref_axis',(0.,0.,1.));
#1691=DIRECTION('',(0.,0.,1.));
#1692=DIRECTION('',(-1.,0.,0.));
#1693=DIRECTION('',(0.,0.,1.));
#1694=DIRECTION('center_axis',(0.,1.,0.));
#1695=DIRECTION('ref_axis',(0.,0.,1.));
#1696=DIRECTION('',(0.,0.,1.));
#1697=DIRECTION('',(-1.,0.,0.));
#1698=DIRECTION('',(0.,0.,-1.));
#1699=DIRECTION('',(1.,0.,0.));
#1700=DIRECTION('',(0.,0.,1.));
#1701=DIRECTION('center_axis',(1.,0.,0.));
#1702=DIRECTION('ref_axis',(0.,0.,-1.));
#1703=DIRECTION('',(0.,1.,0.));
#1704=DIRECTION('',(0.,0.,-1.));
#1705=DIRECTION('',(0.,1.,0.));
#1706=DIRECTION('',(0.,0.,1.));
#1707=DIRECTION('center_axis',(1.,0.,0.));
#1708=DIRECTION('ref_axis',(0.,0.,-1.));
#1709=DIRECTION('',(0.,0.,1.));
#1710=DIRECTION('',(0.,1.,0.));
#1711=DIRECTION('center_axis',(-1.,0.,0.));
#1712=DIRECTION('ref_axis',(0.,0.,1.));
#1713=DIRECTION('',(0.,0.,1.));
#1714=DIRECTION('',(0.,1.,0.));
#1715=DIRECTION('',(0.,0.,1.));
#1716=DIRECTION('',(0.,-1.,0.));
#1717=DIRECTION('center_axis',(0.,-1.,0.));
#1718=DIRECTION('ref_axis',(1.,0.,0.));
#1719=DIRECTION('',(0.,0.,1.));
#1720=DIRECTION('',(1.,0.,0.));
#1721=DIRECTION('',(0.,0.,1.));
#1722=DIRECTION('',(1.,0.,0.));
#1723=DIRECTION('center_axis',(0.,0.,1.));
#1724=DIRECTION('ref_axis',(1.,0.,0.));
#1725=DIRECTION('',(0.,-1.,0.));
#1726=DIRECTION('center_axis',(0.,0.,1.));
#1727=DIRECTION('ref_axis',(1.,0.,0.));
#1728=DIRECTION('',(1.,0.,0.));
#1729=DIRECTION('center_axis',(-1.,0.,0.));
#1730=DIRECTION('ref_axis',(0.,0.,1.));
#1731=DIRECTION('center_axis',(0.,0.,-1.));
#1732=DIRECTION('ref_axis',(0.,1.,0.));
#1733=DIRECTION('',(0.,1.,0.));
#1734=DIRECTION('',(-1.,5.55111512312582E-15,0.));
#1735=DIRECTION('',(6.41462192005645E-15,1.,0.));
#1736=DIRECTION('',(-1.,5.73036802045901E-15,0.));
#1737=DIRECTION('',(-5.14579560619913E-15,-1.,0.));
#1738=DIRECTION('',(-1.,5.55042200733057E-15,0.));
#1739=DIRECTION('',(-5.69345140833422E-15,-1.,0.));
#1740=DIRECTION('',(-1.,0.,0.));
#1741=DIRECTION('',(3.70074341541744E-16,-1.,0.));
#1742=DIRECTION('',(1.,-1.93698485147368E-14,0.));
#1743=DIRECTION('',(0.,1.,0.));
#1744=DIRECTION('',(-1.,0.,0.));
#1745=DIRECTION('',(0.,1.,0.));
#1746=DIRECTION('center_axis',(0.,1.,0.));
#1747=DIRECTION('ref_axis',(-1.,0.,0.));
#1748=DIRECTION('',(0.,0.,1.));
#1749=DIRECTION('',(-1.,0.,0.));
#1750=DIRECTION('',(0.,0.,1.));
#1751=DIRECTION('center_axis',(1.,0.,0.));
#1752=DIRECTION('ref_axis',(0.,1.,0.));
#1753=DIRECTION('',(1.,0.,0.));
#1754=DIRECTION('center_axis',(1.,0.,0.));
#1755=DIRECTION('ref_axis',(0.,1.,0.));
#1756=DIRECTION('center_axis',(-1.,0.,0.));
#1757=DIRECTION('ref_axis',(0.,0.,1.));
#1758=DIRECTION('center_axis',(1.,0.,0.));
#1759=DIRECTION('ref_axis',(0.,1.,0.));
#1760=DIRECTION('',(1.,0.,0.));
#1761=DIRECTION('center_axis',(1.,0.,0.));
#1762=DIRECTION('ref_axis',(0.,1.,0.));
#1763=DIRECTION('center_axis',(-1.,0.,0.));
#1764=DIRECTION('ref_axis',(0.,0.,1.));
#1765=DIRECTION('center_axis',(-1.,0.,0.));
#1766=DIRECTION('ref_axis',(0.,1.,0.));
#1767=DIRECTION('center_axis',(-1.,0.,0.));
#1768=DIRECTION('ref_axis',(0.,1.,0.));
#1769=DIRECTION('',(-1.,0.,0.));
#1770=DIRECTION('center_axis',(-1.,0.,0.));
#1771=DIRECTION('ref_axis',(0.,1.,0.));
#1772=DIRECTION('center_axis',(1.,0.,0.));
#1773=DIRECTION('ref_axis',(0.,1.,0.));
#1774=DIRECTION('center_axis',(-1.,0.,0.));
#1775=DIRECTION('ref_axis',(0.,1.,0.));
#1776=DIRECTION('center_axis',(-1.,0.,0.));
#1777=DIRECTION('ref_axis',(0.,1.,0.));
#1778=DIRECTION('',(-1.,0.,0.));
#1779=DIRECTION('center_axis',(-1.,0.,0.));
#1780=DIRECTION('ref_axis',(0.,1.,0.));
#1781=DIRECTION('center_axis',(1.,0.,0.));
#1782=DIRECTION('ref_axis',(0.,1.,0.));
#1783=DIRECTION('center_axis',(0.,0.,1.));
#1784=DIRECTION('ref_axis',(1.,0.,0.));
#1785=DIRECTION('',(1.,0.,0.));
#1786=DIRECTION('',(3.70074341541744E-16,-1.,0.));
#1787=DIRECTION('',(0.,1.,0.));
#1788=DIRECTION('center_axis',(1.,0.,0.));
#1789=DIRECTION('ref_axis',(0.,1.,0.));
#1790=DIRECTION('',(0.,0.,-1.));
#1791=DIRECTION('',(0.,0.,1.));
#1792=DIRECTION('',(0.,-1.,0.));
#1793=DIRECTION('center_axis',(-1.93698485147368E-14,-1.,0.));
#1794=DIRECTION('ref_axis',(1.,-1.93698485147368E-14,0.));
#1795=DIRECTION('center_axis',(1.93698485147368E-14,1.,0.));
#1796=DIRECTION('ref_axis',(1.,0.,0.));
#1797=DIRECTION('',(0.,0.,1.));
#1798=DIRECTION('center_axis',(-1.,-3.70074341541744E-16,0.));
#1799=DIRECTION('ref_axis',(3.70074341541744E-16,-1.,0.));
#1800=DIRECTION('',(0.,0.,1.));
#1801=DIRECTION('',(0.,1.,0.));
#1802=DIRECTION('center_axis',(0.,0.,1.));
#1803=DIRECTION('ref_axis',(1.,0.,0.));
#1804=DIRECTION('',(-1.,0.,0.));
#1805=DIRECTION('',(6.41462192005645E-15,1.,0.));
#1806=DIRECTION('',(-1.,5.55111512312582E-15,0.));
#1807=DIRECTION('',(0.,1.,0.));
#1808=DIRECTION('',(-5.69345140833422E-15,-1.,0.));
#1809=DIRECTION('',(-1.,5.55042200733057E-15,0.));
#1810=DIRECTION('',(-5.14579560619913E-15,-1.,0.));
#1811=DIRECTION('center_axis',(-1.,5.14579560619913E-15,0.));
#1812=DIRECTION('ref_axis',(-5.14579560619913E-15,-1.,0.));
#1813=DIRECTION('',(0.,0.,-1.));
#1814=DIRECTION('',(0.,0.,1.));
#1815=DIRECTION('',(0.,0.,1.));
#1816=DIRECTION('',(0.,1.,0.));
#1817=DIRECTION('center_axis',(-1.,5.69345140833422E-15,0.));
#1818=DIRECTION('ref_axis',(-5.69345140833422E-15,-1.,0.));
#1819=DIRECTION('',(0.,0.,1.));
#1820=DIRECTION('center_axis',(5.55042200733057E-15,1.,0.));
#1821=DIRECTION('ref_axis',(-1.,5.55042200733057E-15,0.));
#1822=DIRECTION('center_axis',(5.73036802045901E-15,1.,0.));
#1823=DIRECTION('ref_axis',(-1.,5.73036802045901E-15,0.));
#1824=DIRECTION('center_axis',(-5.73036802045901E-15,-1.,0.));
#1825=DIRECTION('ref_axis',(1.,0.,0.));
#1826=DIRECTION('',(0.,0.,1.));
#1827=DIRECTION('center_axis',(1.,-6.41462192005645E-15,0.));
#1828=DIRECTION('ref_axis',(6.41462192005645E-15,1.,0.));
#1829=DIRECTION('',(0.,0.,1.));
#1830=DIRECTION('',(0.,-1.,0.));
#1831=DIRECTION('',(0.,0.,1.));
#1832=DIRECTION('center_axis',(5.55111512312582E-15,1.,0.));
#1833=DIRECTION('ref_axis',(-1.,5.55111512312582E-15,0.));
#1834=DIRECTION('',(0.,0.,1.));
#1835=DIRECTION('center_axis',(1.,0.,0.));
#1836=DIRECTION('ref_axis',(0.,1.,0.));
#1837=DIRECTION('center_axis',(0.,1.,0.));
#1838=DIRECTION('ref_axis',(0.,0.,1.));
#1839=DIRECTION('center_axis',(0.,1.,0.));
#1840=DIRECTION('ref_axis',(1.,0.,0.));
#1841=DIRECTION('center_axis',(0.,1.,0.));
#1842=DIRECTION('ref_axis',(1.,0.,0.));
#1843=DIRECTION('center_axis',(0.,-1.,0.));
#1844=DIRECTION('ref_axis',(0.,0.,-1.));
#1845=DIRECTION('center_axis',(0.,-1.,0.));
#1846=DIRECTION('ref_axis',(1.,0.,0.));
#1847=DIRECTION('',(-1.,0.,0.));
#1848=DIRECTION('',(0.,0.,-1.));
#1849=DIRECTION('',(1.,0.,0.));
#1850=DIRECTION('center_axis',(0.,-1.,0.));
#1851=DIRECTION('ref_axis',(1.,0.,0.));
#1852=DIRECTION('',(1.,0.,0.));
#1853=DIRECTION('',(0.,0.,1.));
#1854=DIRECTION('',(-1.,0.,0.));
#1855=DIRECTION('center_axis',(0.,-1.,0.));
#1856=DIRECTION('ref_axis',(1.,0.,0.));
#1857=DIRECTION('center_axis',(0.,1.,0.));
#1858=DIRECTION('ref_axis',(1.,0.,0.));
#1859=DIRECTION('center_axis',(0.,-0.258819045102516,0.96592582628907));
#1860=DIRECTION('ref_axis',(0.,-0.96592582628907,-0.258819045102516));
#1861=DIRECTION('center_axis',(0.,-0.99026806874157,0.13917310096007));
#1862=DIRECTION('ref_axis',(0.,-0.13917310096007,-0.99026806874157));
#1863=DIRECTION('center_axis',(0.,-0.258819045102516,0.96592582628907));
#1864=DIRECTION('ref_axis',(0.,-0.96592582628907,-0.258819045102516));
#1865=DIRECTION('center_axis',(0.,1.,0.));
#1866=DIRECTION('ref_axis',(1.,0.,0.));
#1867=DIRECTION('',(0.,-1.,0.));
#1868=DIRECTION('center_axis',(0.,0.999999951205463,-0.00031239249459807));
#1869=DIRECTION('ref_axis',(0.,-0.00031239249459807,-0.999999951205464));
#1870=DIRECTION('',(0.,1.,0.));
#1871=DIRECTION('center_axis',(0.,0.999999951205463,-0.00031239249459807));
#1872=DIRECTION('ref_axis',(0.,-0.00031239249459807,-0.999999951205464));
#1873=DIRECTION('',(0.,1.,0.));
#1874=DIRECTION('center_axis',(0.,-3.53988206314712E-17,1.));
#1875=DIRECTION('ref_axis',(0.,-1.,-3.53988206314712E-17));
#1876=DIRECTION('',(1.,0.,0.));
#1877=DIRECTION('',(0.,-1.,-3.53988206314712E-17));
#1878=DIRECTION('',(1.,0.,0.));
#1879=DIRECTION('center_axis',(1.,0.,0.));
#1880=DIRECTION('ref_axis',(0.,0.,-1.));
#1881=DIRECTION('',(1.,0.,0.));
#1882=DIRECTION('',(1.,0.,0.));
#1883=DIRECTION('center_axis',(1.,0.,0.));
#1884=DIRECTION('ref_axis',(0.,0.,-1.));
#1885=DIRECTION('center_axis',(-1.,0.,0.));
#1886=DIRECTION('ref_axis',(0.,0.,-1.));
#1887=DIRECTION('',(1.,0.,0.));
#1888=DIRECTION('center_axis',(1.,0.,0.));
#1889=DIRECTION('ref_axis',(0.,0.,-1.));
#1890=DIRECTION('center_axis',(-1.,0.,0.));
#1891=DIRECTION('ref_axis',(0.,-0.258819045102521,0.965925826289068));
#1892=DIRECTION('center_axis',(1.,0.,0.));
#1893=DIRECTION('ref_axis',(0.,-0.258819045102521,0.965925826289068));
#1894=DIRECTION('',(1.,0.,0.));
#1895=DIRECTION('center_axis',(-1.,0.,0.));
#1896=DIRECTION('ref_axis',(0.,-0.258819045102521,0.965925826289068));
#1897=DIRECTION('center_axis',(0.,0.258819045102516,-0.96592582628907));
#1898=DIRECTION('ref_axis',(0.,0.96592582628907,0.258819045102516));
#1899=DIRECTION('',(1.,0.,0.));
#1900=DIRECTION('',(0.,0.96592582628907,0.258819045102516));
#1901=DIRECTION('center_axis',(0.,0.99026806874157,-0.13917310096007));
#1902=DIRECTION('ref_axis',(0.,0.13917310096007,0.99026806874157));
#1903=DIRECTION('',(1.,0.,0.));
#1904=DIRECTION('',(1.,0.,0.));
#1905=DIRECTION('',(0.,0.13917310096007,0.99026806874157));
#1906=DIRECTION('center_axis',(-1.,0.,0.));
#1907=DIRECTION('ref_axis',(0.,0.,1.));
#1908=DIRECTION('center_axis',(1.,0.,0.));
#1909=DIRECTION('ref_axis',(0.,-0.258819045102521,0.965925826289068));
#1910=DIRECTION('center_axis',(0.,0.258819045102516,-0.96592582628907));
#1911=DIRECTION('ref_axis',(0.,0.96592582628907,0.258819045102516));
#1912=DIRECTION('',(1.,0.,0.));
#1913=DIRECTION('center_axis',(1.,0.,0.));
#1914=DIRECTION('ref_axis',(0.,-0.258819045102521,0.965925826289068));
#1915=DIRECTION('',(1.,0.,0.));
#1916=DIRECTION('center_axis',(0.,-3.53988206314712E-17,1.));
#1917=DIRECTION('ref_axis',(0.,-1.,-3.53988206314712E-17));
#1918=DIRECTION('center_axis',(0.,0.,1.));
#1919=DIRECTION('ref_axis',(0.,-1.,0.));
#1920=DIRECTION('',(0.,-1.,0.));
#1921=DIRECTION('center_axis',(0.,-0.999999951205463,0.00031239249459807));
#1922=DIRECTION('ref_axis',(-1.0776913993901E-16,-0.00031239249459807,-0.999999951205463));
#1923=DIRECTION('',(-1.0776913993901E-16,-0.00031239249459807,-0.999999951205463));
#1924=DIRECTION('',(1.,0.,0.));
#1925=DIRECTION('center_axis',(0.,0.,1.));
#1926=DIRECTION('ref_axis',(0.,-1.,0.));
#1927=DIRECTION('',(0.,-1.,0.));
#1928=DIRECTION('center_axis',(1.,0.,0.));
#1929=DIRECTION('ref_axis',(0.,1.,0.));
#1930=CARTESIAN_POINT('',(0.,0.,0.));
#1931=CARTESIAN_POINT('Origin',(-1.57549701912388,-36.4008606591099,-2.44913934089014));
#1932=CARTESIAN_POINT('',(-1.57549701912388,-35.5508606591099,-2.44913934089014));
#1933=CARTESIAN_POINT('',(-1.57549701912388,-36.4008606591099,-2.44913934089014));
#1934=CARTESIAN_POINT('',(-1.57549701912388,-36.4008606591099,-2.44913934089014));
#1935=CARTESIAN_POINT('',(-11.,-35.5508606591099,-2.44913934089014));
#1936=CARTESIAN_POINT('',(-1.57549701912388,-35.5508606591099,-2.44913934089014));
#1937=CARTESIAN_POINT('',(-11.,-36.4008606591099,-2.44913934089014));
#1938=CARTESIAN_POINT('',(-11.,-17.7497271380376,-2.44913934089014));
#1939=CARTESIAN_POINT('',(-0.787748509561938,-36.4008606591099,-2.44913934089014));
#1940=CARTESIAN_POINT('Origin',(-1.57549701912388,-36.4008606591099,-2.44913934089014));
#1941=CARTESIAN_POINT('',(1.62450298087613,-36.4008606591099,-2.44913934089014));
#1942=CARTESIAN_POINT('',(1.62450298087613,-35.5508606591099,-2.44913934089014));
#1943=CARTESIAN_POINT('',(1.62450298087613,-36.4008606591099,-2.44913934089014));
#1944=CARTESIAN_POINT('',(11.,-36.4008606591099,-2.44913934089014));
#1945=CARTESIAN_POINT('',(-0.787748509561938,-36.4008606591099,-2.44913934089014));
#1946=CARTESIAN_POINT('',(11.,-35.5508606591099,-2.44913934089014));
#1947=CARTESIAN_POINT('',(11.,-17.7497271380376,-2.44913934089014));
#1948=CARTESIAN_POINT('',(-1.57549701912388,-35.5508606591099,-2.44913934089014));
#1949=CARTESIAN_POINT('Origin',(-1.57549701912388,-35.5508606591099,1.35086065910986));
#1950=CARTESIAN_POINT('',(-1.57549701912388,-36.4008606591099,1.35086065910986));
#1951=CARTESIAN_POINT('',(-1.57549701912388,-35.5508606591099,1.35086065910986));
#1952=CARTESIAN_POINT('',(-1.57549701912388,-35.9758606591099,1.35086065910986));
#1953=CARTESIAN_POINT('',(-11.,-36.4008606591099,1.35086065910986));
#1954=CARTESIAN_POINT('',(-0.787748509561938,-36.4008606591099,1.35086065910986));
#1955=CARTESIAN_POINT('',(-11.,-35.5508606591099,1.35086065910986));
#1956=CARTESIAN_POINT('',(-11.,-17.3247271380376,1.35086065910986));
#1957=CARTESIAN_POINT('',(0.0245029808761255,-35.5508606591099,1.35086065910986));
#1958=CARTESIAN_POINT('Origin',(-1.57549701912388,-35.5508606591099,1.35086065910986));
#1959=CARTESIAN_POINT('',(1.62450298087613,-35.5508606591099,1.35086065910986));
#1960=CARTESIAN_POINT('',(1.62450298087613,-36.4008606591099,1.35086065910986));
#1961=CARTESIAN_POINT('',(1.62450298087613,-35.9758606591099,1.35086065910986));
#1962=CARTESIAN_POINT('',(11.,-35.5508606591099,1.35086065910986));
#1963=CARTESIAN_POINT('',(0.0245029808761255,-35.5508606591099,1.35086065910986));
#1964=CARTESIAN_POINT('',(11.,-36.4008606591099,1.35086065910986));
#1965=CARTESIAN_POINT('',(11.,-17.3247271380376,1.35086065910986));
#1966=CARTESIAN_POINT('',(-0.787748509561938,-36.4008606591099,1.35086065910986));
#1967=CARTESIAN_POINT('Origin',(-11.,0.901406383034757,-0.226836712589822));
#1968=CARTESIAN_POINT('',(-11.,-35.5508606591099,-2.33798802673998));
#1969=CARTESIAN_POINT('',(-11.,-36.4008606591099,11.));
#1970=CARTESIAN_POINT('',(-11.,-36.4008606591099,-11.4536734251796));
#1971=CARTESIAN_POINT('',(-11.,-28.4008606591099,11.));
#1972=CARTESIAN_POINT('',(-11.,-36.4008606591099,11.));
#1973=CARTESIAN_POINT('',(-11.,-29.5445728234799,2.86206509451908));
#1974=CARTESIAN_POINT('',(-11.,-28.4008606591099,11.));
#1975=CARTESIAN_POINT('',(-11.,-31.2773177944174,2.39777747886729));
#1976=CARTESIAN_POINT('',(-11.,-29.5445728234799,2.86206509451908));
#1977=CARTESIAN_POINT('',(-11.,-30.5008606591099,-3.5));
#1978=CARTESIAN_POINT('Origin',(-11.,-30.5008606591099,-0.499999999999955));
#1979=CARTESIAN_POINT('',(-11.,32.225693775199,-3.5));
#1980=CARTESIAN_POINT('',(-11.,32.225693775199,-3.5));
#1981=CARTESIAN_POINT('',(-11.,35.2256936288154,-0.500937177483769));
#1982=CARTESIAN_POINT('Origin',(-11.,32.225693775199,-0.499999999999953));
#1983=CARTESIAN_POINT('',(-11.,35.2292864354457,11.));
#1984=CARTESIAN_POINT('',(-11.,35.2292864354457,11.));
#1985=CARTESIAN_POINT('',(-11.,38.2036734251794,11.));
#1986=CARTESIAN_POINT('',(-11.,38.2036734251794,11.));
#1987=CARTESIAN_POINT('',(-11.,38.2036734251794,1.34632657482036));
#1988=CARTESIAN_POINT('',(-11.,38.2036734251794,-11.4536734251796));
#1989=CARTESIAN_POINT('',(-11.,37.2536734251794,1.34632657482036));
#1990=CARTESIAN_POINT('',(-11.,19.5525397276524,1.34632657482036));
#1991=CARTESIAN_POINT('',(-11.,37.2536734251794,-2.45367366580864));
#1992=CARTESIAN_POINT('',(-11.,37.2536734251794,0.55974493111527));
#1993=CARTESIAN_POINT('',(-11.,38.2036734251794,-2.45367366580864));
#1994=CARTESIAN_POINT('',(-11.,19.0775399041071,-2.45367366580864));
#1995=CARTESIAN_POINT('',(-11.,38.2036734251794,-11.4536734251796));
#1996=CARTESIAN_POINT('',(-11.,38.2036734251794,-11.4536734251796));
#1997=CARTESIAN_POINT('',(-11.,-36.4008606591099,-11.4536734251796));
#1998=CARTESIAN_POINT('',(-11.,38.2036734251794,-11.4536734251796));
#1999=CARTESIAN_POINT('',(-11.,-36.4008606591099,-11.4536734251796));
#2000=CARTESIAN_POINT('',(-11.,-34.79902394652,-7.47683671258982));
#2001=CARTESIAN_POINT('Origin',(-11.,-32.42402394652,-7.47683671258982));
#2002=CARTESIAN_POINT('',(-11.,31.8518367125896,-7.47683671258982));
#2003=CARTESIAN_POINT('Origin',(-11.,34.2268367125896,-7.47683671258982));
#2004=CARTESIAN_POINT('Origin',(0.,-36.4008606591099,11.));
#2005=CARTESIAN_POINT('',(-1.57549701912388,-36.4008606591099,-11.4536734251796));
#2006=CARTESIAN_POINT('',(0.,-36.4008606591099,-11.4536734251796));
#2007=CARTESIAN_POINT('',(-1.57549701912388,-36.4008606591099,-0.226836712589822));
#2008=CARTESIAN_POINT('Origin',(0.,-36.4008606591099,11.));
#2009=CARTESIAN_POINT('',(11.,-36.4008606591099,11.));
#2010=CARTESIAN_POINT('',(11.,-36.4008606591099,-11.4536734251796));
#2011=CARTESIAN_POINT('',(0.,-36.4008606591099,11.));
#2012=CARTESIAN_POINT('',(-1.57549701912388,-36.4008606591099,2.55086065910986));
#2013=CARTESIAN_POINT('',(-1.57549701912388,-36.4008606591099,-0.226836712589822));
#2014=CARTESIAN_POINT('',(1.62450298087613,-36.4008606591099,2.55086065910986));
#2015=CARTESIAN_POINT('',(0.0122514904380627,-36.4008606591099,2.55086065910986));
#2016=CARTESIAN_POINT('',(1.62450298087613,-36.4008606591099,3.27543032955493));
#2017=CARTESIAN_POINT('Origin',(0.,-36.4008606591099,11.));
#2018=CARTESIAN_POINT('',(1.62450298087613,-36.4008606591099,-11.4536734251796));
#2019=CARTESIAN_POINT('',(1.62450298087613,-36.4008606591099,3.27543032955493));
#2020=CARTESIAN_POINT('',(11.,-36.4008606591099,-11.4536734251796));
#2021=CARTESIAN_POINT('',(0.,-36.4008606591099,-11.4536734251796));
#2022=CARTESIAN_POINT('',(11.,-36.4008606591099,-11.4536734251796));
#2023=CARTESIAN_POINT('Origin',(1.62450298087613,-36.4008606591099,-4.44913934089014));
#2024=CARTESIAN_POINT('',(1.62450298087613,-35.5508606591099,2.55086065910986));
#2025=CARTESIAN_POINT('',(1.62450298087613,-35.0508606591099,2.55086065910986));
#2026=CARTESIAN_POINT('',(1.62450298087613,-35.5508606591099,-4.44913934089014));
#2027=CARTESIAN_POINT('Origin',(1.62450298087613,-36.4008606591099,-4.44913934089014));
#2028=CARTESIAN_POINT('',(1.62450298087613,-35.5508606591099,-4.44913934089014));
#2029=CARTESIAN_POINT('',(1.62450298087613,-35.5508606591099,-4.44913934089014));
#2030=CARTESIAN_POINT('',(1.62450298087613,-35.0508606591099,-4.44913934089014));
#2031=CARTESIAN_POINT('',(1.62450298087613,-36.4008606591099,-4.44913934089014));
#2032=CARTESIAN_POINT('',(1.62450298087613,-35.0508606591099,-11.4536734251796));
#2033=CARTESIAN_POINT('',(1.62450298087613,-35.0508606591099,-7.95140638303489));
#2034=CARTESIAN_POINT('',(1.62450298087613,-36.4008606591099,-11.4536734251796));
#2035=CARTESIAN_POINT('Origin',(-1.57549701912388,-36.4008606591099,-11.4536734251796));
#2036=CARTESIAN_POINT('',(-1.57549701912388,-35.5508606591099,2.55086065910986));
#2037=CARTESIAN_POINT('',(-1.57549701912388,-35.5508606591099,-4.44913934089014));
#2038=CARTESIAN_POINT('',(-1.57549701912388,-36.4008606591099,2.55086065910986));
#2039=CARTESIAN_POINT('Origin',(1.62450298087613,-35.5508606591099,-4.44913934089014));
#2040=CARTESIAN_POINT('',(-1.57549701912388,-35.5508606591099,-4.44913934089014));
#2041=CARTESIAN_POINT('',(-1.57549701912388,-35.5508606591099,-4.44913934089014));
#2042=CARTESIAN_POINT('',(0.0245029808761255,-35.5508606591099,-4.44913934089014));
#2043=CARTESIAN_POINT('',(11.,-35.5508606591099,-2.33798802673998));
#2044=CARTESIAN_POINT('',(-1.57549701912388,-35.5508606591099,2.55086065910986));
#2045=CARTESIAN_POINT('Origin',(0.0245029808761255,-35.9758606591099,2.55086065910986));
#2046=CARTESIAN_POINT('Origin',(-1.57549701912388,-36.4008606591099,-11.4536734251796));
#2047=CARTESIAN_POINT('',(-1.57549701912388,-35.0508606591099,-11.4536734251796));
#2048=CARTESIAN_POINT('',(-1.57549701912388,-36.4008606591099,-11.4536734251796));
#2049=CARTESIAN_POINT('',(-1.57549701912388,-35.0508606591099,-4.44913934089014));
#2050=CARTESIAN_POINT('',(-1.57549701912388,-35.0508606591099,-11.4536734251796));
#2051=CARTESIAN_POINT('',(-1.57549701912388,-36.4008606591099,-4.44913934089014));
#2052=CARTESIAN_POINT('Origin',(-1.57549701912388,-36.4008606591099,-4.44913934089014));
#2053=CARTESIAN_POINT('',(-3.12549701912387,-35.0508606591098,-4.44913934089014));
#2054=CARTESIAN_POINT('Origin',(-4.67549701912388,-35.0508606591098,-11.4536734251796));
#2055=CARTESIAN_POINT('',(-4.67549701912388,-35.0508606591098,-11.4536734251796));
#2056=CARTESIAN_POINT('',(-2.33774850956193,-35.0508606591099,-11.4536734251796));
#2057=CARTESIAN_POINT('',(-4.67549701912388,-35.0508606591098,4.65132657482036));
#2058=CARTESIAN_POINT('',(-4.67549701912388,-35.0508606591098,-11.4536734251796));
#2059=CARTESIAN_POINT('',(4.72450298087613,-35.0508606591099,4.65132657482036));
#2060=CARTESIAN_POINT('',(4.72450298087613,-35.0508606591099,4.65132657482036));
#2061=CARTESIAN_POINT('',(4.72450298087613,-35.0508606591099,-11.4536734251796));
#2062=CARTESIAN_POINT('',(4.72450298087613,-35.0508606591099,-11.4536734251796));
#2063=CARTESIAN_POINT('',(-2.33774850956193,-35.0508606591099,-11.4536734251796));
#2064=CARTESIAN_POINT('Origin',(-1.60000000000014,38.2036730722701,1.34632657482036));
#2065=CARTESIAN_POINT('',(-1.59999996423748,37.2536734251794,1.34632657482036));
#2066=CARTESIAN_POINT('',(-1.60000000000014,38.2036734251794,1.34632657482036));
#2067=CARTESIAN_POINT('',(-1.60000000000014,37.4786732487247,1.34632657482036));
#2068=CARTESIAN_POINT('',(-1.59999998211881,37.2536734251794,1.34632657482036));
#2069=CARTESIAN_POINT('',(-0.800000000000068,38.2036734251794,1.34632657482036));
#2070=CARTESIAN_POINT('Origin',(-1.60000000000014,38.2036730722701,1.34632657482036));
#2071=CARTESIAN_POINT('',(1.59999999999987,38.2036734251794,1.34632657482036));
#2072=CARTESIAN_POINT('',(1.59999999999987,37.2536734251794,1.34632657482036));
#2073=CARTESIAN_POINT('',(1.59999999999987,37.4786732487247,1.34632657482036));
#2074=CARTESIAN_POINT('',(11.,38.2036734251794,1.34632657482036));
#2075=CARTESIAN_POINT('',(-0.800000000000068,38.2036734251794,1.34632657482036));
#2076=CARTESIAN_POINT('',(11.,37.2536734251794,1.34632657482036));
#2077=CARTESIAN_POINT('',(11.,19.5525397276524,1.34632657482036));
#2078=CARTESIAN_POINT('',(-1.59999998211881,37.2536734251794,1.34632657482036));
#2079=CARTESIAN_POINT('Origin',(-1.60000000000014,37.2536734251794,-2.45367366580864));
#2080=CARTESIAN_POINT('',(-1.60000000000014,38.2036734251794,-2.45367366580864));
#2081=CARTESIAN_POINT('',(-1.59999996423748,37.2536734251794,-2.45367366580864));
#2082=CARTESIAN_POINT('',(-1.60000000000014,37.0036734251794,-2.45367366580864));
#2083=CARTESIAN_POINT('',(-0.800000000000068,38.2036734251794,-2.45367366580864));
#2084=CARTESIAN_POINT('',(-1.60000000000014,37.2536734251794,-2.45367366580864));
#2085=CARTESIAN_POINT('Origin',(-1.60000000000014,37.2536734251794,-2.45367366580864));
#2086=CARTESIAN_POINT('',(1.59999999999987,37.2536734251794,-2.45367366580864));
#2087=CARTESIAN_POINT('',(1.59999999999987,38.2036734251794,-2.45367366580864));
#2088=CARTESIAN_POINT('',(1.59999999999987,37.0036734251794,-2.45367366580864));
#2089=CARTESIAN_POINT('',(11.,37.2536734251794,-2.45367366580864));
#2090=CARTESIAN_POINT('',(-1.60000000000014,37.2536734251794,-2.45367366580864));
#2091=CARTESIAN_POINT('',(11.,38.2036734251794,-2.45367366580864));
#2092=CARTESIAN_POINT('',(11.,19.0775399041071,-2.45367366580864));
#2093=CARTESIAN_POINT('',(-0.800000000000068,38.2036734251794,-2.45367366580864));
#2094=CARTESIAN_POINT('Origin',(0.,38.2036734251794,-11.4536734251796));
#2095=CARTESIAN_POINT('',(-1.60000000000014,38.2036734251794,-11.4536734251796));
#2096=CARTESIAN_POINT('',(-1.60000000000014,38.2036734251794,-7.95367342517964));
#2097=CARTESIAN_POINT('',(0.,38.2036734251794,-11.4536734251796));
#2098=CARTESIAN_POINT('Origin',(0.,38.2036734251794,-11.4536734251796));
#2099=CARTESIAN_POINT('',(11.,38.2036734251794,-11.4536734251796));
#2100=CARTESIAN_POINT('',(11.,38.2036734251794,-11.4536734251796));
#2101=CARTESIAN_POINT('',(1.59999999999987,38.2036734251794,-11.4536734251796));
#2102=CARTESIAN_POINT('',(0.,38.2036734251794,-11.4536734251796));
#2103=CARTESIAN_POINT('',(1.59999999999987,38.2036734251794,-7.95367342517964));
#2104=CARTESIAN_POINT('Origin',(0.,38.2036734251794,-11.4536734251796));
#2105=CARTESIAN_POINT('',(1.59999999999987,38.2036734251794,2.54632657482036));
#2106=CARTESIAN_POINT('',(1.59999999999987,38.2036734251794,-7.95367342517964));
#2107=CARTESIAN_POINT('',(-1.60000000000014,38.2036734251794,2.54632657482036));
#2108=CARTESIAN_POINT('',(-6.70297151117438E-14,38.2036734251794,2.54632657482036));
#2109=CARTESIAN_POINT('',(-1.60000000000014,38.2036734251794,-7.95367342517964));
#2110=CARTESIAN_POINT('',(11.,38.2036734251794,11.));
#2111=CARTESIAN_POINT('',(0.,38.2036734251794,11.));
#2112=CARTESIAN_POINT('',(11.,38.2036734251794,-11.4536734251796));
#2113=CARTESIAN_POINT('Origin',(1.59999999999987,36.7536734251794,-4.45367342517964));
#2114=CARTESIAN_POINT('',(1.59999999999987,36.7536734251794,-11.4536734251796));
#2115=CARTESIAN_POINT('',(1.59999999999987,0.176406383034753,-11.4536734251796));
#2116=CARTESIAN_POINT('',(1.59999999999987,36.7536734251794,-4.45367342517964));
#2117=CARTESIAN_POINT('',(1.59999999999987,36.7536734251794,-7.95367342517964));
#2118=CARTESIAN_POINT('',(1.59999999999987,37.2536734251794,-4.45367342517964));
#2119=CARTESIAN_POINT('',(1.59999999999987,36.7536734251794,-4.45367342517964));
#2120=CARTESIAN_POINT('',(1.59999999999987,37.2536734251794,-4.45367342517964));
#2121=CARTESIAN_POINT('Origin',(1.59999999999987,36.7536734251794,-4.45367342517964));
#2122=CARTESIAN_POINT('',(1.59999999999987,37.2536734251794,2.54632657482036));
#2123=CARTESIAN_POINT('',(1.59999999999987,37.2536734251794,-4.45367342517964));
#2124=CARTESIAN_POINT('',(1.59999999999987,38.2036734251794,2.54632657482036));
#2125=CARTESIAN_POINT('Origin',(-1.60000000000014,36.7536734251794,-11.4536734251796));
#2126=CARTESIAN_POINT('',(-1.59999996423748,37.2536734251794,-4.45367342517964));
#2127=CARTESIAN_POINT('',(-1.59999996423748,37.2536734251794,-4.45367342517964));
#2128=CARTESIAN_POINT('',(-1.60000000000014,36.7536734251794,-4.45367342517964));
#2129=CARTESIAN_POINT('',(-1.60000000000014,36.7536734251794,-4.45367342517964));
#2130=CARTESIAN_POINT('',(-1.60000000000014,36.7536734251794,-11.4536734251796));
#2131=CARTESIAN_POINT('',(-1.60000000000014,36.7536734251794,-11.4536734251796));
#2132=CARTESIAN_POINT('',(-1.60000000000014,0.176406383034753,-11.4536734251796));
#2133=CARTESIAN_POINT('Origin',(-1.59999996423748,37.2536734251794,-4.45367342517964));
#2134=CARTESIAN_POINT('',(-1.59999996423748,37.2536734251794,2.54632657482036));
#2135=CARTESIAN_POINT('',(-1.59999996423748,37.2536734251794,-4.45367342517964));
#2136=CARTESIAN_POINT('',(1.59999999999987,37.2536734251794,2.54632657482036));
#2137=CARTESIAN_POINT('',(11.,37.2536734251794,0.55974493111527));
#2138=CARTESIAN_POINT('',(-1.59999998211881,37.2536734251794,-4.45367342517964));
#2139=CARTESIAN_POINT('Origin',(-1.34059430223488E-13,37.4786734251794,
2.54632657482036));
#2140=CARTESIAN_POINT('',(-1.60000000000014,36.7536734251794,2.54632657482036));
#2141=CARTESIAN_POINT('Origin',(-1.60000000000014,36.7536734251794,-4.45367342517964));
#2142=CARTESIAN_POINT('',(1.54999999999986,36.7536734251794,-4.45367342517964));
#2143=CARTESIAN_POINT('Origin',(-1.60000000000014,36.7536734251794,-11.4536734251796));
#2144=CARTESIAN_POINT('Origin',(0.,-36.4008606591099,-11.4536734251796));
#2145=CARTESIAN_POINT('',(4.72450298087613,-33.1008606591099,-11.4536734251796));
#2146=CARTESIAN_POINT('',(4.72450298087613,-35.7258606591099,-11.4536734251796));
#2147=CARTESIAN_POINT('',(3.12450298087614,-33.1008606591099,-11.4536734251796));
#2148=CARTESIAN_POINT('',(2.36225149043807,-33.1008606591099,-11.4536734251796));
#2149=CARTESIAN_POINT('',(3.12450298087619,-25.2258606591099,-11.4536734251796));
#2150=CARTESIAN_POINT('',(3.12450298087613,-34.7508606591099,-11.4536734251796));
#2151=CARTESIAN_POINT('',(-3.07529721715005,-25.2258606591099,-11.4536734251796));
#2152=CARTESIAN_POINT('',(1.56225149043813,-25.2258606591099,-11.4536734251796));
#2153=CARTESIAN_POINT('',(-3.07529721715009,-33.1008606591099,-11.4536734251796));
#2154=CARTESIAN_POINT('',(-3.07529721715008,-30.8133606591099,-11.4536734251796));
#2155=CARTESIAN_POINT('',(-4.67549701912387,-33.1008606591099,-11.4536734251796));
#2156=CARTESIAN_POINT('',(-1.53764860857504,-33.1008606591099,-11.4536734251796));
#2157=CARTESIAN_POINT('',(-4.67549701912388,-34.7508606591099,-11.4536734251796));
#2158=CARTESIAN_POINT('',(-4.70000000000014,36.7536734251794,-11.4536734251796));
#2159=CARTESIAN_POINT('',(2.34999999999993,36.7536734251794,-11.4536734251796));
#2160=CARTESIAN_POINT('',(-4.70000000000014,35.2536734251795,-11.4536734251796));
#2161=CARTESIAN_POINT('',(-4.70000000000013,0.176406383034752,-11.4536734251796));
#2162=CARTESIAN_POINT('',(4.69999999999986,35.2536734251793,-11.4536734251796));
#2163=CARTESIAN_POINT('',(-2.34999999999938,35.2536734251794,-11.4536734251796));
#2164=CARTESIAN_POINT('',(4.69999999999986,36.7536734251794,-11.4536734251796));
#2165=CARTESIAN_POINT('',(4.69999999999986,-0.573593616965287,-11.4536734251796));
#2166=CARTESIAN_POINT('',(2.34999999999993,36.7536734251794,-11.4536734251796));
#2167=CARTESIAN_POINT('',(11.,38.2036734251794,-11.4536734251796));
#2168=CARTESIAN_POINT('Origin',(4.69999999999986,36.7536734251794,-11.4536734251796));
#2169=CARTESIAN_POINT('',(4.69999999999986,36.7536734251794,4.65132657482036));
#2170=CARTESIAN_POINT('',(4.69999999999986,36.7536734251794,-11.4536734251796));
#2171=CARTESIAN_POINT('',(-4.70000000000014,36.7536734251794,4.65132657482036));
#2172=CARTESIAN_POINT('',(4.69999999999986,36.7536734251794,4.65132657482036));
#2173=CARTESIAN_POINT('',(-4.70000000000014,36.7536734251794,-11.4536734251796));
#2174=CARTESIAN_POINT('Origin',(-11.,-32.42402394652,-7.47683671258982));
#2175=CARTESIAN_POINT('',(-9.35,-34.79902394652,-7.47683671258982));
#2176=CARTESIAN_POINT('',(-11.,-34.79902394652,-7.47683671258982));
#2177=CARTESIAN_POINT('Origin',(-9.35,-32.42402394652,-7.47683671258982));
#2178=CARTESIAN_POINT('Origin',(-9.35,0.901406383034775,-7.47683671258982));
#2179=CARTESIAN_POINT('Origin',(-11.,34.2268367125896,-7.47683671258982));
#2180=CARTESIAN_POINT('',(-9.35,31.8518367125896,-7.47683671258982));
#2181=CARTESIAN_POINT('',(-11.,31.8518367125896,-7.47683671258982));
#2182=CARTESIAN_POINT('Origin',(-9.35,34.2268367125896,-7.47683671258982));
#2183=CARTESIAN_POINT('Origin',(-9.35,0.901406383034775,-7.47683671258982));
#2184=CARTESIAN_POINT('Origin',(11.,-32.42402394652,-7.47683671258982));
#2185=CARTESIAN_POINT('',(11.,-34.79902394652,-7.47683671258982));
#2186=CARTESIAN_POINT('Origin',(11.,-32.42402394652,-7.47683671258982));
#2187=CARTESIAN_POINT('',(9.35,-34.79902394652,-7.47683671258982));
#2188=CARTESIAN_POINT('',(11.,-34.79902394652,-7.47683671258982));
#2189=CARTESIAN_POINT('Origin',(9.35,-32.42402394652,-7.47683671258982));
#2190=CARTESIAN_POINT('Origin',(9.35,-32.42402394652,-7.47683671258982));
#2191=CARTESIAN_POINT('Origin',(11.,34.2268367125896,-7.47683671258982));
#2192=CARTESIAN_POINT('',(11.,31.8518367125896,-7.47683671258982));
#2193=CARTESIAN_POINT('Origin',(11.,34.2268367125896,-7.47683671258982));
#2194=CARTESIAN_POINT('',(9.35,31.8518367125896,-7.47683671258982));
#2195=CARTESIAN_POINT('',(11.,31.8518367125896,-7.47683671258982));
#2196=CARTESIAN_POINT('Origin',(9.35,34.2268367125896,-7.47683671258982));
#2197=CARTESIAN_POINT('Origin',(9.35,34.2268367125896,-7.47683671258982));
#2198=CARTESIAN_POINT('Origin',(-1.4210854715202E-13,36.0036734251793,4.65132657482036));
#2199=CARTESIAN_POINT('',(-4.70000000000014,36.2292864354457,4.65132657482036));
#2200=CARTESIAN_POINT('',(4.69999999999986,36.2292864354457,4.65132657482036));
#2201=CARTESIAN_POINT('',(-7.07767178198537E-14,36.2292864354457,4.65132657482036));
#2202=CARTESIAN_POINT('',(-4.70000000000014,36.7536734251794,4.65132657482036));
#2203=CARTESIAN_POINT('',(4.69999999999986,35.2536734251793,4.65132657482036));
#2204=CARTESIAN_POINT('Origin',(4.69999999999986,35.2536734251793,-11.4536734251796));
#2205=CARTESIAN_POINT('',(4.69999999999986,36.2292864354457,-8.2559069762202));
#2206=CARTESIAN_POINT('',(4.69999999999986,36.2292864354457,-8.88933671258982));
#2207=CARTESIAN_POINT('',(4.69999999999986,35.2536734251793,-8.2559069762202));
#2208=CARTESIAN_POINT('',(4.69999999999986,35.2536734251793,-11.4536734251796));
#2209=CARTESIAN_POINT('',(4.69999999999986,0.,-8.2559069762202));
#2210=CARTESIAN_POINT('Origin',(-4.70000000000014,35.2536734251795,-11.4536734251796));
#2211=CARTESIAN_POINT('',(-4.70000000000014,35.2536734251795,-8.25590697622004));
#2212=CARTESIAN_POINT('Origin',(0.,35.2536734251795,0.));
#2213=CARTESIAN_POINT('',(-4.70000000000014,35.2536734251795,-11.4536734251796));
#2214=CARTESIAN_POINT('Origin',(-4.70000000000014,36.7536734251794,-11.4536734251796));
#2215=CARTESIAN_POINT('',(-4.70000000000014,36.2292864354457,-8.25590697622004));
#2216=CARTESIAN_POINT('',(-4.70000000000014,36.2292864354457,-8.88933671258982));
#2217=CARTESIAN_POINT('',(-4.70000000000013,0.,-8.25590697622004));
#2218=CARTESIAN_POINT('Origin',(0.024502980876126,-30.1383606591099,4.65132657482036));
#2219=CARTESIAN_POINT('',(3.12450298087615,-32.1507135645543,4.65132657482036));
#2220=CARTESIAN_POINT('',(-3.07529721715009,-32.1507135645543,4.65132657482036));
#2221=CARTESIAN_POINT('',(0.0122514904380633,-32.1507135645543,4.65132657482036));
#2222=CARTESIAN_POINT('',(3.12450298087614,-33.1008606591099,4.65132657482036));
#2223=CARTESIAN_POINT('',(3.12450298087619,-25.2258606591099,4.65132657482036));
#2224=CARTESIAN_POINT('',(4.72450298087613,-33.1008606591099,4.65132657482036));
#2225=CARTESIAN_POINT('',(3.12450298087614,-33.1008606591099,4.65132657482036));
#2226=CARTESIAN_POINT('',(4.72450298087613,-33.1008606591099,4.65132657482036));
#2227=CARTESIAN_POINT('',(-4.67549701912387,-33.1008606591099,4.65132657482036));
#2228=CARTESIAN_POINT('',(-4.67549701912388,-35.0508606591098,4.65132657482036));
#2229=CARTESIAN_POINT('',(-3.07529721715009,-33.1008606591099,4.65132657482036));
#2230=CARTESIAN_POINT('',(-4.67549701912387,-33.1008606591099,4.65132657482036));
#2231=CARTESIAN_POINT('',(-3.07529721715009,-33.1008606591099,4.65132657482036));
#2232=CARTESIAN_POINT('Origin',(-3.07529721715005,-25.2258606591099,-11.4536734251796));
#2233=CARTESIAN_POINT('',(-3.07529721715009,-32.1507135645543,-8.98846744591028));
#2234=CARTESIAN_POINT('',(-3.07529721715009,-32.1507135645543,-8.88933671258982));
#2235=CARTESIAN_POINT('',(-3.07529721715009,-33.1008606591099,-11.4536734251796));
#2236=CARTESIAN_POINT('',(-3.07529721715005,-25.2258606591099,-8.9884674459103));
#2237=CARTESIAN_POINT('',(-3.07529721715005,-25.2258606591099,-11.4536734251796));
#2238=CARTESIAN_POINT('',(-3.07529721714992,0.,-8.98846744591034));
#2239=CARTESIAN_POINT('Origin',(-4.67549701912387,-33.1008606591099,-11.4536734251796));
#2240=CARTESIAN_POINT('',(-4.67549701912387,-33.1008606591099,-11.4536734251796));
#2241=CARTESIAN_POINT('Origin',(-3.07529721715009,-33.1008606591099,-11.4536734251796));
#2242=CARTESIAN_POINT('Origin',(3.12450298087619,-25.2258606591099,-11.4536734251796));
#2243=CARTESIAN_POINT('',(3.12450298087619,-25.2258606591099,-8.9714815455696));
#2244=CARTESIAN_POINT('Origin',(0.,-25.2258606591099,0.));
#2245=CARTESIAN_POINT('',(3.12450298087619,-25.2258606591099,-11.4536734251796));
#2246=CARTESIAN_POINT('Origin',(3.12450298087614,-33.1008606591099,-11.4536734251796));
#2247=CARTESIAN_POINT('',(3.12450298087615,-32.1507135645543,-8.97148154556961));
#2248=CARTESIAN_POINT('',(3.12450298087615,-32.1507135645543,-8.88933671258982));
#2249=CARTESIAN_POINT('',(3.12450298087635,0.,-8.97148154556954));
#2250=CARTESIAN_POINT('',(3.12450298087614,-33.1008606591099,-11.4536734251796));
#2251=CARTESIAN_POINT('Origin',(4.72450298087613,-33.1008606591099,-11.4536734251796));
#2252=CARTESIAN_POINT('',(4.72450298087613,-33.1008606591099,-11.4536734251796));
#2253=CARTESIAN_POINT('Origin',(4.72450298087613,-35.0508606591099,-11.4536734251796));
#2254=CARTESIAN_POINT('Origin',(5.55111512312578E-16,36.2292864354457,-6.325));
#2255=CARTESIAN_POINT('',(-9.5,36.2292864354457,1.16341445918999E-15));
#2256=CARTESIAN_POINT('Origin',(0.,36.2292864354457,0.));
#2257=CARTESIAN_POINT('Origin',(0.,36.2292864354457,0.));
#2258=CARTESIAN_POINT('Origin',(5.55111512312578E-16,-32.1507135645543,
-6.325));
#2259=CARTESIAN_POINT('',(-9.01201552278915,-32.1507135645543,-3.00559082661088));
#2260=CARTESIAN_POINT('Origin',(0.,-32.1507135645543,0.));
#2261=CARTESIAN_POINT('',(-8.45414099716819,-32.1507135645543,-3.00559082661088));
#2262=CARTESIAN_POINT('',(0.,-32.1507135645543,-3.00559082661088));
#2263=CARTESIAN_POINT('',(-8.45414099716819,-32.1507135645543,2.00559082661097));
#2264=CARTESIAN_POINT('',(-8.45414099716819,-32.1507135645543,-0.159483726370229));
#2265=CARTESIAN_POINT('',(-9.28588204944549,-32.1507135645543,2.00559082661097));
#2266=CARTESIAN_POINT('',(0.,-32.1507135645543,2.00559082661097));
#2267=CARTESIAN_POINT('',(9.28588204944549,-32.1507135645543,2.00559082661097));
#2268=CARTESIAN_POINT('Origin',(0.,-32.1507135645543,0.));
#2269=CARTESIAN_POINT('',(8.45414099716819,-32.1507135645543,2.00559082661097));
#2270=CARTESIAN_POINT('',(0.,-32.1507135645543,2.00559082661097));
#2271=CARTESIAN_POINT('',(8.45414099716819,-32.1507135645543,-3.00559082661088));
#2272=CARTESIAN_POINT('',(8.45414099716819,-32.1507135645543,-0.159483726370229));
#2273=CARTESIAN_POINT('',(9.01201552278915,-32.1507135645543,-3.00559082661088));
#2274=CARTESIAN_POINT('',(0.,-32.1507135645543,-3.00559082661088));
#2275=CARTESIAN_POINT('Origin',(0.,-32.1507135645543,0.));
#2276=CARTESIAN_POINT('Origin',(0.,0.,0.));
#2277=CARTESIAN_POINT('',(9.19242422660295,-31.2773177944174,2.39777747886729));
#2278=CARTESIAN_POINT('Ctrl Pts',(9.28588204944549,-32.1507135645543,2.00559082661097));
#2279=CARTESIAN_POINT('Ctrl Pts',(9.26372632039377,-31.9949263550456,2.10817181370163));
#2280=CARTESIAN_POINT('Ctrl Pts',(9.24267567006742,-31.8274301707679,2.19739199882528));
#2281=CARTESIAN_POINT('Ctrl Pts',(9.21229992799672,-31.5306365545829,2.3208349598793));
#2282=CARTESIAN_POINT('Ctrl Pts',(9.20133386171513,-31.404793859014,2.36362037030436));
#2283=CARTESIAN_POINT('Ctrl Pts',(9.19242422660295,-31.2773177944174,2.39777747886729));
#2284=CARTESIAN_POINT('',(-9.19242422660295,-31.2773177944174,2.39777747886729));
#2285=CARTESIAN_POINT('Ctrl Pts',(-9.19242422660295,-31.2773177944174,2.39777747886729));
#2286=CARTESIAN_POINT('Ctrl Pts',(-9.20133386171513,-31.404793859014,2.36362037030436));
#2287=CARTESIAN_POINT('Ctrl Pts',(-9.21229992799672,-31.5306365545829,2.32083495987931));
#2288=CARTESIAN_POINT('Ctrl Pts',(-9.24267567006742,-31.8274301707679,2.19739199882528));
#2289=CARTESIAN_POINT('Ctrl Pts',(-9.26372632039377,-31.9949263550456,2.10817181370164));
#2290=CARTESIAN_POINT('Ctrl Pts',(-9.28588204944549,-32.1507135645543,2.00559082661098));
#2291=CARTESIAN_POINT('',(-9.05861928743754,-29.5445728234799,2.86206509451908));
#2292=CARTESIAN_POINT('Origin',(0.,-40.2259451707948,0.));
#2293=CARTESIAN_POINT('',(9.05861928743754,-29.5445728234799,2.86206509451908));
#2294=CARTESIAN_POINT('Origin',(0.,-29.9468098408362,0.));
#2295=CARTESIAN_POINT('Origin',(0.,-40.2259451707948,0.));
#2296=CARTESIAN_POINT('Origin',(0.,0.,0.));
#2297=CARTESIAN_POINT('',(8.83176086632785,-30.5008606591099,-3.5));
#2298=CARTESIAN_POINT('Ctrl Pts',(8.83176086632785,-30.5008606591099,-3.5));
#2299=CARTESIAN_POINT('Ctrl Pts',(8.83176086632785,-30.8808261498727,-3.5));
#2300=CARTESIAN_POINT('Ctrl Pts',(8.86321165830037,-31.2834468484107,-3.4234524974794));
#2301=CARTESIAN_POINT('Ctrl Pts',(8.94598873506677,-31.8269072376406,-3.19770134624145));
#2302=CARTESIAN_POINT('Ctrl Pts',(8.9777781866859,-31.9948096696181,-3.10824864739261));
#2303=CARTESIAN_POINT('Ctrl Pts',(9.01201552278915,-32.1507135645543,-3.00559082661088));
#2304=CARTESIAN_POINT('',(8.83176086632785,32.225693775199,-3.5));
#2305=CARTESIAN_POINT('',(8.83176086632785,0.,-3.5));
#2306=CARTESIAN_POINT('',(9.48678354049541,35.2256936288154,-0.500937177483768));
#2307=CARTESIAN_POINT('Ctrl Pts',(9.48678354049541,35.2256936288154,-0.500937177483768));
#2308=CARTESIAN_POINT('Ctrl Pts',(9.46662418692087,35.225574363835,-0.882716434991923));
#2309=CARTESIAN_POINT('Ctrl Pts',(9.41993993631053,35.148262232437,-1.28662857020175));
#2310=CARTESIAN_POINT('Ctrl Pts',(9.2891263706499,34.8396958419874,-2.02559696800572));
#2311=CARTESIAN_POINT('Ctrl Pts',(9.20608958051876,34.6084935474743,-2.36087264987215));
#2312=CARTESIAN_POINT('Ctrl Pts',(9.05442856337362,34.0790252347491,-2.88826829617613));
#2313=CARTESIAN_POINT('Ctrl Pts',(8.97539461988246,33.7448002470223,-3.11750508165184));
#2314=CARTESIAN_POINT('Ctrl Pts',(8.86321165830037,33.0082799644998,-3.4234524974794));
#2315=CARTESIAN_POINT('Ctrl Pts',(8.83176086632785,32.6056592659618,-3.5));
#2316=CARTESIAN_POINT('Ctrl Pts',(8.83176086632785,32.225693775199,-3.5));
#2317=CARTESIAN_POINT('',(-9.5,35.2258501178375,1.16283953733506E-15));
#2318=CARTESIAN_POINT('Origin',(0.,35.2258501178375,0.));
#2319=CARTESIAN_POINT('',(-9.5,0.,1.16341445918999E-15));
#2320=CARTESIAN_POINT('',(-9.48678354049541,35.2256936288154,-0.500937177483768));
#2321=CARTESIAN_POINT('Origin',(0.,35.2258501178375,0.));
#2322=CARTESIAN_POINT('',(-8.83176086632785,32.225693775199,-3.5));
#2323=CARTESIAN_POINT('Ctrl Pts',(-8.83176086632785,32.225693775199,-3.5));
#2324=CARTESIAN_POINT('Ctrl Pts',(-8.83176086632785,32.6056592659618,-3.5));
#2325=CARTESIAN_POINT('Ctrl Pts',(-8.86321165830037,33.0082799644998,-3.4234524974794));
#2326=CARTESIAN_POINT('Ctrl Pts',(-8.97539461988246,33.7448002470223,-3.11750508165183));
#2327=CARTESIAN_POINT('Ctrl Pts',(-9.05442856337362,34.0790252347491,-2.88826829617613));
#2328=CARTESIAN_POINT('Ctrl Pts',(-9.20608958051876,34.6084935474743,-2.36087264987215));
#2329=CARTESIAN_POINT('Ctrl Pts',(-9.2891263706499,34.8396958419874,-2.02559696800572));
#2330=CARTESIAN_POINT('Ctrl Pts',(-9.41993993631053,35.148262232437,-1.28662857020175));
#2331=CARTESIAN_POINT('Ctrl Pts',(-9.46662418692087,35.225574363835,-0.882716434991923));
#2332=CARTESIAN_POINT('Ctrl Pts',(-9.48678354049541,35.2256936288154,-0.500937177483768));
#2333=CARTESIAN_POINT('',(-8.83176086632785,-30.5008606591099,-3.5));
#2334=CARTESIAN_POINT('',(-8.83176086632785,0.,-3.5));
#2335=CARTESIAN_POINT('Ctrl Pts',(-9.01201552278915,-32.1507135645543,-3.00559082661088));
#2336=CARTESIAN_POINT('Ctrl Pts',(-8.9777781866859,-31.9948096696181,-3.10824864739261));
#2337=CARTESIAN_POINT('Ctrl Pts',(-8.94598873506677,-31.8269072376406,-3.19770134624145));
#2338=CARTESIAN_POINT('Ctrl Pts',(-8.86321165830037,-31.2834468484107,-3.4234524974794));
#2339=CARTESIAN_POINT('Ctrl Pts',(-8.83176086632785,-30.8808261498727,-3.5));
#2340=CARTESIAN_POINT('Ctrl Pts',(-8.83176086632785,-30.5008606591099,-3.5));
#2341=CARTESIAN_POINT('Origin',(0.,32.225693775199,-3.5));
#2342=CARTESIAN_POINT('',(11.,-30.5008606591099,-3.5));
#2343=CARTESIAN_POINT('',(0.,-30.5008606591099,-3.5));
#2344=CARTESIAN_POINT('',(11.,32.225693775199,-3.5));
#2345=CARTESIAN_POINT('',(11.,32.225693775199,-3.5));
#2346=CARTESIAN_POINT('',(0.,32.225693775199,-3.5));
#2347=CARTESIAN_POINT('Origin',(0.,32.225693775199,-0.499999999999953));
#2348=CARTESIAN_POINT('',(0.,35.2256936288154,-0.500937177483768));
#2349=CARTESIAN_POINT('',(0.,32.225693775199,-3.5));
#2350=CARTESIAN_POINT('Origin',(0.,32.225693775199,-0.499999999999953));
#2351=CARTESIAN_POINT('',(11.,35.2256936288154,-0.500937177483769));
#2352=CARTESIAN_POINT('Origin',(11.,32.225693775199,-0.499999999999953));
#2353=CARTESIAN_POINT('',(0.,35.2256936288154,-0.500937177483768));
#2354=CARTESIAN_POINT('Origin',(8.45414099716819,-31.5227167412949,-0.318967452740458));
#2355=CARTESIAN_POINT('Origin',(8.45414099716819,-30.5008606591099,-0.499999999999955));
#2356=CARTESIAN_POINT('Origin',(0.,-30.5008606591099,-0.499999999999955));
#2357=CARTESIAN_POINT('',(11.,-31.2773177944174,2.39777747886729));
#2358=CARTESIAN_POINT('',(0.,-31.2773177944174,2.39777747886729));
#2359=CARTESIAN_POINT('Origin',(11.,-30.5008606591099,-0.499999999999955));
#2360=CARTESIAN_POINT('Origin',(0.,-31.2773177944174,2.39777747886729));
#2361=CARTESIAN_POINT('',(11.,-29.5445728234799,2.86206509451908));
#2362=CARTESIAN_POINT('',(0.,-29.5445728234799,2.86206509451908));
#2363=CARTESIAN_POINT('',(11.,-29.5445728234799,2.86206509451908));
#2364=CARTESIAN_POINT('Origin',(0.,-29.5445728234799,2.86206509451908));
#2365=CARTESIAN_POINT('',(0.,-29.5445728234799,2.86206509451908));
#2366=CARTESIAN_POINT('',(11.,-28.4008606591099,11.));
#2367=CARTESIAN_POINT('',(0.,-28.4008606591099,11.));
#2368=CARTESIAN_POINT('',(11.,-28.4008606591099,11.));
#2369=CARTESIAN_POINT('Origin',(-8.45414099716819,-31.5227167412949,-0.318967452740458));
#2370=CARTESIAN_POINT('Origin',(-8.45414099716819,-30.5008606591099,-0.499999999999955));
#2371=CARTESIAN_POINT('Origin',(0.,-31.2773177944174,2.39777747886729));
#2372=CARTESIAN_POINT('',(0.,-31.2773177944174,2.39777747886729));
#2373=CARTESIAN_POINT('Origin',(0.,-30.5008606591099,-0.499999999999955));
#2374=CARTESIAN_POINT('',(0.,-30.5008606591099,-3.5));
#2375=CARTESIAN_POINT('Origin',(0.,32.225693775199,-3.5));
#2376=CARTESIAN_POINT('Origin',(0.,-28.4008606591099,11.));
#2377=CARTESIAN_POINT('',(11.,-36.4008606591099,11.));
#2378=CARTESIAN_POINT('Origin',(0.,35.2292864354457,11.));
#2379=CARTESIAN_POINT('',(11.,35.2292864354457,11.));
#2380=CARTESIAN_POINT('',(11.,35.2292864354457,11.));
#2381=CARTESIAN_POINT('',(0.,35.2292864354457,11.));
#2382=CARTESIAN_POINT('Origin',(0.,38.2036734251794,11.));
#2383=CARTESIAN_POINT('',(11.,38.2036734251794,11.));
#2384=CARTESIAN_POINT('Origin',(11.,0.901406383034757,-0.226836712589822));
#2385=UNCERTAINTY_MEASURE_WITH_UNIT(LENGTH_MEASURE(0.01),#2389,
'DISTANCE_ACCURACY_VALUE',
'Maximum model space distance between geometric entities at asserted c
onnectivities');
#2386=UNCERTAINTY_MEASURE_WITH_UNIT(LENGTH_MEASURE(0.01),#2389,
'DISTANCE_ACCURACY_VALUE',
'Maximum model space distance between geometric entities at asserted c
onnectivities');
#2387=(
GEOMETRIC_REPRESENTATION_CONTEXT(3)
GLOBAL_UNCERTAINTY_ASSIGNED_CONTEXT((#2385))
GLOBAL_UNIT_ASSIGNED_CONTEXT((#2389,#2391,#2392))
REPRESENTATION_CONTEXT('','3D')
);
#2388=(
GEOMETRIC_REPRESENTATION_CONTEXT(3)
GLOBAL_UNCERTAINTY_ASSIGNED_CONTEXT((#2386))
GLOBAL_UNIT_ASSIGNED_CONTEXT((#2389,#2391,#2392))
REPRESENTATION_CONTEXT('','3D')
);
#2389=(
LENGTH_UNIT()
NAMED_UNIT(*)
SI_UNIT(.MILLI.,.METRE.)
);
#2390=(
LENGTH_UNIT()
NAMED_UNIT(*)
SI_UNIT($,.METRE.)
);
#2391=(
NAMED_UNIT(*)
PLANE_ANGLE_UNIT()
SI_UNIT($,.RADIAN.)
);
#2392=(
NAMED_UNIT(*)
SI_UNIT($,.STERADIAN.)
SOLID_ANGLE_UNIT()
);
#2393=SHAPE_DEFINITION_REPRESENTATION(#2394,#2395);
#2394=PRODUCT_DEFINITION_SHAPE('',$,#2397);
#2395=SHAPE_REPRESENTATION('',(#1461),#2387);
#2396=PRODUCT_DEFINITION_CONTEXT('part definition',#2401,'design');
#2397=PRODUCT_DEFINITION('Inferior','Inferior',#2398,#2396);
#2398=PRODUCT_DEFINITION_FORMATION('',$,#2403);
#2399=PRODUCT_RELATED_PRODUCT_CATEGORY('Inferior','Inferior',(#2403));
#2400=APPLICATION_PROTOCOL_DEFINITION('international standard',
'automotive_design',2009,#2401);
#2401=APPLICATION_CONTEXT(
'Core Data for Automotive Mechanical Design Process');
#2402=PRODUCT_CONTEXT('part definition',#2401,'mechanical');
#2403=PRODUCT('Inferior','Inferior',$,(#2402));
#2404=PRESENTATION_STYLE_ASSIGNMENT((#2405));
#2405=SURFACE_STYLE_USAGE(.BOTH.,#2406);
#2406=SURFACE_SIDE_STYLE('',(#2407));
#2407=SURFACE_STYLE_FILL_AREA(#2408);
#2408=FILL_AREA_STYLE('Acero - Satinado',(#2409));
#2409=FILL_AREA_STYLE_COLOUR('Acero - Satinado',#2410);
#2410=COLOUR_RGB('Acero - Satinado',0.627450980392157,0.627450980392157,
0.627450980392157);
ENDSEC;
END-ISO-10303-21;
