ISO-10303-21;
HEADER;
/* Generated by software containing ST-Developer
 * from STEP Tools, Inc. (www.steptools.com) 
 */

FILE_DESCRIPTION(
/* description */ (''),
/* implementation_level */ '2;1');

FILE_NAME(
/* name */ 'Caja contador gas zigbee.step',
/* time_stamp */ '2026-06-20T11:07:08+02:00',
/* author */ (''),
/* organization */ (''),
/* preprocessor_version */ 'ST-DEVELOPER v20.1',
/* originating_system */ 'Autodesk Translation Framework v15.8.0.0',
/* authorisation */ '');

FILE_SCHEMA (('AUTOMOTIVE_DESIGN { 1 0 10303 214 3 1 1 }'));
ENDSEC;

DATA;
#10=MECHANICAL_DESIGN_GEOMETRIC_PRESENTATION_REPRESENTATION('',(#13),#3808);
#11=SHAPE_REPRESENTATION_RELATIONSHIP('SRR','None',#3815,#12);
#12=ADVANCED_BREP_SHAPE_REPRESENTATION('',(#14),#3807);
#13=STYLED_ITEM('',(#3824),#14);
#14=MANIFOLD_SOLID_BREP('Caja contador gas zigbee',#2244);
#15=(
BOUNDED_SURFACE()
B_SPLINE_SURFACE(1,2,((#3745,#3746,#3747,#3748,#3749),(#3750,#3751,#3752,
#3753,#3754)),.UNSPECIFIED.,.F.,.F.,.F.)
B_SPLINE_SURFACE_WITH_KNOTS((2,2),(3,2,3),(-0.432938367479437,4.9),(-2.22044604925031E-16,
1.5707963267949,3.14159265358979),.UNSPECIFIED.)
GEOMETRIC_REPRESENTATION_ITEM()
RATIONAL_B_SPLINE_SURFACE(((1.,0.707106781186547,1.,0.707106781186547,1.),
(1.,0.707106781186547,1.,0.707106781186547,1.)))
REPRESENTATION_ITEM('')
SURFACE()
);
#16=ELLIPSE('',#2376,95.4056834386409,5.);
#17=ELLIPSE('',#2377,95.4056834386409,5.);
#18=ELLIPSE('',#2403,2.82842712474619,2.);
#19=ELLIPSE('',#2404,2.82842712474619,2.);
#20=ELLIPSE('',#2410,2.82842712474619,2.);
#21=ELLIPSE('',#2411,2.82842712474619,2.);
#22=ELLIPSE('',#2412,2.82842712474619,2.);
#23=ELLIPSE('',#2414,2.82842712474619,2.);
#24=ELLIPSE('',#2422,5.,4.99314767377287);
#25=ELLIPSE('',#2426,7.06137715918126,5.);
#26=B_SPLINE_SURFACE_WITH_KNOTS('',3,3,((#3365,#3366,#3367,#3368),(#3369,
#3370,#3371,#3372),(#3373,#3374,#3375,#3376),(#3377,#3378,#3379,#3380),
(#3381,#3382,#3383,#3384),(#3385,#3386,#3387,#3388),(#3389,#3390,#3391,
#3392)),.UNSPECIFIED.,.F.,.F.,.F.,(4,1,1,1,4),(4,4),(2.68549541669945E-15,
0.426051086449484,1.27815325934845,2.13025543224741,2.98235760514637),(-0.470468747360776,
0.),.UNSPECIFIED.);
#27=B_SPLINE_CURVE_WITH_KNOTS('',3,(#3268,#3269,#3270,#3271),
 .UNSPECIFIED.,.F.,.F.,(4,4),(3.33950203055014,3.6453479575535),
 .UNSPECIFIED.);
#28=B_SPLINE_CURVE_WITH_KNOTS('',3,(#3346,#3347,#3348,#3349),
 .UNSPECIFIED.,.F.,.F.,(4,4),(3.30543437477309,3.42481023297151),
 .UNSPECIFIED.);
#29=B_SPLINE_CURVE_WITH_KNOTS('',3,(#3351,#3352,#3353,#3354,#3355,#3356),
 .UNSPECIFIED.,.F.,.F.,(4,2,4),(1.82431346636635,1.99005910914325,2.10870439627291),
 .UNSPECIFIED.);
#30=B_SPLINE_CURVE_WITH_KNOTS('',3,(#3358,#3359,#3360,#3361),
 .UNSPECIFIED.,.F.,.F.,(4,4),(-0.470468747360776,0.),.UNSPECIFIED.);
#31=B_SPLINE_CURVE_WITH_KNOTS('',3,(#3408,#3409,#3410,#3411,#3412,#3413),
 .UNSPECIFIED.,.F.,.F.,(4,2,4),(3.72432183571094,3.83876598881943,3.83985755284109),
 .UNSPECIFIED.);
#32=B_SPLINE_CURVE_WITH_KNOTS('',3,(#3431,#3432,#3433,#3434),
 .UNSPECIFIED.,.F.,.F.,(4,4),(3.14211696755461,3.59123547754686),
 .UNSPECIFIED.);
#33=B_SPLINE_CURVE_WITH_KNOTS('',3,(#3478,#3479,#3480,#3481),
 .UNSPECIFIED.,.F.,.F.,(4,4),(3.14211696755466,3.48413698250504),
 .UNSPECIFIED.);
#34=CONICAL_SURFACE('',#2296,2.37500000000001,0.610865238198015);
#35=CONICAL_SURFACE('',#2310,2.37499999999999,0.610865238198015);
#36=CONICAL_SURFACE('',#2314,4.375,0.610865238198015);
#37=CONICAL_SURFACE('',#2320,2.37500000000001,0.610865238198015);
#38=CONICAL_SURFACE('',#2323,4.37500000000002,0.610865238198015);
#39=CONICAL_SURFACE('',#2325,2.37500000000001,0.610865238198015);
#40=CONICAL_SURFACE('',#2329,2.37499999999999,0.610865238198015);
#41=CONICAL_SURFACE('',#2333,2.37499999999999,0.610865238198015);
#42=CONICAL_SURFACE('',#2336,4.375,0.610865238198015);
#43=CONICAL_SURFACE('',#2343,2.37499999999999,0.610865238198015);
#44=CONICAL_SURFACE('',#2346,4.375,0.610865238198015);
#45=CONICAL_SURFACE('',#2348,2.37499999999998,0.610865238198015);
#46=CONICAL_SURFACE('',#2433,1.1875,1.02974425867665);
#47=CYLINDRICAL_SURFACE('',#2279,2.375);
#48=CYLINDRICAL_SURFACE('',#2283,2.375);
#49=CYLINDRICAL_SURFACE('',#2304,2.375);
#50=CYLINDRICAL_SURFACE('',#2307,2.375);
#51=CYLINDRICAL_SURFACE('',#2352,2.375);
#52=CYLINDRICAL_SURFACE('',#2353,4.37500000000002);
#53=CYLINDRICAL_SURFACE('',#2354,2.375);
#54=CYLINDRICAL_SURFACE('',#2355,2.375);
#55=CYLINDRICAL_SURFACE('',#2356,2.375);
#56=CYLINDRICAL_SURFACE('',#2357,4.375);
#57=CYLINDRICAL_SURFACE('',#2358,2.375);
#58=CYLINDRICAL_SURFACE('',#2359,2.375);
#59=CYLINDRICAL_SURFACE('',#2360,2.375);
#60=CYLINDRICAL_SURFACE('',#2361,4.37499999999979);
#61=CYLINDRICAL_SURFACE('',#2362,2.375);
#62=CYLINDRICAL_SURFACE('',#2363,2.375);
#63=CYLINDRICAL_SURFACE('',#2364,2.375);
#64=CYLINDRICAL_SURFACE('',#2365,2.375);
#65=CYLINDRICAL_SURFACE('',#2366,4.375);
#66=CYLINDRICAL_SURFACE('',#2367,2.375);
#67=CYLINDRICAL_SURFACE('',#2382,4.75);
#68=CYLINDRICAL_SURFACE('',#2402,2.);
#69=CYLINDRICAL_SURFACE('',#2409,2.);
#70=CYLINDRICAL_SURFACE('',#2413,2.);
#71=CYLINDRICAL_SURFACE('',#2418,2.);
#72=CYLINDRICAL_SURFACE('',#2420,2.);
#73=CYLINDRICAL_SURFACE('',#2431,2.375);
#74=(
BOUNDED_CURVE()
B_SPLINE_CURVE(2,(#3138,#3139,#3140),.UNSPECIFIED.,.F.,.F.)
B_SPLINE_CURVE_WITH_KNOTS((3,3),(1.2676035878619,2.40678374853557),
 .UNSPECIFIED.)
CURVE()
GEOMETRIC_REPRESENTATION_ITEM()
RATIONAL_B_SPLINE_CURVE((1.,1.4816112726403,1.09758598160688))
REPRESENTATION_ITEM('')
);
#75=(
BOUNDED_CURVE()
B_SPLINE_CURVE(2,(#3176,#3177,#3178),.UNSPECIFIED.,.F.,.F.)
B_SPLINE_CURVE_WITH_KNOTS((3,3),(0.342903541850071,1.16198353793927),
 .UNSPECIFIED.)
CURVE()
GEOMETRIC_REPRESENTATION_ITEM()
RATIONAL_B_SPLINE_CURVE((1.2055879747392,1.34833387977905,1.))
REPRESENTATION_ITEM('')
);
#76=(
BOUNDED_CURVE()
B_SPLINE_CURVE(2,(#3222,#3223,#3224),.UNSPECIFIED.,.F.,.F.)
B_SPLINE_CURVE_WITH_KNOTS((3,3),(0.10342492103622,0.270995744111875),
 .UNSPECIFIED.)
CURVE()
GEOMETRIC_REPRESENTATION_ITEM()
RATIONAL_B_SPLINE_CURVE((1.00264436880495,1.00346441014808,1.))
REPRESENTATION_ITEM('')
);
#77=(
BOUNDED_CURVE()
B_SPLINE_CURVE(2,(#3256,#3257,#3258),.UNSPECIFIED.,.F.,.F.)
B_SPLINE_CURVE_WITH_KNOTS((3,3),(1.89074169785934,2.13792833041214),
 .UNSPECIFIED.)
CURVE()
GEOMETRIC_REPRESENTATION_ITEM()
RATIONAL_B_SPLINE_CURVE((1.,1.,1.))
REPRESENTATION_ITEM('')
);
#78=(
BOUNDED_CURVE()
B_SPLINE_CURVE(2,(#3260,#3261,#3262),.UNSPECIFIED.,.F.,.F.)
B_SPLINE_CURVE_WITH_KNOTS((3,3),(1.16198353793927,1.98106353402847),
 .UNSPECIFIED.)
CURVE()
GEOMETRIC_REPRESENTATION_ITEM()
RATIONAL_B_SPLINE_CURVE((1.,1.34833387977906,1.20558797473921))
REPRESENTATION_ITEM('')
);
#79=(
BOUNDED_CURVE()
B_SPLINE_CURVE(2,(#3272,#3273,#3274),.UNSPECIFIED.,.F.,.F.)
B_SPLINE_CURVE_WITH_KNOTS((3,3),(3.19950663317625,3.2778791832638),
 .UNSPECIFIED.)
CURVE()
GEOMETRIC_REPRESENTATION_ITEM()
RATIONAL_B_SPLINE_CURVE((1.,1.,1.))
REPRESENTATION_ITEM('')
);
#80=(
BOUNDED_CURVE()
B_SPLINE_CURVE(2,(#3286,#3287,#3288),.UNSPECIFIED.,.F.,.F.)
B_SPLINE_CURVE_WITH_KNOTS((3,3),(0.499454070122057,0.560087554758814),
 .UNSPECIFIED.)
CURVE()
GEOMETRIC_REPRESENTATION_ITEM()
RATIONAL_B_SPLINE_CURVE((1.03229473214427,1.02920585130522,1.02489103844962))
REPRESENTATION_ITEM('')
);
#81=(
BOUNDED_CURVE()
B_SPLINE_CURVE(2,(#3290,#3291,#3292),.UNSPECIFIED.,.F.,.F.)
B_SPLINE_CURVE_WITH_KNOTS((3,3),(0.,0.293427933154899),.UNSPECIFIED.)
CURVE()
GEOMETRIC_REPRESENTATION_ITEM()
RATIONAL_B_SPLINE_CURVE((1.,1.00785906828756,1.00348315454594))
REPRESENTATION_ITEM('')
);
#82=(
BOUNDED_CURVE()
B_SPLINE_CURVE(2,(#3310,#3311,#3312),.UNSPECIFIED.,.F.,.F.)
B_SPLINE_CURVE_WITH_KNOTS((3,3),(1.89074169785934,2.14550124155583),
 .UNSPECIFIED.)
CURVE()
GEOMETRIC_REPRESENTATION_ITEM()
RATIONAL_B_SPLINE_CURVE((1.,1.,1.))
REPRESENTATION_ITEM('')
);
#83=(
BOUNDED_CURVE()
B_SPLINE_CURVE(2,(#3313,#3314,#3315),.UNSPECIFIED.,.F.,.F.)
B_SPLINE_CURVE_WITH_KNOTS((3,3),(3.08564249425738,3.27787918326412),
 .UNSPECIFIED.)
CURVE()
GEOMETRIC_REPRESENTATION_ITEM()
RATIONAL_B_SPLINE_CURVE((1.,1.,1.))
REPRESENTATION_ITEM('')
);
#84=(
BOUNDED_CURVE()
B_SPLINE_CURVE(2,(#3333,#3334,#3335),.UNSPECIFIED.,.F.,.F.)
B_SPLINE_CURVE_WITH_KNOTS((3,3),(0.327767117487421,1.00472917843817),
 .UNSPECIFIED.)
CURVE()
GEOMETRIC_REPRESENTATION_ITEM()
RATIONAL_B_SPLINE_CURVE((1.18899559461779,1.28967120003435,1.))
REPRESENTATION_ITEM('')
);
#85=(
BOUNDED_CURVE()
B_SPLINE_CURVE(2,(#3342,#3343,#3344),.UNSPECIFIED.,.F.,.F.)
B_SPLINE_CURVE_WITH_KNOTS((3,3),(0.0446915630329065,0.389158923867348),
 .UNSPECIFIED.)
CURVE()
GEOMETRIC_REPRESENTATION_ITEM()
RATIONAL_B_SPLINE_CURVE((1.05759711431481,1.27359941568884,1.3976157615177))
REPRESENTATION_ITEM('')
);
#86=(
BOUNDED_CURVE()
B_SPLINE_CURVE(2,(#3403,#3404,#3405),.UNSPECIFIED.,.F.,.F.)
B_SPLINE_CURVE_WITH_KNOTS((3,3),(0.992027891132409,1.58954068455631),
 .UNSPECIFIED.)
CURVE()
GEOMETRIC_REPRESENTATION_ITEM()
RATIONAL_B_SPLINE_CURVE((2.04464922654711,2.04464922654711,1.66566848720935))
REPRESENTATION_ITEM('')
);
#87=(
BOUNDED_CURVE()
B_SPLINE_CURVE(2,(#3414,#3415,#3416),.UNSPECIFIED.,.F.,.F.)
B_SPLINE_CURVE_WITH_KNOTS((3,3),(1.58954068455631,1.95302180566893),
 .UNSPECIFIED.)
CURVE()
GEOMETRIC_REPRESENTATION_ITEM()
RATIONAL_B_SPLINE_CURVE((1.66566848720935,1.43512556740805,1.06433795347432))
REPRESENTATION_ITEM('')
);
#88=(
BOUNDED_CURVE()
B_SPLINE_CURVE(2,(#3423,#3424,#3425),.UNSPECIFIED.,.F.,.F.)
B_SPLINE_CURVE_WITH_KNOTS((3,3),(1.26760358786187,2.40678374853554),
 .UNSPECIFIED.)
CURVE()
GEOMETRIC_REPRESENTATION_ITEM()
RATIONAL_B_SPLINE_CURVE((1.,1.48161127264031,1.09758598160686))
REPRESENTATION_ITEM('')
);
#89=(
BOUNDED_CURVE()
B_SPLINE_CURVE(2,(#3435,#3436,#3437),.UNSPECIFIED.,.F.,.F.)
B_SPLINE_CURVE_WITH_KNOTS((3,3),(3.37040641146474,3.58777751631273),
 .UNSPECIFIED.)
CURVE()
GEOMETRIC_REPRESENTATION_ITEM()
RATIONAL_B_SPLINE_CURVE((1.,1.,1.))
REPRESENTATION_ITEM('')
);
#90=(
BOUNDED_CURVE()
B_SPLINE_CURVE(2,(#3444,#3445,#3446),.UNSPECIFIED.,.F.,.F.)
B_SPLINE_CURVE_WITH_KNOTS((3,3),(0.12842342718677,1.26760358786188),
 .UNSPECIFIED.)
CURVE()
GEOMETRIC_REPRESENTATION_ITEM()
RATIONAL_B_SPLINE_CURVE((1.0975859816059,1.48161127264093,1.))
REPRESENTATION_ITEM('')
);
#91=(
BOUNDED_CURVE()
B_SPLINE_CURVE(2,(#3447,#3448,#3449),.UNSPECIFIED.,.F.,.F.)
B_SPLINE_CURVE_WITH_KNOTS((3,3),(3.37040641147967,3.58777751632537),
 .UNSPECIFIED.)
CURVE()
GEOMETRIC_REPRESENTATION_ITEM()
RATIONAL_B_SPLINE_CURVE((1.,1.,1.))
REPRESENTATION_ITEM('')
);
#92=(
BOUNDED_CURVE()
B_SPLINE_CURVE(2,(#3486,#3487,#3488),.UNSPECIFIED.,.F.,.F.)
B_SPLINE_CURVE_WITH_KNOTS((3,3),(0.169855899690476,1.2676035878619),
 .UNSPECIFIED.)
CURVE()
GEOMETRIC_REPRESENTATION_ITEM()
RATIONAL_B_SPLINE_CURVE((1.12437524054311,1.4640948634723,1.))
REPRESENTATION_ITEM('')
);
#93=(
BOUNDED_CURVE()
B_SPLINE_CURVE(2,(#3490,#3491,#3492),.UNSPECIFIED.,.F.,.F.)
B_SPLINE_CURVE_WITH_KNOTS((3,3),(3.37040641146474,3.53816801287615),
 .UNSPECIFIED.)
CURVE()
GEOMETRIC_REPRESENTATION_ITEM()
RATIONAL_B_SPLINE_CURVE((1.,1.,1.))
REPRESENTATION_ITEM('')
);
#94=FACE_BOUND('',#290,.T.);
#95=FACE_BOUND('',#291,.T.);
#96=FACE_BOUND('',#292,.T.);
#97=FACE_BOUND('',#293,.T.);
#98=FACE_BOUND('',#305,.T.);
#99=FACE_BOUND('',#306,.T.);
#100=FACE_BOUND('',#323,.T.);
#101=FACE_BOUND('',#370,.T.);
#102=FACE_BOUND('',#375,.T.);
#103=FACE_BOUND('',#376,.T.);
#104=FACE_BOUND('',#394,.T.);
#105=FACE_BOUND('',#405,.T.);
#106=CIRCLE('',#2262,2.375);
#107=CIRCLE('',#2263,4.375);
#108=CIRCLE('',#2264,2.375);
#109=CIRCLE('',#2265,2.375);
#110=CIRCLE('',#2266,4.37500000000002);
#111=CIRCLE('',#2267,2.375);
#112=CIRCLE('',#2268,2.375);
#113=CIRCLE('',#2269,4.37499999999979);
#114=CIRCLE('',#2270,2.375);
#115=CIRCLE('',#2271,2.375);
#116=CIRCLE('',#2272,4.375);
#117=CIRCLE('',#2273,2.375);
#118=CIRCLE('',#2274,2.375);
#119=CIRCLE('',#2275,2.375);
#120=CIRCLE('',#2276,2.375);
#121=CIRCLE('',#2277,2.375);
#122=CIRCLE('',#2280,2.375);
#123=CIRCLE('',#2281,2.375);
#124=CIRCLE('',#2284,2.375);
#125=CIRCLE('',#2285,2.375);
#126=CIRCLE('',#2288,6.68384839330336);
#127=CIRCLE('',#2294,2.375);
#128=CIRCLE('',#2295,2.375);
#129=CIRCLE('',#2297,2.375);
#130=CIRCLE('',#2303,6.68067371999316);
#131=CIRCLE('',#2305,2.375);
#132=CIRCLE('',#2308,2.375);
#133=CIRCLE('',#2311,2.375);
#134=CIRCLE('',#2315,4.375);
#135=CIRCLE('',#2317,2.375);
#136=CIRCLE('',#2319,4.75);
#137=CIRCLE('',#2321,2.375);
#138=CIRCLE('',#2322,3.29425763394096);
#139=CIRCLE('',#2324,4.37500000000002);
#140=CIRCLE('',#2326,2.375);
#141=CIRCLE('',#2328,2.375);
#142=CIRCLE('',#2330,2.375);
#143=CIRCLE('',#2332,2.375);
#144=CIRCLE('',#2334,2.375);
#145=CIRCLE('',#2337,4.37499999999979);
#146=CIRCLE('',#2340,2.);
#147=CIRCLE('',#2341,2.);
#148=CIRCLE('',#2342,2.);
#149=CIRCLE('',#2344,2.375);
#150=CIRCLE('',#2347,4.375);
#151=CIRCLE('',#2349,2.375);
#152=CIRCLE('',#2351,2.375);
#153=CIRCLE('',#2371,2.);
#154=CIRCLE('',#2373,5.);
#155=CIRCLE('',#2374,5.);
#156=CIRCLE('',#2383,4.75);
#157=CIRCLE('',#2395,2.);
#158=CIRCLE('',#2396,2.);
#159=CIRCLE('',#2400,2.);
#160=CIRCLE('',#2406,2.);
#161=CIRCLE('',#2407,2.);
#162=CIRCLE('',#2416,2.);
#163=CIRCLE('',#2417,2.);
#164=CIRCLE('',#2419,2.);
#165=CIRCLE('',#2423,2.375);
#166=CIRCLE('',#2425,5.);
#167=CIRCLE('',#2427,5.);
#168=CIRCLE('',#2432,2.375);
#169=FACE_OUTER_BOUND('',#286,.T.);
#170=FACE_OUTER_BOUND('',#287,.T.);
#171=FACE_OUTER_BOUND('',#288,.T.);
#172=FACE_OUTER_BOUND('',#289,.T.);
#173=FACE_OUTER_BOUND('',#294,.T.);
#174=FACE_OUTER_BOUND('',#295,.T.);
#175=FACE_OUTER_BOUND('',#296,.T.);
#176=FACE_OUTER_BOUND('',#297,.T.);
#177=FACE_OUTER_BOUND('',#298,.T.);
#178=FACE_OUTER_BOUND('',#299,.T.);
#179=FACE_OUTER_BOUND('',#300,.T.);
#180=FACE_OUTER_BOUND('',#301,.T.);
#181=FACE_OUTER_BOUND('',#302,.T.);
#182=FACE_OUTER_BOUND('',#303,.T.);
#183=FACE_OUTER_BOUND('',#304,.T.);
#184=FACE_OUTER_BOUND('',#307,.T.);
#185=FACE_OUTER_BOUND('',#308,.T.);
#186=FACE_OUTER_BOUND('',#309,.T.);
#187=FACE_OUTER_BOUND('',#310,.T.);
#188=FACE_OUTER_BOUND('',#311,.T.);
#189=FACE_OUTER_BOUND('',#312,.T.);
#190=FACE_OUTER_BOUND('',#313,.T.);
#191=FACE_OUTER_BOUND('',#314,.T.);
#192=FACE_OUTER_BOUND('',#315,.T.);
#193=FACE_OUTER_BOUND('',#316,.T.);
#194=FACE_OUTER_BOUND('',#317,.T.);
#195=FACE_OUTER_BOUND('',#318,.T.);
#196=FACE_OUTER_BOUND('',#319,.T.);
#197=FACE_OUTER_BOUND('',#320,.T.);
#198=FACE_OUTER_BOUND('',#321,.T.);
#199=FACE_OUTER_BOUND('',#322,.T.);
#200=FACE_OUTER_BOUND('',#324,.T.);
#201=FACE_OUTER_BOUND('',#325,.T.);
#202=FACE_OUTER_BOUND('',#326,.T.);
#203=FACE_OUTER_BOUND('',#327,.T.);
#204=FACE_OUTER_BOUND('',#328,.T.);
#205=FACE_OUTER_BOUND('',#329,.T.);
#206=FACE_OUTER_BOUND('',#330,.T.);
#207=FACE_OUTER_BOUND('',#331,.T.);
#208=FACE_OUTER_BOUND('',#332,.T.);
#209=FACE_OUTER_BOUND('',#333,.T.);
#210=FACE_OUTER_BOUND('',#334,.T.);
#211=FACE_OUTER_BOUND('',#335,.T.);
#212=FACE_OUTER_BOUND('',#336,.T.);
#213=FACE_OUTER_BOUND('',#337,.T.);
#214=FACE_OUTER_BOUND('',#338,.T.);
#215=FACE_OUTER_BOUND('',#339,.T.);
#216=FACE_OUTER_BOUND('',#340,.T.);
#217=FACE_OUTER_BOUND('',#341,.T.);
#218=FACE_OUTER_BOUND('',#342,.T.);
#219=FACE_OUTER_BOUND('',#343,.T.);
#220=FACE_OUTER_BOUND('',#344,.T.);
#221=FACE_OUTER_BOUND('',#345,.T.);
#222=FACE_OUTER_BOUND('',#346,.T.);
#223=FACE_OUTER_BOUND('',#347,.T.);
#224=FACE_OUTER_BOUND('',#348,.T.);
#225=FACE_OUTER_BOUND('',#349,.T.);
#226=FACE_OUTER_BOUND('',#350,.T.);
#227=FACE_OUTER_BOUND('',#351,.T.);
#228=FACE_OUTER_BOUND('',#352,.T.);
#229=FACE_OUTER_BOUND('',#353,.T.);
#230=FACE_OUTER_BOUND('',#354,.T.);
#231=FACE_OUTER_BOUND('',#355,.T.);
#232=FACE_OUTER_BOUND('',#356,.T.);
#233=FACE_OUTER_BOUND('',#357,.T.);
#234=FACE_OUTER_BOUND('',#358,.T.);
#235=FACE_OUTER_BOUND('',#359,.T.);
#236=FACE_OUTER_BOUND('',#360,.T.);
#237=FACE_OUTER_BOUND('',#361,.T.);
#238=FACE_OUTER_BOUND('',#362,.T.);
#239=FACE_OUTER_BOUND('',#363,.T.);
#240=FACE_OUTER_BOUND('',#364,.T.);
#241=FACE_OUTER_BOUND('',#365,.T.);
#242=FACE_OUTER_BOUND('',#366,.T.);
#243=FACE_OUTER_BOUND('',#367,.T.);
#244=FACE_OUTER_BOUND('',#368,.T.);
#245=FACE_OUTER_BOUND('',#369,.T.);
#246=FACE_OUTER_BOUND('',#371,.T.);
#247=FACE_OUTER_BOUND('',#372,.T.);
#248=FACE_OUTER_BOUND('',#373,.T.);
#249=FACE_OUTER_BOUND('',#374,.T.);
#250=FACE_OUTER_BOUND('',#377,.T.);
#251=FACE_OUTER_BOUND('',#378,.T.);
#252=FACE_OUTER_BOUND('',#379,.T.);
#253=FACE_OUTER_BOUND('',#380,.T.);
#254=FACE_OUTER_BOUND('',#381,.T.);
#255=FACE_OUTER_BOUND('',#382,.T.);
#256=FACE_OUTER_BOUND('',#383,.T.);
#257=FACE_OUTER_BOUND('',#384,.T.);
#258=FACE_OUTER_BOUND('',#385,.T.);
#259=FACE_OUTER_BOUND('',#386,.T.);
#260=FACE_OUTER_BOUND('',#387,.T.);
#261=FACE_OUTER_BOUND('',#388,.T.);
#262=FACE_OUTER_BOUND('',#389,.T.);
#263=FACE_OUTER_BOUND('',#390,.T.);
#264=FACE_OUTER_BOUND('',#391,.T.);
#265=FACE_OUTER_BOUND('',#392,.T.);
#266=FACE_OUTER_BOUND('',#393,.T.);
#267=FACE_OUTER_BOUND('',#395,.T.);
#268=FACE_OUTER_BOUND('',#396,.T.);
#269=FACE_OUTER_BOUND('',#397,.T.);
#270=FACE_OUTER_BOUND('',#398,.T.);
#271=FACE_OUTER_BOUND('',#399,.T.);
#272=FACE_OUTER_BOUND('',#400,.T.);
#273=FACE_OUTER_BOUND('',#401,.T.);
#274=FACE_OUTER_BOUND('',#402,.T.);
#275=FACE_OUTER_BOUND('',#403,.T.);
#276=FACE_OUTER_BOUND('',#404,.T.);
#277=FACE_OUTER_BOUND('',#406,.T.);
#278=FACE_OUTER_BOUND('',#407,.T.);
#279=FACE_OUTER_BOUND('',#408,.T.);
#280=FACE_OUTER_BOUND('',#409,.T.);
#281=FACE_OUTER_BOUND('',#410,.T.);
#282=FACE_OUTER_BOUND('',#411,.T.);
#283=FACE_OUTER_BOUND('',#412,.T.);
#284=FACE_OUTER_BOUND('',#413,.T.);
#285=FACE_OUTER_BOUND('',#414,.T.);
#286=EDGE_LOOP('',(#1402,#1403,#1404,#1405));
#287=EDGE_LOOP('',(#1406,#1407,#1408,#1409));
#288=EDGE_LOOP('',(#1410,#1411,#1412,#1413));
#289=EDGE_LOOP('',(#1414,#1415,#1416,#1417,#1418,#1419,#1420,#1421,#1422,
#1423,#1424,#1425,#1426,#1427,#1428,#1429,#1430,#1431,#1432,#1433,#1434,
#1435,#1436,#1437,#1438,#1439,#1440,#1441,#1442,#1443));
#290=EDGE_LOOP('',(#1444));
#291=EDGE_LOOP('',(#1445));
#292=EDGE_LOOP('',(#1446));
#293=EDGE_LOOP('',(#1447));
#294=EDGE_LOOP('',(#1448,#1449,#1450,#1451,#1452,#1453,#1454,#1455,#1456,
#1457,#1458,#1459,#1460,#1461,#1462,#1463,#1464,#1465,#1466,#1467,#1468,
#1469,#1470,#1471,#1472,#1473));
#295=EDGE_LOOP('',(#1474,#1475,#1476,#1477));
#296=EDGE_LOOP('',(#1478));
#297=EDGE_LOOP('',(#1479,#1480,#1481,#1482));
#298=EDGE_LOOP('',(#1483));
#299=EDGE_LOOP('',(#1484,#1485,#1486,#1487,#1488));
#300=EDGE_LOOP('',(#1489,#1490,#1491,#1492));
#301=EDGE_LOOP('',(#1493,#1494,#1495,#1496,#1497,#1498));
#302=EDGE_LOOP('',(#1499,#1500,#1501,#1502,#1503,#1504,#1505));
#303=EDGE_LOOP('',(#1506,#1507,#1508,#1509));
#304=EDGE_LOOP('',(#1510,#1511,#1512,#1513,#1514,#1515,#1516,#1517,#1518,
#1519,#1520,#1521,#1522,#1523,#1524,#1525,#1526,#1527,#1528));
#305=EDGE_LOOP('',(#1529));
#306=EDGE_LOOP('',(#1530));
#307=EDGE_LOOP('',(#1531,#1532,#1533,#1534,#1535,#1536,#1537,#1538));
#308=EDGE_LOOP('',(#1539,#1540,#1541,#1542,#1543,#1544));
#309=EDGE_LOOP('',(#1545,#1546,#1547));
#310=EDGE_LOOP('',(#1548,#1549,#1550,#1551));
#311=EDGE_LOOP('',(#1552,#1553,#1554,#1555,#1556,#1557,#1558));
#312=EDGE_LOOP('',(#1559,#1560,#1561,#1562));
#313=EDGE_LOOP('',(#1563,#1564,#1565,#1566));
#314=EDGE_LOOP('',(#1567));
#315=EDGE_LOOP('',(#1568,#1569,#1570,#1571));
#316=EDGE_LOOP('',(#1572));
#317=EDGE_LOOP('',(#1573,#1574,#1575,#1576,#1577,#1578));
#318=EDGE_LOOP('',(#1579,#1580,#1581,#1582,#1583));
#319=EDGE_LOOP('',(#1584,#1585,#1586));
#320=EDGE_LOOP('',(#1587,#1588,#1589));
#321=EDGE_LOOP('',(#1590));
#322=EDGE_LOOP('',(#1591,#1592,#1593,#1594,#1595,#1596,#1597,#1598,#1599));
#323=EDGE_LOOP('',(#1600));
#324=EDGE_LOOP('',(#1601,#1602,#1603,#1604,#1605,#1606,#1607));
#325=EDGE_LOOP('',(#1608,#1609,#1610));
#326=EDGE_LOOP('',(#1611,#1612,#1613,#1614));
#327=EDGE_LOOP('',(#1615,#1616,#1617,#1618,#1619,#1620,#1621));
#328=EDGE_LOOP('',(#1622));
#329=EDGE_LOOP('',(#1623,#1624,#1625,#1626,#1627));
#330=EDGE_LOOP('',(#1628));
#331=EDGE_LOOP('',(#1629,#1630,#1631,#1632,#1633));
#332=EDGE_LOOP('',(#1634,#1635,#1636));
#333=EDGE_LOOP('',(#1637,#1638,#1639));
#334=EDGE_LOOP('',(#1640,#1641,#1642));
#335=EDGE_LOOP('',(#1643,#1644,#1645,#1646,#1647,#1648,#1649,#1650,#1651,
#1652,#1653));
#336=EDGE_LOOP('',(#1654,#1655,#1656,#1657,#1658,#1659));
#337=EDGE_LOOP('',(#1660,#1661,#1662));
#338=EDGE_LOOP('',(#1663,#1664,#1665));
#339=EDGE_LOOP('',(#1666,#1667,#1668,#1669,#1670,#1671));
#340=EDGE_LOOP('',(#1672));
#341=EDGE_LOOP('',(#1673,#1674,#1675,#1676));
#342=EDGE_LOOP('',(#1677,#1678,#1679,#1680));
#343=EDGE_LOOP('',(#1681,#1682,#1683,#1684));
#344=EDGE_LOOP('',(#1685,#1686,#1687,#1688));
#345=EDGE_LOOP('',(#1689,#1690,#1691,#1692));
#346=EDGE_LOOP('',(#1693,#1694,#1695,#1696));
#347=EDGE_LOOP('',(#1697,#1698,#1699,#1700));
#348=EDGE_LOOP('',(#1701,#1702,#1703,#1704));
#349=EDGE_LOOP('',(#1705,#1706,#1707,#1708));
#350=EDGE_LOOP('',(#1709,#1710,#1711,#1712));
#351=EDGE_LOOP('',(#1713,#1714,#1715,#1716));
#352=EDGE_LOOP('',(#1717,#1718,#1719,#1720));
#353=EDGE_LOOP('',(#1721,#1722,#1723,#1724));
#354=EDGE_LOOP('',(#1725,#1726,#1727,#1728));
#355=EDGE_LOOP('',(#1729,#1730,#1731,#1732));
#356=EDGE_LOOP('',(#1733,#1734,#1735,#1736));
#357=EDGE_LOOP('',(#1737,#1738,#1739,#1740));
#358=EDGE_LOOP('',(#1741,#1742,#1743,#1744));
#359=EDGE_LOOP('',(#1745,#1746,#1747,#1748,#1749,#1750,#1751,#1752,#1753,
#1754,#1755));
#360=EDGE_LOOP('',(#1756,#1757,#1758,#1759,#1760,#1761,#1762,#1763,#1764,
#1765,#1766,#1767));
#361=EDGE_LOOP('',(#1768,#1769,#1770,#1771,#1772,#1773,#1774,#1775,#1776,
#1777));
#362=EDGE_LOOP('',(#1778,#1779,#1780,#1781,#1782,#1783,#1784,#1785));
#363=EDGE_LOOP('',(#1786,#1787,#1788,#1789,#1790,#1791,#1792,#1793,#1794,
#1795,#1796,#1797,#1798));
#364=EDGE_LOOP('',(#1799,#1800,#1801,#1802,#1803,#1804,#1805,#1806,#1807,
#1808,#1809,#1810));
#365=EDGE_LOOP('',(#1811,#1812,#1813,#1814,#1815,#1816,#1817,#1818,#1819,
#1820,#1821,#1822,#1823,#1824,#1825,#1826,#1827,#1828));
#366=EDGE_LOOP('',(#1829,#1830,#1831,#1832));
#367=EDGE_LOOP('',(#1833,#1834,#1835,#1836,#1837,#1838,#1839,#1840,#1841));
#368=EDGE_LOOP('',(#1842,#1843,#1844,#1845));
#369=EDGE_LOOP('',(#1846,#1847,#1848,#1849));
#370=EDGE_LOOP('',(#1850));
#371=EDGE_LOOP('',(#1851,#1852,#1853,#1854,#1855,#1856));
#372=EDGE_LOOP('',(#1857,#1858,#1859,#1860));
#373=EDGE_LOOP('',(#1861,#1862,#1863,#1864,#1865));
#374=EDGE_LOOP('',(#1866,#1867,#1868,#1869));
#375=EDGE_LOOP('',(#1870));
#376=EDGE_LOOP('',(#1871));
#377=EDGE_LOOP('',(#1872,#1873,#1874,#1875,#1876,#1877,#1878));
#378=EDGE_LOOP('',(#1879,#1880,#1881,#1882));
#379=EDGE_LOOP('',(#1883,#1884,#1885,#1886));
#380=EDGE_LOOP('',(#1887,#1888,#1889,#1890));
#381=EDGE_LOOP('',(#1891,#1892,#1893,#1894));
#382=EDGE_LOOP('',(#1895,#1896,#1897,#1898));
#383=EDGE_LOOP('',(#1899,#1900,#1901,#1902,#1903,#1904,#1905,#1906,#1907));
#384=EDGE_LOOP('',(#1908,#1909,#1910,#1911));
#385=EDGE_LOOP('',(#1912,#1913,#1914,#1915,#1916));
#386=EDGE_LOOP('',(#1917,#1918,#1919,#1920,#1921,#1922,#1923,#1924));
#387=EDGE_LOOP('',(#1925,#1926,#1927,#1928));
#388=EDGE_LOOP('',(#1929,#1930,#1931,#1932,#1933));
#389=EDGE_LOOP('',(#1934,#1935,#1936,#1937));
#390=EDGE_LOOP('',(#1938,#1939,#1940,#1941,#1942,#1943,#1944,#1945));
#391=EDGE_LOOP('',(#1946,#1947,#1948,#1949,#1950,#1951,#1952,#1953,#1954,
#1955));
#392=EDGE_LOOP('',(#1956,#1957,#1958,#1959,#1960,#1961,#1962,#1963,#1964,
#1965));
#393=EDGE_LOOP('',(#1966,#1967,#1968,#1969));
#394=EDGE_LOOP('',(#1970));
#395=EDGE_LOOP('',(#1971,#1972,#1973,#1974));
#396=EDGE_LOOP('',(#1975,#1976,#1977,#1978,#1979,#1980,#1981,#1982,#1983,
#1984));
#397=EDGE_LOOP('',(#1985,#1986,#1987,#1988));
#398=EDGE_LOOP('',(#1989,#1990,#1991,#1992));
#399=EDGE_LOOP('',(#1993,#1994));
#400=EDGE_LOOP('',(#1995,#1996,#1997,#1998));
#401=EDGE_LOOP('',(#1999,#2000,#2001));
#402=EDGE_LOOP('',(#2002,#2003,#2004,#2005));
#403=EDGE_LOOP('',(#2006,#2007,#2008,#2009));
#404=EDGE_LOOP('',(#2010,#2011,#2012,#2013));
#405=EDGE_LOOP('',(#2014,#2015,#2016,#2017));
#406=EDGE_LOOP('',(#2018,#2019,#2020,#2021));
#407=EDGE_LOOP('',(#2022,#2023,#2024,#2025));
#408=EDGE_LOOP('',(#2026,#2027,#2028,#2029));
#409=EDGE_LOOP('',(#2030,#2031,#2032,#2033));
#410=EDGE_LOOP('',(#2034,#2035,#2036,#2037));
#411=EDGE_LOOP('',(#2038,#2039,#2040,#2041));
#412=EDGE_LOOP('',(#2042,#2043,#2044,#2045));
#413=EDGE_LOOP('',(#2046,#2047,#2048,#2049));
#414=EDGE_LOOP('',(#2050,#2051));
#415=LINE('',#3053,#640);
#416=LINE('',#3055,#641);
#417=LINE('',#3057,#642);
#418=LINE('',#3058,#643);
#419=LINE('',#3062,#644);
#420=LINE('',#3064,#645);
#421=LINE('',#3066,#646);
#422=LINE('',#3067,#647);
#423=LINE('',#3069,#648);
#424=LINE('',#3070,#649);
#425=LINE('',#3073,#650);
#426=LINE('',#3081,#651);
#427=LINE('',#3089,#652);
#428=LINE('',#3091,#653);
#429=LINE('',#3099,#654);
#430=LINE('',#3106,#655);
#431=LINE('',#3108,#656);
#432=LINE('',#3110,#657);
#433=LINE('',#3112,#658);
#434=LINE('',#3114,#659);
#435=LINE('',#3116,#660);
#436=LINE('',#3118,#661);
#437=LINE('',#3120,#662);
#438=LINE('',#3122,#663);
#439=LINE('',#3124,#664);
#440=LINE('',#3125,#665);
#441=LINE('',#3136,#666);
#442=LINE('',#3142,#667);
#443=LINE('',#3144,#668);
#444=LINE('',#3146,#669);
#445=LINE('',#3148,#670);
#446=LINE('',#3150,#671);
#447=LINE('',#3152,#672);
#448=LINE('',#3154,#673);
#449=LINE('',#3156,#674);
#450=LINE('',#3158,#675);
#451=LINE('',#3160,#676);
#452=LINE('',#3162,#677);
#453=LINE('',#3164,#678);
#454=LINE('',#3166,#679);
#455=LINE('',#3168,#680);
#456=LINE('',#3170,#681);
#457=LINE('',#3172,#682);
#458=LINE('',#3174,#683);
#459=LINE('',#3179,#684);
#460=LINE('',#3184,#685);
#461=LINE('',#3191,#686);
#462=LINE('',#3197,#687);
#463=LINE('',#3199,#688);
#464=LINE('',#3201,#689);
#465=LINE('',#3204,#690);
#466=LINE('',#3207,#691);
#467=LINE('',#3209,#692);
#468=LINE('',#3210,#693);
#469=LINE('',#3213,#694);
#470=LINE('',#3215,#695);
#471=LINE('',#3216,#696);
#472=LINE('',#3217,#697);
#473=LINE('',#3220,#698);
#474=LINE('',#3226,#699);
#475=LINE('',#3227,#700);
#476=LINE('',#3228,#701);
#477=LINE('',#3230,#702);
#478=LINE('',#3232,#703);
#479=LINE('',#3234,#704);
#480=LINE('',#3236,#705);
#481=LINE('',#3238,#706);
#482=LINE('',#3240,#707);
#483=LINE('',#3242,#708);
#484=LINE('',#3244,#709);
#485=LINE('',#3246,#710);
#486=LINE('',#3248,#711);
#487=LINE('',#3249,#712);
#488=LINE('',#3266,#713);
#489=LINE('',#3276,#714);
#490=LINE('',#3277,#715);
#491=LINE('',#3280,#716);
#492=LINE('',#3281,#717);
#493=LINE('',#3284,#718);
#494=LINE('',#3293,#719);
#495=LINE('',#3297,#720);
#496=LINE('',#3300,#721);
#497=LINE('',#3305,#722);
#498=LINE('',#3317,#723);
#499=LINE('',#3320,#724);
#500=LINE('',#3329,#725);
#501=LINE('',#3331,#726);
#502=LINE('',#3336,#727);
#503=LINE('',#3337,#728);
#504=LINE('',#3363,#729);
#505=LINE('',#3394,#730);
#506=LINE('',#3398,#731);
#507=LINE('',#3429,#732);
#508=LINE('',#3451,#733);
#509=LINE('',#3455,#734);
#510=LINE('',#3456,#735);
#511=LINE('',#3460,#736);
#512=LINE('',#3462,#737);
#513=LINE('',#3464,#738);
#514=LINE('',#3468,#739);
#515=LINE('',#3474,#740);
#516=LINE('',#3475,#741);
#517=LINE('',#3483,#742);
#518=LINE('',#3495,#743);
#519=LINE('',#3503,#744);
#520=LINE('',#3505,#745);
#521=LINE('',#3507,#746);
#522=LINE('',#3509,#747);
#523=LINE('',#3511,#748);
#524=LINE('',#3513,#749);
#525=LINE('',#3516,#750);
#526=LINE('',#3518,#751);
#527=LINE('',#3520,#752);
#528=LINE('',#3522,#753);
#529=LINE('',#3524,#754);
#530=LINE('',#3526,#755);
#531=LINE('',#3528,#756);
#532=LINE('',#3529,#757);
#533=LINE('',#3531,#758);
#534=LINE('',#3535,#759);
#535=LINE('',#3537,#760);
#536=LINE('',#3538,#761);
#537=LINE('',#3541,#762);
#538=LINE('',#3543,#763);
#539=LINE('',#3544,#764);
#540=LINE('',#3547,#765);
#541=LINE('',#3549,#766);
#542=LINE('',#3551,#767);
#543=LINE('',#3553,#768);
#544=LINE('',#3557,#769);
#545=LINE('',#3559,#770);
#546=LINE('',#3561,#771);
#547=LINE('',#3563,#772);
#548=LINE('',#3564,#773);
#549=LINE('',#3567,#774);
#550=LINE('',#3571,#775);
#551=LINE('',#3573,#776);
#552=LINE('',#3575,#777);
#553=LINE('',#3579,#778);
#554=LINE('',#3581,#779);
#555=LINE('',#3583,#780);
#556=LINE('',#3584,#781);
#557=LINE('',#3587,#782);
#558=LINE('',#3589,#783);
#559=LINE('',#3590,#784);
#560=LINE('',#3594,#785);
#561=LINE('',#3598,#786);
#562=LINE('',#3600,#787);
#563=LINE('',#3601,#788);
#564=LINE('',#3603,#789);
#565=LINE('',#3604,#790);
#566=LINE('',#3607,#791);
#567=LINE('',#3609,#792);
#568=LINE('',#3611,#793);
#569=LINE('',#3612,#794);
#570=LINE('',#3614,#795);
#571=LINE('',#3615,#796);
#572=LINE('',#3616,#797);
#573=LINE('',#3617,#798);
#574=LINE('',#3619,#799);
#575=LINE('',#3621,#800);
#576=LINE('',#3622,#801);
#577=LINE('',#3625,#802);
#578=LINE('',#3627,#803);
#579=LINE('',#3628,#804);
#580=LINE('',#3632,#805);
#581=LINE('',#3635,#806);
#582=LINE('',#3637,#807);
#583=LINE('',#3638,#808);
#584=LINE('',#3640,#809);
#585=LINE('',#3642,#810);
#586=LINE('',#3643,#811);
#587=LINE('',#3645,#812);
#588=LINE('',#3647,#813);
#589=LINE('',#3649,#814);
#590=LINE('',#3653,#815);
#591=LINE('',#3654,#816);
#592=LINE('',#3655,#817);
#593=LINE('',#3657,#818);
#594=LINE('',#3663,#819);
#595=LINE('',#3665,#820);
#596=LINE('',#3667,#821);
#597=LINE('',#3668,#822);
#598=LINE('',#3675,#823);
#599=LINE('',#3676,#824);
#600=LINE('',#3679,#825);
#601=LINE('',#3680,#826);
#602=LINE('',#3683,#827);
#603=LINE('',#3685,#828);
#604=LINE('',#3689,#829);
#605=LINE('',#3690,#830);
#606=LINE('',#3692,#831);
#607=LINE('',#3699,#832);
#608=LINE('',#3700,#833);
#609=LINE('',#3704,#834);
#610=LINE('',#3706,#835);
#611=LINE('',#3709,#836);
#612=LINE('',#3718,#837);
#613=LINE('',#3722,#838);
#614=LINE('',#3728,#839);
#615=LINE('',#3730,#840);
#616=LINE('',#3734,#841);
#617=LINE('',#3736,#842);
#618=LINE('',#3738,#843);
#619=LINE('',#3743,#844);
#620=LINE('',#3744,#845);
#621=LINE('',#3755,#846);
#622=LINE('',#3762,#847);
#623=LINE('',#3765,#848);
#624=LINE('',#3768,#849);
#625=LINE('',#3772,#850);
#626=LINE('',#3775,#851);
#627=LINE('',#3778,#852);
#628=LINE('',#3780,#853);
#629=LINE('',#3781,#854);
#630=LINE('',#3784,#855);
#631=LINE('',#3786,#856);
#632=LINE('',#3788,#857);
#633=LINE('',#3789,#858);
#634=LINE('',#3791,#859);
#635=LINE('',#3792,#860);
#636=LINE('',#3794,#861);
#637=LINE('',#3796,#862);
#638=LINE('',#3800,#863);
#639=LINE('',#3802,#864);
#640=VECTOR('',#2450,10.);
#641=VECTOR('',#2451,10.);
#642=VECTOR('',#2452,10.);
#643=VECTOR('',#2453,10.);
#644=VECTOR('',#2456,10.);
#645=VECTOR('',#2457,10.);
#646=VECTOR('',#2458,10.);
#647=VECTOR('',#2459,10.);
#648=VECTOR('',#2462,10.);
#649=VECTOR('',#2463,10.);
#650=VECTOR('',#2466,10.);
#651=VECTOR('',#2473,10.);
#652=VECTOR('',#2480,10.);
#653=VECTOR('',#2481,10.);
#654=VECTOR('',#2488,10.);
#655=VECTOR('',#2495,10.);
#656=VECTOR('',#2496,10.);
#657=VECTOR('',#2497,10.);
#658=VECTOR('',#2498,10.);
#659=VECTOR('',#2499,10.);
#660=VECTOR('',#2500,10.);
#661=VECTOR('',#2501,10.);
#662=VECTOR('',#2502,10.);
#663=VECTOR('',#2503,10.);
#664=VECTOR('',#2504,10.);
#665=VECTOR('',#2505,10.);
#666=VECTOR('',#2516,10.);
#667=VECTOR('',#2517,10.);
#668=VECTOR('',#2518,10.);
#669=VECTOR('',#2519,10.);
#670=VECTOR('',#2520,10.);
#671=VECTOR('',#2521,10.);
#672=VECTOR('',#2522,10.);
#673=VECTOR('',#2523,10.);
#674=VECTOR('',#2524,10.);
#675=VECTOR('',#2525,10.);
#676=VECTOR('',#2526,10.);
#677=VECTOR('',#2527,10.);
#678=VECTOR('',#2528,10.);
#679=VECTOR('',#2529,10.);
#680=VECTOR('',#2530,10.);
#681=VECTOR('',#2531,10.);
#682=VECTOR('',#2532,10.);
#683=VECTOR('',#2533,10.);
#684=VECTOR('',#2534,10.);
#685=VECTOR('',#2539,2.375);
#686=VECTOR('',#2548,2.375);
#687=VECTOR('',#2555,10.);
#688=VECTOR('',#2556,10.);
#689=VECTOR('',#2557,10.);
#690=VECTOR('',#2560,10.);
#691=VECTOR('',#2563,10.);
#692=VECTOR('',#2564,10.);
#693=VECTOR('',#2565,10.);
#694=VECTOR('',#2568,10.);
#695=VECTOR('',#2569,10.);
#696=VECTOR('',#2570,10.);
#697=VECTOR('',#2571,10.);
#698=VECTOR('',#2574,10.);
#699=VECTOR('',#2575,10.);
#700=VECTOR('',#2576,10.);
#701=VECTOR('',#2577,10.);
#702=VECTOR('',#2580,10.);
#703=VECTOR('',#2583,10.);
#704=VECTOR('',#2584,10.);
#705=VECTOR('',#2585,10.);
#706=VECTOR('',#2586,10.);
#707=VECTOR('',#2587,10.);
#708=VECTOR('',#2588,10.);
#709=VECTOR('',#2589,10.);
#710=VECTOR('',#2590,10.);
#711=VECTOR('',#2591,10.);
#712=VECTOR('',#2592,10.);
#713=VECTOR('',#2601,10.);
#714=VECTOR('',#2604,10.);
#715=VECTOR('',#2605,10.);
#716=VECTOR('',#2610,10.);
#717=VECTOR('',#2611,10.);
#718=VECTOR('',#2614,10.);
#719=VECTOR('',#2615,10.);
#720=VECTOR('',#2620,10.);
#721=VECTOR('',#2623,2.375);
#722=VECTOR('',#2630,2.375);
#723=VECTOR('',#2637,10.);
#724=VECTOR('',#2642,10.);
#725=VECTOR('',#2655,10.);
#726=VECTOR('',#2656,10.);
#727=VECTOR('',#2657,10.);
#728=VECTOR('',#2658,10.);
#729=VECTOR('',#2663,10.);
#730=VECTOR('',#2666,10.);
#731=VECTOR('',#2671,10.);
#732=VECTOR('',#2686,10.);
#733=VECTOR('',#2693,10.);
#734=VECTOR('',#2698,10.);
#735=VECTOR('',#2699,10.);
#736=VECTOR('',#2706,10.);
#737=VECTOR('',#2709,10.);
#738=VECTOR('',#2710,10.);
#739=VECTOR('',#2713,10.);
#740=VECTOR('',#2718,10.);
#741=VECTOR('',#2719,10.);
#742=VECTOR('',#2722,10.);
#743=VECTOR('',#2729,10.);
#744=VECTOR('',#2742,10.);
#745=VECTOR('',#2745,10.);
#746=VECTOR('',#2748,10.);
#747=VECTOR('',#2751,2.375);
#748=VECTOR('',#2754,10.);
#749=VECTOR('',#2757,10.);
#750=VECTOR('',#2762,2.375);
#751=VECTOR('',#2765,10.);
#752=VECTOR('',#2768,10.);
#753=VECTOR('',#2771,10.);
#754=VECTOR('',#2774,2.375);
#755=VECTOR('',#2777,2.375);
#756=VECTOR('',#2780,10.);
#757=VECTOR('',#2781,10.);
#758=VECTOR('',#2784,10.);
#759=VECTOR('',#2789,10.);
#760=VECTOR('',#2790,10.);
#761=VECTOR('',#2791,10.);
#762=VECTOR('',#2794,10.);
#763=VECTOR('',#2795,10.);
#764=VECTOR('',#2796,10.);
#765=VECTOR('',#2799,10.);
#766=VECTOR('',#2800,10.);
#767=VECTOR('',#2801,10.);
#768=VECTOR('',#2802,10.);
#769=VECTOR('',#2805,10.);
#770=VECTOR('',#2806,10.);
#771=VECTOR('',#2807,10.);
#772=VECTOR('',#2808,10.);
#773=VECTOR('',#2809,10.);
#774=VECTOR('',#2812,10.);
#775=VECTOR('',#2815,10.);
#776=VECTOR('',#2816,10.);
#777=VECTOR('',#2817,10.);
#778=VECTOR('',#2820,10.);
#779=VECTOR('',#2821,10.);
#780=VECTOR('',#2822,10.);
#781=VECTOR('',#2823,10.);
#782=VECTOR('',#2826,10.);
#783=VECTOR('',#2827,10.);
#784=VECTOR('',#2828,10.);
#785=VECTOR('',#2831,10.);
#786=VECTOR('',#2836,10.);
#787=VECTOR('',#2837,10.);
#788=VECTOR('',#2838,10.);
#789=VECTOR('',#2839,10.);
#790=VECTOR('',#2840,10.);
#791=VECTOR('',#2843,10.);
#792=VECTOR('',#2844,10.);
#793=VECTOR('',#2845,10.);
#794=VECTOR('',#2846,10.);
#795=VECTOR('',#2849,10.);
#796=VECTOR('',#2850,10.);
#797=VECTOR('',#2851,10.);
#798=VECTOR('',#2852,10.);
#799=VECTOR('',#2853,10.);
#800=VECTOR('',#2854,10.);
#801=VECTOR('',#2855,10.);
#802=VECTOR('',#2858,10.);
#803=VECTOR('',#2859,10.);
#804=VECTOR('',#2860,10.);
#805=VECTOR('',#2865,4.75);
#806=VECTOR('',#2868,10.);
#807=VECTOR('',#2869,10.);
#808=VECTOR('',#2870,10.);
#809=VECTOR('',#2871,10.);
#810=VECTOR('',#2872,10.);
#811=VECTOR('',#2873,10.);
#812=VECTOR('',#2876,10.);
#813=VECTOR('',#2879,10.);
#814=VECTOR('',#2882,10.);
#815=VECTOR('',#2887,10.);
#816=VECTOR('',#2888,10.);
#817=VECTOR('',#2889,10.);
#818=VECTOR('',#2892,10.);
#819=VECTOR('',#2899,10.);
#820=VECTOR('',#2900,10.);
#821=VECTOR('',#2901,10.);
#822=VECTOR('',#2902,10.);
#823=VECTOR('',#2911,10.);
#824=VECTOR('',#2912,10.);
#825=VECTOR('',#2915,10.);
#826=VECTOR('',#2916,10.);
#827=VECTOR('',#2919,10.);
#828=VECTOR('',#2920,10.);
#829=VECTOR('',#2923,10.);
#830=VECTOR('',#2924,10.);
#831=VECTOR('',#2927,10.);
#832=VECTOR('',#2934,10.);
#833=VECTOR('',#2935,10.);
#834=VECTOR('',#2940,10.);
#835=VECTOR('',#2941,10.);
#836=VECTOR('',#2944,10.);
#837=VECTOR('',#2955,10.);
#838=VECTOR('',#2960,10.);
#839=VECTOR('',#2971,2.);
#840=VECTOR('',#2974,2.);
#841=VECTOR('',#2977,10.);
#842=VECTOR('',#2978,10.);
#843=VECTOR('',#2979,10.);
#844=VECTOR('',#2986,10.);
#845=VECTOR('',#2987,10.);
#846=VECTOR('',#2988,10.);
#847=VECTOR('',#2997,10.);
#848=VECTOR('',#3002,10.);
#849=VECTOR('',#3005,2.375);
#850=VECTOR('',#3010,1.1875);
#851=VECTOR('',#3015,10.);
#852=VECTOR('',#3018,10.);
#853=VECTOR('',#3019,10.);
#854=VECTOR('',#3020,10.);
#855=VECTOR('',#3021,10.);
#856=VECTOR('',#3022,10.);
#857=VECTOR('',#3023,10.);
#858=VECTOR('',#3024,10.);
#859=VECTOR('',#3027,10.);
#860=VECTOR('',#3028,10.);
#861=VECTOR('',#3031,10.);
#862=VECTOR('',#3034,10.);
#863=VECTOR('',#3041,10.);
#864=VECTOR('',#3044,10.);
#865=VERTEX_POINT('',#3051);
#866=VERTEX_POINT('',#3052);
#867=VERTEX_POINT('',#3054);
#868=VERTEX_POINT('',#3056);
#869=VERTEX_POINT('',#3060);
#870=VERTEX_POINT('',#3061);
#871=VERTEX_POINT('',#3063);
#872=VERTEX_POINT('',#3065);
#873=VERTEX_POINT('',#3072);
#874=VERTEX_POINT('',#3074);
#875=VERTEX_POINT('',#3076);
#876=VERTEX_POINT('',#3078);
#877=VERTEX_POINT('',#3080);
#878=VERTEX_POINT('',#3082);
#879=VERTEX_POINT('',#3084);
#880=VERTEX_POINT('',#3086);
#881=VERTEX_POINT('',#3088);
#882=VERTEX_POINT('',#3090);
#883=VERTEX_POINT('',#3092);
#884=VERTEX_POINT('',#3094);
#885=VERTEX_POINT('',#3096);
#886=VERTEX_POINT('',#3098);
#887=VERTEX_POINT('',#3100);
#888=VERTEX_POINT('',#3102);
#889=VERTEX_POINT('',#3104);
#890=VERTEX_POINT('',#3107);
#891=VERTEX_POINT('',#3109);
#892=VERTEX_POINT('',#3111);
#893=VERTEX_POINT('',#3113);
#894=VERTEX_POINT('',#3115);
#895=VERTEX_POINT('',#3117);
#896=VERTEX_POINT('',#3119);
#897=VERTEX_POINT('',#3121);
#898=VERTEX_POINT('',#3123);
#899=VERTEX_POINT('',#3126);
#900=VERTEX_POINT('',#3128);
#901=VERTEX_POINT('',#3130);
#902=VERTEX_POINT('',#3132);
#903=VERTEX_POINT('',#3135);
#904=VERTEX_POINT('',#3137);
#905=VERTEX_POINT('',#3141);
#906=VERTEX_POINT('',#3143);
#907=VERTEX_POINT('',#3145);
#908=VERTEX_POINT('',#3147);
#909=VERTEX_POINT('',#3149);
#910=VERTEX_POINT('',#3151);
#911=VERTEX_POINT('',#3153);
#912=VERTEX_POINT('',#3155);
#913=VERTEX_POINT('',#3157);
#914=VERTEX_POINT('',#3159);
#915=VERTEX_POINT('',#3161);
#916=VERTEX_POINT('',#3163);
#917=VERTEX_POINT('',#3165);
#918=VERTEX_POINT('',#3167);
#919=VERTEX_POINT('',#3169);
#920=VERTEX_POINT('',#3171);
#921=VERTEX_POINT('',#3173);
#922=VERTEX_POINT('',#3175);
#923=VERTEX_POINT('',#3181);
#924=VERTEX_POINT('',#3183);
#925=VERTEX_POINT('',#3188);
#926=VERTEX_POINT('',#3190);
#927=VERTEX_POINT('',#3195);
#928=VERTEX_POINT('',#3196);
#929=VERTEX_POINT('',#3198);
#930=VERTEX_POINT('',#3200);
#931=VERTEX_POINT('',#3202);
#932=VERTEX_POINT('',#3206);
#933=VERTEX_POINT('',#3208);
#934=VERTEX_POINT('',#3212);
#935=VERTEX_POINT('',#3214);
#936=VERTEX_POINT('',#3219);
#937=VERTEX_POINT('',#3221);
#938=VERTEX_POINT('',#3225);
#939=VERTEX_POINT('',#3233);
#940=VERTEX_POINT('',#3235);
#941=VERTEX_POINT('',#3237);
#942=VERTEX_POINT('',#3239);
#943=VERTEX_POINT('',#3241);
#944=VERTEX_POINT('',#3243);
#945=VERTEX_POINT('',#3245);
#946=VERTEX_POINT('',#3247);
#947=VERTEX_POINT('',#3250);
#948=VERTEX_POINT('',#3252);
#949=VERTEX_POINT('',#3255);
#950=VERTEX_POINT('',#3259);
#951=VERTEX_POINT('',#3263);
#952=VERTEX_POINT('',#3265);
#953=VERTEX_POINT('',#3267);
#954=VERTEX_POINT('',#3283);
#955=VERTEX_POINT('',#3285);
#956=VERTEX_POINT('',#3289);
#957=VERTEX_POINT('',#3295);
#958=VERTEX_POINT('',#3299);
#959=VERTEX_POINT('',#3304);
#960=VERTEX_POINT('',#3309);
#961=VERTEX_POINT('',#3316);
#962=VERTEX_POINT('',#3325);
#963=VERTEX_POINT('',#3328);
#964=VERTEX_POINT('',#3330);
#965=VERTEX_POINT('',#3332);
#966=VERTEX_POINT('',#3338);
#967=VERTEX_POINT('',#3341);
#968=VERTEX_POINT('',#3345);
#969=VERTEX_POINT('',#3350);
#970=VERTEX_POINT('',#3357);
#971=VERTEX_POINT('',#3362);
#972=VERTEX_POINT('',#3393);
#973=VERTEX_POINT('',#3397);
#974=VERTEX_POINT('',#3401);
#975=VERTEX_POINT('',#3402);
#976=VERTEX_POINT('',#3407);
#977=VERTEX_POINT('',#3418);
#978=VERTEX_POINT('',#3421);
#979=VERTEX_POINT('',#3422);
#980=VERTEX_POINT('',#3426);
#981=VERTEX_POINT('',#3428);
#982=VERTEX_POINT('',#3430);
#983=VERTEX_POINT('',#3439);
#984=VERTEX_POINT('',#3442);
#985=VERTEX_POINT('',#3443);
#986=VERTEX_POINT('',#3450);
#987=VERTEX_POINT('',#3454);
#988=VERTEX_POINT('',#3463);
#989=VERTEX_POINT('',#3465);
#990=VERTEX_POINT('',#3467);
#991=VERTEX_POINT('',#3469);
#992=VERTEX_POINT('',#3471);
#993=VERTEX_POINT('',#3473);
#994=VERTEX_POINT('',#3477);
#995=VERTEX_POINT('',#3482);
#996=VERTEX_POINT('',#3484);
#997=VERTEX_POINT('',#3494);
#998=VERTEX_POINT('',#3500);
#999=VERTEX_POINT('',#3534);
#1000=VERTEX_POINT('',#3536);
#1001=VERTEX_POINT('',#3540);
#1002=VERTEX_POINT('',#3542);
#1003=VERTEX_POINT('',#3546);
#1004=VERTEX_POINT('',#3548);
#1005=VERTEX_POINT('',#3550);
#1006=VERTEX_POINT('',#3552);
#1007=VERTEX_POINT('',#3554);
#1008=VERTEX_POINT('',#3556);
#1009=VERTEX_POINT('',#3558);
#1010=VERTEX_POINT('',#3560);
#1011=VERTEX_POINT('',#3562);
#1012=VERTEX_POINT('',#3566);
#1013=VERTEX_POINT('',#3568);
#1014=VERTEX_POINT('',#3570);
#1015=VERTEX_POINT('',#3572);
#1016=VERTEX_POINT('',#3574);
#1017=VERTEX_POINT('',#3576);
#1018=VERTEX_POINT('',#3578);
#1019=VERTEX_POINT('',#3580);
#1020=VERTEX_POINT('',#3582);
#1021=VERTEX_POINT('',#3586);
#1022=VERTEX_POINT('',#3588);
#1023=VERTEX_POINT('',#3591);
#1024=VERTEX_POINT('',#3593);
#1025=VERTEX_POINT('',#3597);
#1026=VERTEX_POINT('',#3599);
#1027=VERTEX_POINT('',#3602);
#1028=VERTEX_POINT('',#3606);
#1029=VERTEX_POINT('',#3608);
#1030=VERTEX_POINT('',#3610);
#1031=VERTEX_POINT('',#3618);
#1032=VERTEX_POINT('',#3620);
#1033=VERTEX_POINT('',#3624);
#1034=VERTEX_POINT('',#3626);
#1035=VERTEX_POINT('',#3630);
#1036=VERTEX_POINT('',#3634);
#1037=VERTEX_POINT('',#3636);
#1038=VERTEX_POINT('',#3639);
#1039=VERTEX_POINT('',#3641);
#1040=VERTEX_POINT('',#3652);
#1041=VERTEX_POINT('',#3661);
#1042=VERTEX_POINT('',#3662);
#1043=VERTEX_POINT('',#3664);
#1044=VERTEX_POINT('',#3666);
#1045=VERTEX_POINT('',#3670);
#1046=VERTEX_POINT('',#3674);
#1047=VERTEX_POINT('',#3678);
#1048=VERTEX_POINT('',#3682);
#1049=VERTEX_POINT('',#3684);
#1050=VERTEX_POINT('',#3686);
#1051=VERTEX_POINT('',#3688);
#1052=VERTEX_POINT('',#3694);
#1053=VERTEX_POINT('',#3695);
#1054=VERTEX_POINT('',#3697);
#1055=VERTEX_POINT('',#3702);
#1056=VERTEX_POINT('',#3705);
#1057=VERTEX_POINT('',#3707);
#1058=VERTEX_POINT('',#3712);
#1059=VERTEX_POINT('',#3714);
#1060=VERTEX_POINT('',#3716);
#1061=VERTEX_POINT('',#3720);
#1062=VERTEX_POINT('',#3732);
#1063=VERTEX_POINT('',#3733);
#1064=VERTEX_POINT('',#3735);
#1065=VERTEX_POINT('',#3737);
#1066=VERTEX_POINT('',#3740);
#1067=VERTEX_POINT('',#3756);
#1068=VERTEX_POINT('',#3758);
#1069=VERTEX_POINT('',#3767);
#1070=VERTEX_POINT('',#3771);
#1071=VERTEX_POINT('',#3777);
#1072=VERTEX_POINT('',#3779);
#1073=VERTEX_POINT('',#3782);
#1074=VERTEX_POINT('',#3783);
#1075=VERTEX_POINT('',#3785);
#1076=VERTEX_POINT('',#3787);
#1077=EDGE_CURVE('',#865,#866,#415,.T.);
#1078=EDGE_CURVE('',#867,#865,#416,.T.);
#1079=EDGE_CURVE('',#867,#868,#417,.T.);
#1080=EDGE_CURVE('',#866,#868,#418,.T.);
#1081=EDGE_CURVE('',#869,#870,#419,.T.);
#1082=EDGE_CURVE('',#871,#869,#420,.T.);
#1083=EDGE_CURVE('',#871,#872,#421,.T.);
#1084=EDGE_CURVE('',#870,#872,#422,.T.);
#1085=EDGE_CURVE('',#868,#871,#423,.T.);
#1086=EDGE_CURVE('',#872,#867,#424,.T.);
#1087=EDGE_CURVE('',#873,#870,#425,.T.);
#1088=EDGE_CURVE('',#874,#873,#106,.T.);
#1089=EDGE_CURVE('',#874,#875,#107,.T.);
#1090=EDGE_CURVE('',#876,#875,#108,.T.);
#1091=EDGE_CURVE('',#877,#876,#426,.T.);
#1092=EDGE_CURVE('',#878,#877,#109,.T.);
#1093=EDGE_CURVE('',#878,#879,#110,.T.);
#1094=EDGE_CURVE('',#880,#879,#111,.T.);
#1095=EDGE_CURVE('',#881,#880,#427,.T.);
#1096=EDGE_CURVE('',#882,#881,#428,.T.);
#1097=EDGE_CURVE('',#883,#882,#112,.T.);
#1098=EDGE_CURVE('',#883,#884,#113,.T.);
#1099=EDGE_CURVE('',#885,#884,#114,.T.);
#1100=EDGE_CURVE('',#886,#885,#429,.T.);
#1101=EDGE_CURVE('',#887,#886,#115,.T.);
#1102=EDGE_CURVE('',#887,#888,#116,.T.);
#1103=EDGE_CURVE('',#889,#888,#117,.T.);
#1104=EDGE_CURVE('',#865,#889,#430,.T.);
#1105=EDGE_CURVE('',#890,#866,#431,.T.);
#1106=EDGE_CURVE('',#891,#890,#432,.T.);
#1107=EDGE_CURVE('',#892,#891,#433,.T.);
#1108=EDGE_CURVE('',#893,#892,#434,.T.);
#1109=EDGE_CURVE('',#894,#893,#435,.T.);
#1110=EDGE_CURVE('',#895,#894,#436,.T.);
#1111=EDGE_CURVE('',#896,#895,#437,.T.);
#1112=EDGE_CURVE('',#897,#896,#438,.T.);
#1113=EDGE_CURVE('',#898,#897,#439,.T.);
#1114=EDGE_CURVE('',#869,#898,#440,.T.);
#1115=EDGE_CURVE('',#899,#899,#118,.T.);
#1116=EDGE_CURVE('',#900,#900,#119,.T.);
#1117=EDGE_CURVE('',#901,#901,#120,.T.);
#1118=EDGE_CURVE('',#902,#902,#121,.T.);
#1119=EDGE_CURVE('',#903,#889,#441,.T.);
#1120=EDGE_CURVE('',#903,#904,#74,.T.);
#1121=EDGE_CURVE('',#904,#905,#442,.T.);
#1122=EDGE_CURVE('',#905,#906,#443,.T.);
#1123=EDGE_CURVE('',#906,#907,#444,.T.);
#1124=EDGE_CURVE('',#908,#907,#445,.T.);
#1125=EDGE_CURVE('',#909,#908,#446,.T.);
#1126=EDGE_CURVE('',#910,#909,#447,.T.);
#1127=EDGE_CURVE('',#911,#910,#448,.T.);
#1128=EDGE_CURVE('',#911,#912,#449,.T.);
#1129=EDGE_CURVE('',#913,#912,#450,.T.);
#1130=EDGE_CURVE('',#914,#913,#451,.T.);
#1131=EDGE_CURVE('',#915,#914,#452,.T.);
#1132=EDGE_CURVE('',#916,#915,#453,.T.);
#1133=EDGE_CURVE('',#916,#917,#454,.T.);
#1134=EDGE_CURVE('',#917,#918,#455,.T.);
#1135=EDGE_CURVE('',#918,#919,#456,.T.);
#1136=EDGE_CURVE('',#919,#920,#457,.T.);
#1137=EDGE_CURVE('',#920,#921,#458,.T.);
#1138=EDGE_CURVE('',#921,#922,#75,.T.);
#1139=EDGE_CURVE('',#922,#873,#459,.T.);
#1140=EDGE_CURVE('',#923,#923,#122,.T.);
#1141=EDGE_CURVE('',#923,#924,#460,.T.);
#1142=EDGE_CURVE('',#924,#924,#123,.T.);
#1143=EDGE_CURVE('',#925,#925,#124,.T.);
#1144=EDGE_CURVE('',#925,#926,#461,.T.);
#1145=EDGE_CURVE('',#926,#926,#125,.T.);
#1146=EDGE_CURVE('',#927,#928,#462,.T.);
#1147=EDGE_CURVE('',#927,#929,#463,.T.);
#1148=EDGE_CURVE('',#930,#929,#464,.T.);
#1149=EDGE_CURVE('',#931,#930,#126,.T.);
#1150=EDGE_CURVE('',#928,#931,#465,.T.);
#1151=EDGE_CURVE('',#932,#927,#466,.T.);
#1152=EDGE_CURVE('',#932,#933,#467,.T.);
#1153=EDGE_CURVE('',#929,#933,#468,.T.);
#1154=EDGE_CURVE('',#933,#934,#469,.T.);
#1155=EDGE_CURVE('',#932,#935,#470,.T.);
#1156=EDGE_CURVE('',#935,#918,#471,.T.);
#1157=EDGE_CURVE('',#934,#917,#472,.T.);
#1158=EDGE_CURVE('',#928,#936,#473,.T.);
#1159=EDGE_CURVE('',#937,#931,#76,.T.);
#1160=EDGE_CURVE('',#938,#937,#474,.T.);
#1161=EDGE_CURVE('',#920,#938,#475,.T.);
#1162=EDGE_CURVE('',#936,#919,#476,.T.);
#1163=EDGE_CURVE('',#936,#935,#477,.T.);
#1164=EDGE_CURVE('',#898,#932,#478,.T.);
#1165=EDGE_CURVE('',#935,#939,#479,.T.);
#1166=EDGE_CURVE('',#939,#940,#480,.T.);
#1167=EDGE_CURVE('',#941,#940,#481,.T.);
#1168=EDGE_CURVE('',#941,#942,#482,.T.);
#1169=EDGE_CURVE('',#943,#942,#483,.T.);
#1170=EDGE_CURVE('',#943,#944,#484,.T.);
#1171=EDGE_CURVE('',#944,#945,#485,.T.);
#1172=EDGE_CURVE('',#945,#946,#486,.T.);
#1173=EDGE_CURVE('',#890,#946,#487,.T.);
#1174=EDGE_CURVE('',#947,#947,#127,.T.);
#1175=EDGE_CURVE('',#948,#948,#128,.T.);
#1176=EDGE_CURVE('',#949,#930,#77,.T.);
#1177=EDGE_CURVE('',#950,#949,#78,.T.);
#1178=EDGE_CURVE('',#950,#951,#129,.T.);
#1179=EDGE_CURVE('',#951,#952,#488,.T.);
#1180=EDGE_CURVE('',#952,#953,#27,.T.);
#1181=EDGE_CURVE('',#937,#953,#79,.T.);
#1182=EDGE_CURVE('',#916,#934,#489,.F.);
#1183=EDGE_CURVE('',#949,#916,#490,.T.);
#1184=EDGE_CURVE('',#944,#906,#491,.T.);
#1185=EDGE_CURVE('',#943,#907,#492,.T.);
#1186=EDGE_CURVE('',#954,#905,#493,.T.);
#1187=EDGE_CURVE('',#955,#954,#80,.T.);
#1188=EDGE_CURVE('',#956,#955,#81,.T.);
#1189=EDGE_CURVE('',#945,#956,#494,.T.);
#1190=EDGE_CURVE('',#957,#956,#130,.T.);
#1191=EDGE_CURVE('',#946,#957,#495,.T.);
#1192=EDGE_CURVE('',#948,#958,#496,.T.);
#1193=EDGE_CURVE('',#958,#958,#131,.T.);
#1194=EDGE_CURVE('',#947,#959,#497,.T.);
#1195=EDGE_CURVE('',#959,#959,#132,.T.);
#1196=EDGE_CURVE('',#921,#960,#82,.T.);
#1197=EDGE_CURVE('',#960,#953,#83,.T.);
#1198=EDGE_CURVE('',#961,#952,#498,.T.);
#1199=EDGE_CURVE('',#961,#922,#133,.T.);
#1200=EDGE_CURVE('',#938,#953,#499,.F.);
#1201=EDGE_CURVE('',#951,#961,#134,.T.);
#1202=EDGE_CURVE('',#962,#962,#135,.T.);
#1203=EDGE_CURVE('',#963,#915,#500,.T.);
#1204=EDGE_CURVE('',#963,#964,#501,.T.);
#1205=EDGE_CURVE('',#964,#965,#84,.T.);
#1206=EDGE_CURVE('',#965,#877,#502,.T.);
#1207=EDGE_CURVE('',#950,#876,#503,.T.);
#1208=EDGE_CURVE('',#966,#966,#136,.T.);
#1209=EDGE_CURVE('',#967,#964,#85,.T.);
#1210=EDGE_CURVE('',#967,#968,#28,.T.);
#1211=EDGE_CURVE('',#969,#968,#29,.T.);
#1212=EDGE_CURVE('',#970,#969,#30,.T.);
#1213=EDGE_CURVE('',#971,#970,#504,.T.);
#1214=EDGE_CURVE('',#971,#965,#137,.T.);
#1215=EDGE_CURVE('',#972,#969,#505,.T.);
#1216=EDGE_CURVE('',#970,#972,#138,.T.);
#1217=EDGE_CURVE('',#973,#972,#506,.T.);
#1218=EDGE_CURVE('',#973,#971,#139,.T.);
#1219=EDGE_CURVE('',#974,#975,#86,.T.);
#1220=EDGE_CURVE('',#974,#973,#140,.T.);
#1221=EDGE_CURVE('',#976,#968,#31,.T.);
#1222=EDGE_CURVE('',#975,#976,#87,.T.);
#1223=EDGE_CURVE('',#977,#977,#141,.T.);
#1224=EDGE_CURVE('',#978,#979,#88,.T.);
#1225=EDGE_CURVE('',#978,#980,#142,.T.);
#1226=EDGE_CURVE('',#980,#981,#507,.T.);
#1227=EDGE_CURVE('',#981,#982,#32,.T.);
#1228=EDGE_CURVE('',#979,#982,#89,.T.);
#1229=EDGE_CURVE('',#983,#983,#143,.T.);
#1230=EDGE_CURVE('',#984,#985,#90,.T.);
#1231=EDGE_CURVE('',#984,#982,#91,.T.);
#1232=EDGE_CURVE('',#986,#981,#508,.T.);
#1233=EDGE_CURVE('',#986,#985,#144,.T.);
#1234=EDGE_CURVE('',#987,#984,#509,.T.);
#1235=EDGE_CURVE('',#987,#982,#510,.F.);
#1236=EDGE_CURVE('',#980,#986,#145,.T.);
#1237=EDGE_CURVE('',#979,#987,#511,.T.);
#1238=EDGE_CURVE('',#985,#882,#512,.T.);
#1239=EDGE_CURVE('',#988,#881,#513,.T.);
#1240=EDGE_CURVE('',#988,#989,#146,.T.);
#1241=EDGE_CURVE('',#989,#990,#514,.T.);
#1242=EDGE_CURVE('',#990,#991,#147,.T.);
#1243=EDGE_CURVE('',#991,#992,#148,.T.);
#1244=EDGE_CURVE('',#992,#993,#515,.T.);
#1245=EDGE_CURVE('',#993,#987,#516,.T.);
#1246=EDGE_CURVE('',#994,#955,#33,.T.);
#1247=EDGE_CURVE('',#995,#994,#517,.T.);
#1248=EDGE_CURVE('',#995,#996,#149,.T.);
#1249=EDGE_CURVE('',#957,#996,#92,.T.);
#1250=EDGE_CURVE('',#904,#954,#93,.T.);
#1251=EDGE_CURVE('',#997,#994,#518,.T.);
#1252=EDGE_CURVE('',#997,#995,#150,.T.);
#1253=EDGE_CURVE('',#903,#997,#151,.T.);
#1254=EDGE_CURVE('',#998,#998,#152,.T.);
#1255=EDGE_CURVE('',#878,#971,#519,.T.);
#1256=EDGE_CURVE('',#879,#973,#520,.T.);
#1257=EDGE_CURVE('',#974,#880,#521,.T.);
#1258=EDGE_CURVE('',#977,#902,#522,.T.);
#1259=EDGE_CURVE('',#874,#961,#523,.T.);
#1260=EDGE_CURVE('',#875,#951,#524,.T.);
#1261=EDGE_CURVE('',#962,#901,#525,.T.);
#1262=EDGE_CURVE('',#883,#986,#526,.T.);
#1263=EDGE_CURVE('',#884,#980,#527,.T.);
#1264=EDGE_CURVE('',#978,#885,#528,.T.);
#1265=EDGE_CURVE('',#983,#900,#529,.T.);
#1266=EDGE_CURVE('',#998,#899,#530,.T.);
#1267=EDGE_CURVE('',#996,#886,#531,.T.);
#1268=EDGE_CURVE('',#887,#995,#532,.T.);
#1269=EDGE_CURVE('',#888,#997,#533,.T.);
#1270=EDGE_CURVE('',#999,#898,#534,.T.);
#1271=EDGE_CURVE('',#1000,#897,#535,.T.);
#1272=EDGE_CURVE('',#999,#1000,#536,.T.);
#1273=EDGE_CURVE('',#1001,#890,#537,.T.);
#1274=EDGE_CURVE('',#1002,#1001,#538,.T.);
#1275=EDGE_CURVE('',#891,#1002,#539,.T.);
#1276=EDGE_CURVE('',#1003,#893,#540,.T.);
#1277=EDGE_CURVE('',#1003,#1004,#541,.T.);
#1278=EDGE_CURVE('',#1004,#1005,#542,.T.);
#1279=EDGE_CURVE('',#1006,#1005,#543,.T.);
#1280=EDGE_CURVE('',#1007,#1006,#153,.T.);
#1281=EDGE_CURVE('',#1008,#1007,#544,.T.);
#1282=EDGE_CURVE('',#1009,#1008,#545,.T.);
#1283=EDGE_CURVE('',#1009,#1010,#546,.T.);
#1284=EDGE_CURVE('',#1011,#1010,#547,.T.);
#1285=EDGE_CURVE('',#1011,#894,#548,.T.);
#1286=EDGE_CURVE('',#892,#1012,#549,.T.);
#1287=EDGE_CURVE('',#1012,#1013,#154,.T.);
#1288=EDGE_CURVE('',#1013,#1014,#550,.T.);
#1289=EDGE_CURVE('',#1014,#1015,#551,.T.);
#1290=EDGE_CURVE('',#1015,#1016,#552,.T.);
#1291=EDGE_CURVE('',#1016,#1017,#155,.T.);
#1292=EDGE_CURVE('',#1017,#1018,#553,.T.);
#1293=EDGE_CURVE('',#1019,#1018,#554,.T.);
#1294=EDGE_CURVE('',#1019,#1020,#555,.T.);
#1295=EDGE_CURVE('',#1020,#1003,#556,.T.);
#1296=EDGE_CURVE('',#1021,#1002,#557,.T.);
#1297=EDGE_CURVE('',#1022,#1021,#558,.T.);
#1298=EDGE_CURVE('',#1018,#1022,#559,.T.);
#1299=EDGE_CURVE('',#1017,#1023,#16,.T.);
#1300=EDGE_CURVE('',#1023,#1024,#560,.T.);
#1301=EDGE_CURVE('',#1024,#1012,#17,.T.);
#1302=EDGE_CURVE('',#1025,#1001,#561,.T.);
#1303=EDGE_CURVE('',#1026,#1025,#562,.T.);
#1304=EDGE_CURVE('',#999,#1026,#563,.T.);
#1305=EDGE_CURVE('',#1027,#1000,#564,.T.);
#1306=EDGE_CURVE('',#1021,#1027,#565,.T.);
#1307=EDGE_CURVE('',#1028,#963,#566,.T.);
#1308=EDGE_CURVE('',#1028,#1029,#567,.T.);
#1309=EDGE_CURVE('',#1029,#1030,#568,.T.);
#1310=EDGE_CURVE('',#1030,#988,#569,.T.);
#1311=EDGE_CURVE('',#993,#908,#570,.T.);
#1312=EDGE_CURVE('',#990,#992,#571,.T.);
#1313=EDGE_CURVE('',#1030,#989,#572,.T.);
#1314=EDGE_CURVE('',#913,#1029,#573,.T.);
#1315=EDGE_CURVE('',#1031,#912,#574,.T.);
#1316=EDGE_CURVE('',#1032,#1031,#575,.T.);
#1317=EDGE_CURVE('',#909,#1032,#576,.T.);
#1318=EDGE_CURVE('',#942,#1033,#577,.T.);
#1319=EDGE_CURVE('',#1033,#1034,#578,.T.);
#1320=EDGE_CURVE('',#1025,#1034,#579,.T.);
#1321=EDGE_CURVE('',#1035,#1035,#156,.T.);
#1322=EDGE_CURVE('',#1035,#966,#580,.T.);
#1323=EDGE_CURVE('',#1036,#1011,#581,.T.);
#1324=EDGE_CURVE('',#1037,#1010,#582,.T.);
#1325=EDGE_CURVE('',#1019,#1037,#583,.T.);
#1326=EDGE_CURVE('',#1022,#1038,#584,.T.);
#1327=EDGE_CURVE('',#1038,#1039,#585,.T.);
#1328=EDGE_CURVE('',#1039,#1036,#586,.T.);
#1329=EDGE_CURVE('',#1036,#895,#587,.T.);
#1330=EDGE_CURVE('',#1039,#896,#588,.T.);
#1331=EDGE_CURVE('',#1038,#1027,#589,.T.);
#1332=EDGE_CURVE('',#1040,#939,#590,.T.);
#1333=EDGE_CURVE('',#1034,#1040,#591,.T.);
#1334=EDGE_CURVE('',#940,#1033,#592,.T.);
#1335=EDGE_CURVE('',#1026,#1040,#593,.T.);
#1336=EDGE_CURVE('',#1041,#1042,#594,.T.);
#1337=EDGE_CURVE('',#1042,#1043,#595,.T.);
#1338=EDGE_CURVE('',#1043,#1044,#596,.T.);
#1339=EDGE_CURVE('',#1044,#1041,#597,.T.);
#1340=EDGE_CURVE('',#989,#1045,#157,.T.);
#1341=EDGE_CURVE('',#1045,#988,#158,.T.);
#1342=EDGE_CURVE('',#1009,#1046,#598,.T.);
#1343=EDGE_CURVE('',#1046,#1037,#599,.T.);
#1344=EDGE_CURVE('',#1020,#1047,#600,.T.);
#1345=EDGE_CURVE('',#1004,#1047,#601,.T.);
#1346=EDGE_CURVE('',#1046,#1048,#602,.T.);
#1347=EDGE_CURVE('',#1048,#1049,#603,.T.);
#1348=EDGE_CURVE('',#1049,#1050,#159,.T.);
#1349=EDGE_CURVE('',#1050,#1051,#604,.T.);
#1350=EDGE_CURVE('',#1051,#1047,#605,.T.);
#1351=EDGE_CURVE('',#1008,#1048,#606,.T.);
#1352=EDGE_CURVE('',#1052,#1053,#18,.T.);
#1353=EDGE_CURVE('',#1053,#1054,#19,.T.);
#1354=EDGE_CURVE('',#1007,#1054,#607,.T.);
#1355=EDGE_CURVE('',#1006,#1052,#608,.T.);
#1356=EDGE_CURVE('',#1055,#1052,#160,.T.);
#1357=EDGE_CURVE('',#1005,#1051,#609,.T.);
#1358=EDGE_CURVE('',#1056,#1050,#610,.T.);
#1359=EDGE_CURVE('',#1056,#1057,#161,.T.);
#1360=EDGE_CURVE('',#1055,#1057,#611,.T.);
#1361=EDGE_CURVE('',#1058,#1055,#20,.T.);
#1362=EDGE_CURVE('',#1057,#1059,#21,.T.);
#1363=EDGE_CURVE('',#1059,#1060,#22,.T.);
#1364=EDGE_CURVE('',#1058,#1060,#612,.T.);
#1365=EDGE_CURVE('',#1061,#1056,#23,.T.);
#1366=EDGE_CURVE('',#1061,#1049,#613,.T.);
#1367=EDGE_CURVE('',#1054,#1058,#162,.T.);
#1368=EDGE_CURVE('',#1060,#1061,#163,.T.);
#1369=EDGE_CURVE('',#992,#990,#164,.T.);
#1370=EDGE_CURVE('',#991,#1059,#614,.T.);
#1371=EDGE_CURVE('',#1045,#1053,#615,.T.);
#1372=EDGE_CURVE('',#1062,#1063,#616,.T.);
#1373=EDGE_CURVE('',#1063,#1064,#617,.T.);
#1374=EDGE_CURVE('',#1064,#1065,#618,.T.);
#1375=EDGE_CURVE('',#1065,#1062,#24,.T.);
#1376=EDGE_CURVE('',#1066,#1066,#165,.T.);
#1377=EDGE_CURVE('',#1015,#1063,#619,.T.);
#1378=EDGE_CURVE('',#1016,#1062,#620,.T.);
#1379=EDGE_CURVE('',#1013,#1065,#621,.T.);
#1380=EDGE_CURVE('',#1067,#1024,#166,.T.);
#1381=EDGE_CURVE('',#1067,#1068,#25,.T.);
#1382=EDGE_CURVE('',#1023,#1068,#167,.T.);
#1383=EDGE_CURVE('',#1014,#1064,#622,.T.);
#1384=EDGE_CURVE('',#1068,#1067,#623,.T.);
#1385=EDGE_CURVE('',#1066,#1069,#624,.T.);
#1386=EDGE_CURVE('',#1069,#1069,#168,.T.);
#1387=EDGE_CURVE('',#1069,#1070,#625,.T.);
#1388=EDGE_CURVE('',#914,#1028,#626,.T.);
#1389=EDGE_CURVE('',#910,#1071,#627,.T.);
#1390=EDGE_CURVE('',#1071,#1072,#628,.T.);
#1391=EDGE_CURVE('',#1072,#911,#629,.T.);
#1392=EDGE_CURVE('',#1073,#1074,#630,.T.);
#1393=EDGE_CURVE('',#1074,#1075,#631,.T.);
#1394=EDGE_CURVE('',#1075,#1076,#632,.T.);
#1395=EDGE_CURVE('',#1076,#1073,#633,.T.);
#1396=EDGE_CURVE('',#1041,#1075,#634,.T.);
#1397=EDGE_CURVE('',#1044,#1076,#635,.T.);
#1398=EDGE_CURVE('',#1043,#1073,#636,.T.);
#1399=EDGE_CURVE('',#1042,#1074,#637,.T.);
#1400=EDGE_CURVE('',#1071,#1032,#638,.T.);
#1401=EDGE_CURVE('',#1072,#1031,#639,.T.);
#1402=ORIENTED_EDGE('',*,*,#1077,.F.);
#1403=ORIENTED_EDGE('',*,*,#1078,.F.);
#1404=ORIENTED_EDGE('',*,*,#1079,.T.);
#1405=ORIENTED_EDGE('',*,*,#1080,.F.);
#1406=ORIENTED_EDGE('',*,*,#1081,.F.);
#1407=ORIENTED_EDGE('',*,*,#1082,.F.);
#1408=ORIENTED_EDGE('',*,*,#1083,.T.);
#1409=ORIENTED_EDGE('',*,*,#1084,.F.);
#1410=ORIENTED_EDGE('',*,*,#1083,.F.);
#1411=ORIENTED_EDGE('',*,*,#1085,.F.);
#1412=ORIENTED_EDGE('',*,*,#1079,.F.);
#1413=ORIENTED_EDGE('',*,*,#1086,.F.);
#1414=ORIENTED_EDGE('',*,*,#1081,.T.);
#1415=ORIENTED_EDGE('',*,*,#1087,.F.);
#1416=ORIENTED_EDGE('',*,*,#1088,.F.);
#1417=ORIENTED_EDGE('',*,*,#1089,.T.);
#1418=ORIENTED_EDGE('',*,*,#1090,.F.);
#1419=ORIENTED_EDGE('',*,*,#1091,.F.);
#1420=ORIENTED_EDGE('',*,*,#1092,.F.);
#1421=ORIENTED_EDGE('',*,*,#1093,.T.);
#1422=ORIENTED_EDGE('',*,*,#1094,.F.);
#1423=ORIENTED_EDGE('',*,*,#1095,.F.);
#1424=ORIENTED_EDGE('',*,*,#1096,.F.);
#1425=ORIENTED_EDGE('',*,*,#1097,.F.);
#1426=ORIENTED_EDGE('',*,*,#1098,.T.);
#1427=ORIENTED_EDGE('',*,*,#1099,.F.);
#1428=ORIENTED_EDGE('',*,*,#1100,.F.);
#1429=ORIENTED_EDGE('',*,*,#1101,.F.);
#1430=ORIENTED_EDGE('',*,*,#1102,.T.);
#1431=ORIENTED_EDGE('',*,*,#1103,.F.);
#1432=ORIENTED_EDGE('',*,*,#1104,.F.);
#1433=ORIENTED_EDGE('',*,*,#1077,.T.);
#1434=ORIENTED_EDGE('',*,*,#1105,.F.);
#1435=ORIENTED_EDGE('',*,*,#1106,.F.);
#1436=ORIENTED_EDGE('',*,*,#1107,.F.);
#1437=ORIENTED_EDGE('',*,*,#1108,.F.);
#1438=ORIENTED_EDGE('',*,*,#1109,.F.);
#1439=ORIENTED_EDGE('',*,*,#1110,.F.);
#1440=ORIENTED_EDGE('',*,*,#1111,.F.);
#1441=ORIENTED_EDGE('',*,*,#1112,.F.);
#1442=ORIENTED_EDGE('',*,*,#1113,.F.);
#1443=ORIENTED_EDGE('',*,*,#1114,.F.);
#1444=ORIENTED_EDGE('',*,*,#1115,.F.);
#1445=ORIENTED_EDGE('',*,*,#1116,.F.);
#1446=ORIENTED_EDGE('',*,*,#1117,.F.);
#1447=ORIENTED_EDGE('',*,*,#1118,.F.);
#1448=ORIENTED_EDGE('',*,*,#1084,.T.);
#1449=ORIENTED_EDGE('',*,*,#1086,.T.);
#1450=ORIENTED_EDGE('',*,*,#1078,.T.);
#1451=ORIENTED_EDGE('',*,*,#1104,.T.);
#1452=ORIENTED_EDGE('',*,*,#1119,.F.);
#1453=ORIENTED_EDGE('',*,*,#1120,.T.);
#1454=ORIENTED_EDGE('',*,*,#1121,.T.);
#1455=ORIENTED_EDGE('',*,*,#1122,.T.);
#1456=ORIENTED_EDGE('',*,*,#1123,.T.);
#1457=ORIENTED_EDGE('',*,*,#1124,.F.);
#1458=ORIENTED_EDGE('',*,*,#1125,.F.);
#1459=ORIENTED_EDGE('',*,*,#1126,.F.);
#1460=ORIENTED_EDGE('',*,*,#1127,.F.);
#1461=ORIENTED_EDGE('',*,*,#1128,.T.);
#1462=ORIENTED_EDGE('',*,*,#1129,.F.);
#1463=ORIENTED_EDGE('',*,*,#1130,.F.);
#1464=ORIENTED_EDGE('',*,*,#1131,.F.);
#1465=ORIENTED_EDGE('',*,*,#1132,.F.);
#1466=ORIENTED_EDGE('',*,*,#1133,.T.);
#1467=ORIENTED_EDGE('',*,*,#1134,.T.);
#1468=ORIENTED_EDGE('',*,*,#1135,.T.);
#1469=ORIENTED_EDGE('',*,*,#1136,.T.);
#1470=ORIENTED_EDGE('',*,*,#1137,.T.);
#1471=ORIENTED_EDGE('',*,*,#1138,.T.);
#1472=ORIENTED_EDGE('',*,*,#1139,.T.);
#1473=ORIENTED_EDGE('',*,*,#1087,.T.);
#1474=ORIENTED_EDGE('',*,*,#1140,.F.);
#1475=ORIENTED_EDGE('',*,*,#1141,.T.);
#1476=ORIENTED_EDGE('',*,*,#1142,.T.);
#1477=ORIENTED_EDGE('',*,*,#1141,.F.);
#1478=ORIENTED_EDGE('',*,*,#1142,.F.);
#1479=ORIENTED_EDGE('',*,*,#1143,.F.);
#1480=ORIENTED_EDGE('',*,*,#1144,.T.);
#1481=ORIENTED_EDGE('',*,*,#1145,.T.);
#1482=ORIENTED_EDGE('',*,*,#1144,.F.);
#1483=ORIENTED_EDGE('',*,*,#1145,.F.);
#1484=ORIENTED_EDGE('',*,*,#1146,.F.);
#1485=ORIENTED_EDGE('',*,*,#1147,.T.);
#1486=ORIENTED_EDGE('',*,*,#1148,.F.);
#1487=ORIENTED_EDGE('',*,*,#1149,.F.);
#1488=ORIENTED_EDGE('',*,*,#1150,.F.);
#1489=ORIENTED_EDGE('',*,*,#1151,.F.);
#1490=ORIENTED_EDGE('',*,*,#1152,.T.);
#1491=ORIENTED_EDGE('',*,*,#1153,.F.);
#1492=ORIENTED_EDGE('',*,*,#1147,.F.);
#1493=ORIENTED_EDGE('',*,*,#1154,.F.);
#1494=ORIENTED_EDGE('',*,*,#1152,.F.);
#1495=ORIENTED_EDGE('',*,*,#1155,.T.);
#1496=ORIENTED_EDGE('',*,*,#1156,.T.);
#1497=ORIENTED_EDGE('',*,*,#1134,.F.);
#1498=ORIENTED_EDGE('',*,*,#1157,.F.);
#1499=ORIENTED_EDGE('',*,*,#1158,.F.);
#1500=ORIENTED_EDGE('',*,*,#1150,.T.);
#1501=ORIENTED_EDGE('',*,*,#1159,.F.);
#1502=ORIENTED_EDGE('',*,*,#1160,.F.);
#1503=ORIENTED_EDGE('',*,*,#1161,.F.);
#1504=ORIENTED_EDGE('',*,*,#1136,.F.);
#1505=ORIENTED_EDGE('',*,*,#1162,.F.);
#1506=ORIENTED_EDGE('',*,*,#1163,.F.);
#1507=ORIENTED_EDGE('',*,*,#1162,.T.);
#1508=ORIENTED_EDGE('',*,*,#1135,.F.);
#1509=ORIENTED_EDGE('',*,*,#1156,.F.);
#1510=ORIENTED_EDGE('',*,*,#1082,.T.);
#1511=ORIENTED_EDGE('',*,*,#1114,.T.);
#1512=ORIENTED_EDGE('',*,*,#1164,.T.);
#1513=ORIENTED_EDGE('',*,*,#1151,.T.);
#1514=ORIENTED_EDGE('',*,*,#1146,.T.);
#1515=ORIENTED_EDGE('',*,*,#1158,.T.);
#1516=ORIENTED_EDGE('',*,*,#1163,.T.);
#1517=ORIENTED_EDGE('',*,*,#1165,.T.);
#1518=ORIENTED_EDGE('',*,*,#1166,.T.);
#1519=ORIENTED_EDGE('',*,*,#1167,.F.);
#1520=ORIENTED_EDGE('',*,*,#1168,.T.);
#1521=ORIENTED_EDGE('',*,*,#1169,.F.);
#1522=ORIENTED_EDGE('',*,*,#1170,.T.);
#1523=ORIENTED_EDGE('',*,*,#1171,.T.);
#1524=ORIENTED_EDGE('',*,*,#1172,.T.);
#1525=ORIENTED_EDGE('',*,*,#1173,.F.);
#1526=ORIENTED_EDGE('',*,*,#1105,.T.);
#1527=ORIENTED_EDGE('',*,*,#1080,.T.);
#1528=ORIENTED_EDGE('',*,*,#1085,.T.);
#1529=ORIENTED_EDGE('',*,*,#1174,.T.);
#1530=ORIENTED_EDGE('',*,*,#1175,.T.);
#1531=ORIENTED_EDGE('',*,*,#1159,.T.);
#1532=ORIENTED_EDGE('',*,*,#1149,.T.);
#1533=ORIENTED_EDGE('',*,*,#1176,.F.);
#1534=ORIENTED_EDGE('',*,*,#1177,.F.);
#1535=ORIENTED_EDGE('',*,*,#1178,.T.);
#1536=ORIENTED_EDGE('',*,*,#1179,.T.);
#1537=ORIENTED_EDGE('',*,*,#1180,.T.);
#1538=ORIENTED_EDGE('',*,*,#1181,.F.);
#1539=ORIENTED_EDGE('',*,*,#1148,.T.);
#1540=ORIENTED_EDGE('',*,*,#1153,.T.);
#1541=ORIENTED_EDGE('',*,*,#1154,.T.);
#1542=ORIENTED_EDGE('',*,*,#1182,.F.);
#1543=ORIENTED_EDGE('',*,*,#1183,.F.);
#1544=ORIENTED_EDGE('',*,*,#1176,.T.);
#1545=ORIENTED_EDGE('',*,*,#1157,.T.);
#1546=ORIENTED_EDGE('',*,*,#1133,.F.);
#1547=ORIENTED_EDGE('',*,*,#1182,.T.);
#1548=ORIENTED_EDGE('',*,*,#1123,.F.);
#1549=ORIENTED_EDGE('',*,*,#1184,.F.);
#1550=ORIENTED_EDGE('',*,*,#1170,.F.);
#1551=ORIENTED_EDGE('',*,*,#1185,.T.);
#1552=ORIENTED_EDGE('',*,*,#1122,.F.);
#1553=ORIENTED_EDGE('',*,*,#1186,.F.);
#1554=ORIENTED_EDGE('',*,*,#1187,.F.);
#1555=ORIENTED_EDGE('',*,*,#1188,.F.);
#1556=ORIENTED_EDGE('',*,*,#1189,.F.);
#1557=ORIENTED_EDGE('',*,*,#1171,.F.);
#1558=ORIENTED_EDGE('',*,*,#1184,.T.);
#1559=ORIENTED_EDGE('',*,*,#1190,.F.);
#1560=ORIENTED_EDGE('',*,*,#1191,.F.);
#1561=ORIENTED_EDGE('',*,*,#1172,.F.);
#1562=ORIENTED_EDGE('',*,*,#1189,.T.);
#1563=ORIENTED_EDGE('',*,*,#1175,.F.);
#1564=ORIENTED_EDGE('',*,*,#1192,.T.);
#1565=ORIENTED_EDGE('',*,*,#1193,.T.);
#1566=ORIENTED_EDGE('',*,*,#1192,.F.);
#1567=ORIENTED_EDGE('',*,*,#1193,.F.);
#1568=ORIENTED_EDGE('',*,*,#1174,.F.);
#1569=ORIENTED_EDGE('',*,*,#1194,.T.);
#1570=ORIENTED_EDGE('',*,*,#1195,.T.);
#1571=ORIENTED_EDGE('',*,*,#1194,.F.);
#1572=ORIENTED_EDGE('',*,*,#1195,.F.);
#1573=ORIENTED_EDGE('',*,*,#1138,.F.);
#1574=ORIENTED_EDGE('',*,*,#1196,.T.);
#1575=ORIENTED_EDGE('',*,*,#1197,.T.);
#1576=ORIENTED_EDGE('',*,*,#1180,.F.);
#1577=ORIENTED_EDGE('',*,*,#1198,.F.);
#1578=ORIENTED_EDGE('',*,*,#1199,.T.);
#1579=ORIENTED_EDGE('',*,*,#1161,.T.);
#1580=ORIENTED_EDGE('',*,*,#1200,.T.);
#1581=ORIENTED_EDGE('',*,*,#1197,.F.);
#1582=ORIENTED_EDGE('',*,*,#1196,.F.);
#1583=ORIENTED_EDGE('',*,*,#1137,.F.);
#1584=ORIENTED_EDGE('',*,*,#1160,.T.);
#1585=ORIENTED_EDGE('',*,*,#1181,.T.);
#1586=ORIENTED_EDGE('',*,*,#1200,.F.);
#1587=ORIENTED_EDGE('',*,*,#1198,.T.);
#1588=ORIENTED_EDGE('',*,*,#1179,.F.);
#1589=ORIENTED_EDGE('',*,*,#1201,.T.);
#1590=ORIENTED_EDGE('',*,*,#1202,.T.);
#1591=ORIENTED_EDGE('',*,*,#1177,.T.);
#1592=ORIENTED_EDGE('',*,*,#1183,.T.);
#1593=ORIENTED_EDGE('',*,*,#1132,.T.);
#1594=ORIENTED_EDGE('',*,*,#1203,.F.);
#1595=ORIENTED_EDGE('',*,*,#1204,.T.);
#1596=ORIENTED_EDGE('',*,*,#1205,.T.);
#1597=ORIENTED_EDGE('',*,*,#1206,.T.);
#1598=ORIENTED_EDGE('',*,*,#1091,.T.);
#1599=ORIENTED_EDGE('',*,*,#1207,.F.);
#1600=ORIENTED_EDGE('',*,*,#1208,.T.);
#1601=ORIENTED_EDGE('',*,*,#1205,.F.);
#1602=ORIENTED_EDGE('',*,*,#1209,.F.);
#1603=ORIENTED_EDGE('',*,*,#1210,.T.);
#1604=ORIENTED_EDGE('',*,*,#1211,.F.);
#1605=ORIENTED_EDGE('',*,*,#1212,.F.);
#1606=ORIENTED_EDGE('',*,*,#1213,.F.);
#1607=ORIENTED_EDGE('',*,*,#1214,.T.);
#1608=ORIENTED_EDGE('',*,*,#1212,.T.);
#1609=ORIENTED_EDGE('',*,*,#1215,.F.);
#1610=ORIENTED_EDGE('',*,*,#1216,.F.);
#1611=ORIENTED_EDGE('',*,*,#1216,.T.);
#1612=ORIENTED_EDGE('',*,*,#1217,.F.);
#1613=ORIENTED_EDGE('',*,*,#1218,.T.);
#1614=ORIENTED_EDGE('',*,*,#1213,.T.);
#1615=ORIENTED_EDGE('',*,*,#1219,.F.);
#1616=ORIENTED_EDGE('',*,*,#1220,.T.);
#1617=ORIENTED_EDGE('',*,*,#1217,.T.);
#1618=ORIENTED_EDGE('',*,*,#1215,.T.);
#1619=ORIENTED_EDGE('',*,*,#1211,.T.);
#1620=ORIENTED_EDGE('',*,*,#1221,.F.);
#1621=ORIENTED_EDGE('',*,*,#1222,.F.);
#1622=ORIENTED_EDGE('',*,*,#1223,.T.);
#1623=ORIENTED_EDGE('',*,*,#1224,.F.);
#1624=ORIENTED_EDGE('',*,*,#1225,.T.);
#1625=ORIENTED_EDGE('',*,*,#1226,.T.);
#1626=ORIENTED_EDGE('',*,*,#1227,.T.);
#1627=ORIENTED_EDGE('',*,*,#1228,.F.);
#1628=ORIENTED_EDGE('',*,*,#1229,.T.);
#1629=ORIENTED_EDGE('',*,*,#1230,.F.);
#1630=ORIENTED_EDGE('',*,*,#1231,.T.);
#1631=ORIENTED_EDGE('',*,*,#1227,.F.);
#1632=ORIENTED_EDGE('',*,*,#1232,.F.);
#1633=ORIENTED_EDGE('',*,*,#1233,.T.);
#1634=ORIENTED_EDGE('',*,*,#1234,.F.);
#1635=ORIENTED_EDGE('',*,*,#1235,.T.);
#1636=ORIENTED_EDGE('',*,*,#1231,.F.);
#1637=ORIENTED_EDGE('',*,*,#1232,.T.);
#1638=ORIENTED_EDGE('',*,*,#1226,.F.);
#1639=ORIENTED_EDGE('',*,*,#1236,.T.);
#1640=ORIENTED_EDGE('',*,*,#1237,.F.);
#1641=ORIENTED_EDGE('',*,*,#1228,.T.);
#1642=ORIENTED_EDGE('',*,*,#1235,.F.);
#1643=ORIENTED_EDGE('',*,*,#1234,.T.);
#1644=ORIENTED_EDGE('',*,*,#1230,.T.);
#1645=ORIENTED_EDGE('',*,*,#1238,.T.);
#1646=ORIENTED_EDGE('',*,*,#1096,.T.);
#1647=ORIENTED_EDGE('',*,*,#1239,.F.);
#1648=ORIENTED_EDGE('',*,*,#1240,.T.);
#1649=ORIENTED_EDGE('',*,*,#1241,.T.);
#1650=ORIENTED_EDGE('',*,*,#1242,.T.);
#1651=ORIENTED_EDGE('',*,*,#1243,.T.);
#1652=ORIENTED_EDGE('',*,*,#1244,.T.);
#1653=ORIENTED_EDGE('',*,*,#1245,.T.);
#1654=ORIENTED_EDGE('',*,*,#1188,.T.);
#1655=ORIENTED_EDGE('',*,*,#1246,.F.);
#1656=ORIENTED_EDGE('',*,*,#1247,.F.);
#1657=ORIENTED_EDGE('',*,*,#1248,.T.);
#1658=ORIENTED_EDGE('',*,*,#1249,.F.);
#1659=ORIENTED_EDGE('',*,*,#1190,.T.);
#1660=ORIENTED_EDGE('',*,*,#1186,.T.);
#1661=ORIENTED_EDGE('',*,*,#1121,.F.);
#1662=ORIENTED_EDGE('',*,*,#1250,.T.);
#1663=ORIENTED_EDGE('',*,*,#1247,.T.);
#1664=ORIENTED_EDGE('',*,*,#1251,.F.);
#1665=ORIENTED_EDGE('',*,*,#1252,.T.);
#1666=ORIENTED_EDGE('',*,*,#1187,.T.);
#1667=ORIENTED_EDGE('',*,*,#1250,.F.);
#1668=ORIENTED_EDGE('',*,*,#1120,.F.);
#1669=ORIENTED_EDGE('',*,*,#1253,.T.);
#1670=ORIENTED_EDGE('',*,*,#1251,.T.);
#1671=ORIENTED_EDGE('',*,*,#1246,.T.);
#1672=ORIENTED_EDGE('',*,*,#1254,.T.);
#1673=ORIENTED_EDGE('',*,*,#1092,.T.);
#1674=ORIENTED_EDGE('',*,*,#1206,.F.);
#1675=ORIENTED_EDGE('',*,*,#1214,.F.);
#1676=ORIENTED_EDGE('',*,*,#1255,.F.);
#1677=ORIENTED_EDGE('',*,*,#1093,.F.);
#1678=ORIENTED_EDGE('',*,*,#1255,.T.);
#1679=ORIENTED_EDGE('',*,*,#1218,.F.);
#1680=ORIENTED_EDGE('',*,*,#1256,.F.);
#1681=ORIENTED_EDGE('',*,*,#1094,.T.);
#1682=ORIENTED_EDGE('',*,*,#1256,.T.);
#1683=ORIENTED_EDGE('',*,*,#1220,.F.);
#1684=ORIENTED_EDGE('',*,*,#1257,.T.);
#1685=ORIENTED_EDGE('',*,*,#1223,.F.);
#1686=ORIENTED_EDGE('',*,*,#1258,.T.);
#1687=ORIENTED_EDGE('',*,*,#1118,.T.);
#1688=ORIENTED_EDGE('',*,*,#1258,.F.);
#1689=ORIENTED_EDGE('',*,*,#1088,.T.);
#1690=ORIENTED_EDGE('',*,*,#1139,.F.);
#1691=ORIENTED_EDGE('',*,*,#1199,.F.);
#1692=ORIENTED_EDGE('',*,*,#1259,.F.);
#1693=ORIENTED_EDGE('',*,*,#1089,.F.);
#1694=ORIENTED_EDGE('',*,*,#1259,.T.);
#1695=ORIENTED_EDGE('',*,*,#1201,.F.);
#1696=ORIENTED_EDGE('',*,*,#1260,.F.);
#1697=ORIENTED_EDGE('',*,*,#1090,.T.);
#1698=ORIENTED_EDGE('',*,*,#1260,.T.);
#1699=ORIENTED_EDGE('',*,*,#1178,.F.);
#1700=ORIENTED_EDGE('',*,*,#1207,.T.);
#1701=ORIENTED_EDGE('',*,*,#1202,.F.);
#1702=ORIENTED_EDGE('',*,*,#1261,.T.);
#1703=ORIENTED_EDGE('',*,*,#1117,.T.);
#1704=ORIENTED_EDGE('',*,*,#1261,.F.);
#1705=ORIENTED_EDGE('',*,*,#1097,.T.);
#1706=ORIENTED_EDGE('',*,*,#1238,.F.);
#1707=ORIENTED_EDGE('',*,*,#1233,.F.);
#1708=ORIENTED_EDGE('',*,*,#1262,.F.);
#1709=ORIENTED_EDGE('',*,*,#1098,.F.);
#1710=ORIENTED_EDGE('',*,*,#1262,.T.);
#1711=ORIENTED_EDGE('',*,*,#1236,.F.);
#1712=ORIENTED_EDGE('',*,*,#1263,.F.);
#1713=ORIENTED_EDGE('',*,*,#1099,.T.);
#1714=ORIENTED_EDGE('',*,*,#1263,.T.);
#1715=ORIENTED_EDGE('',*,*,#1225,.F.);
#1716=ORIENTED_EDGE('',*,*,#1264,.T.);
#1717=ORIENTED_EDGE('',*,*,#1229,.F.);
#1718=ORIENTED_EDGE('',*,*,#1265,.T.);
#1719=ORIENTED_EDGE('',*,*,#1116,.T.);
#1720=ORIENTED_EDGE('',*,*,#1265,.F.);
#1721=ORIENTED_EDGE('',*,*,#1254,.F.);
#1722=ORIENTED_EDGE('',*,*,#1266,.T.);
#1723=ORIENTED_EDGE('',*,*,#1115,.T.);
#1724=ORIENTED_EDGE('',*,*,#1266,.F.);
#1725=ORIENTED_EDGE('',*,*,#1101,.T.);
#1726=ORIENTED_EDGE('',*,*,#1267,.F.);
#1727=ORIENTED_EDGE('',*,*,#1248,.F.);
#1728=ORIENTED_EDGE('',*,*,#1268,.F.);
#1729=ORIENTED_EDGE('',*,*,#1102,.F.);
#1730=ORIENTED_EDGE('',*,*,#1268,.T.);
#1731=ORIENTED_EDGE('',*,*,#1252,.F.);
#1732=ORIENTED_EDGE('',*,*,#1269,.F.);
#1733=ORIENTED_EDGE('',*,*,#1103,.T.);
#1734=ORIENTED_EDGE('',*,*,#1269,.T.);
#1735=ORIENTED_EDGE('',*,*,#1253,.F.);
#1736=ORIENTED_EDGE('',*,*,#1119,.T.);
#1737=ORIENTED_EDGE('',*,*,#1270,.T.);
#1738=ORIENTED_EDGE('',*,*,#1113,.T.);
#1739=ORIENTED_EDGE('',*,*,#1271,.F.);
#1740=ORIENTED_EDGE('',*,*,#1272,.F.);
#1741=ORIENTED_EDGE('',*,*,#1273,.F.);
#1742=ORIENTED_EDGE('',*,*,#1274,.F.);
#1743=ORIENTED_EDGE('',*,*,#1275,.F.);
#1744=ORIENTED_EDGE('',*,*,#1106,.T.);
#1745=ORIENTED_EDGE('',*,*,#1109,.T.);
#1746=ORIENTED_EDGE('',*,*,#1276,.F.);
#1747=ORIENTED_EDGE('',*,*,#1277,.T.);
#1748=ORIENTED_EDGE('',*,*,#1278,.T.);
#1749=ORIENTED_EDGE('',*,*,#1279,.F.);
#1750=ORIENTED_EDGE('',*,*,#1280,.F.);
#1751=ORIENTED_EDGE('',*,*,#1281,.F.);
#1752=ORIENTED_EDGE('',*,*,#1282,.F.);
#1753=ORIENTED_EDGE('',*,*,#1283,.T.);
#1754=ORIENTED_EDGE('',*,*,#1284,.F.);
#1755=ORIENTED_EDGE('',*,*,#1285,.T.);
#1756=ORIENTED_EDGE('',*,*,#1108,.T.);
#1757=ORIENTED_EDGE('',*,*,#1286,.T.);
#1758=ORIENTED_EDGE('',*,*,#1287,.T.);
#1759=ORIENTED_EDGE('',*,*,#1288,.T.);
#1760=ORIENTED_EDGE('',*,*,#1289,.T.);
#1761=ORIENTED_EDGE('',*,*,#1290,.T.);
#1762=ORIENTED_EDGE('',*,*,#1291,.T.);
#1763=ORIENTED_EDGE('',*,*,#1292,.T.);
#1764=ORIENTED_EDGE('',*,*,#1293,.F.);
#1765=ORIENTED_EDGE('',*,*,#1294,.T.);
#1766=ORIENTED_EDGE('',*,*,#1295,.T.);
#1767=ORIENTED_EDGE('',*,*,#1276,.T.);
#1768=ORIENTED_EDGE('',*,*,#1107,.T.);
#1769=ORIENTED_EDGE('',*,*,#1275,.T.);
#1770=ORIENTED_EDGE('',*,*,#1296,.F.);
#1771=ORIENTED_EDGE('',*,*,#1297,.F.);
#1772=ORIENTED_EDGE('',*,*,#1298,.F.);
#1773=ORIENTED_EDGE('',*,*,#1292,.F.);
#1774=ORIENTED_EDGE('',*,*,#1299,.T.);
#1775=ORIENTED_EDGE('',*,*,#1300,.T.);
#1776=ORIENTED_EDGE('',*,*,#1301,.T.);
#1777=ORIENTED_EDGE('',*,*,#1286,.F.);
#1778=ORIENTED_EDGE('',*,*,#1274,.T.);
#1779=ORIENTED_EDGE('',*,*,#1302,.F.);
#1780=ORIENTED_EDGE('',*,*,#1303,.F.);
#1781=ORIENTED_EDGE('',*,*,#1304,.F.);
#1782=ORIENTED_EDGE('',*,*,#1272,.T.);
#1783=ORIENTED_EDGE('',*,*,#1305,.F.);
#1784=ORIENTED_EDGE('',*,*,#1306,.F.);
#1785=ORIENTED_EDGE('',*,*,#1296,.T.);
#1786=ORIENTED_EDGE('',*,*,#1209,.T.);
#1787=ORIENTED_EDGE('',*,*,#1204,.F.);
#1788=ORIENTED_EDGE('',*,*,#1307,.F.);
#1789=ORIENTED_EDGE('',*,*,#1308,.T.);
#1790=ORIENTED_EDGE('',*,*,#1309,.T.);
#1791=ORIENTED_EDGE('',*,*,#1310,.T.);
#1792=ORIENTED_EDGE('',*,*,#1239,.T.);
#1793=ORIENTED_EDGE('',*,*,#1095,.T.);
#1794=ORIENTED_EDGE('',*,*,#1257,.F.);
#1795=ORIENTED_EDGE('',*,*,#1219,.T.);
#1796=ORIENTED_EDGE('',*,*,#1222,.T.);
#1797=ORIENTED_EDGE('',*,*,#1221,.T.);
#1798=ORIENTED_EDGE('',*,*,#1210,.F.);
#1799=ORIENTED_EDGE('',*,*,#1125,.T.);
#1800=ORIENTED_EDGE('',*,*,#1311,.F.);
#1801=ORIENTED_EDGE('',*,*,#1244,.F.);
#1802=ORIENTED_EDGE('',*,*,#1312,.F.);
#1803=ORIENTED_EDGE('',*,*,#1241,.F.);
#1804=ORIENTED_EDGE('',*,*,#1313,.F.);
#1805=ORIENTED_EDGE('',*,*,#1309,.F.);
#1806=ORIENTED_EDGE('',*,*,#1314,.F.);
#1807=ORIENTED_EDGE('',*,*,#1129,.T.);
#1808=ORIENTED_EDGE('',*,*,#1315,.F.);
#1809=ORIENTED_EDGE('',*,*,#1316,.F.);
#1810=ORIENTED_EDGE('',*,*,#1317,.F.);
#1811=ORIENTED_EDGE('',*,*,#1273,.T.);
#1812=ORIENTED_EDGE('',*,*,#1173,.T.);
#1813=ORIENTED_EDGE('',*,*,#1191,.T.);
#1814=ORIENTED_EDGE('',*,*,#1249,.T.);
#1815=ORIENTED_EDGE('',*,*,#1267,.T.);
#1816=ORIENTED_EDGE('',*,*,#1100,.T.);
#1817=ORIENTED_EDGE('',*,*,#1264,.F.);
#1818=ORIENTED_EDGE('',*,*,#1224,.T.);
#1819=ORIENTED_EDGE('',*,*,#1237,.T.);
#1820=ORIENTED_EDGE('',*,*,#1245,.F.);
#1821=ORIENTED_EDGE('',*,*,#1311,.T.);
#1822=ORIENTED_EDGE('',*,*,#1124,.T.);
#1823=ORIENTED_EDGE('',*,*,#1185,.F.);
#1824=ORIENTED_EDGE('',*,*,#1169,.T.);
#1825=ORIENTED_EDGE('',*,*,#1318,.T.);
#1826=ORIENTED_EDGE('',*,*,#1319,.T.);
#1827=ORIENTED_EDGE('',*,*,#1320,.F.);
#1828=ORIENTED_EDGE('',*,*,#1302,.T.);
#1829=ORIENTED_EDGE('',*,*,#1321,.F.);
#1830=ORIENTED_EDGE('',*,*,#1322,.T.);
#1831=ORIENTED_EDGE('',*,*,#1208,.F.);
#1832=ORIENTED_EDGE('',*,*,#1322,.F.);
#1833=ORIENTED_EDGE('',*,*,#1323,.T.);
#1834=ORIENTED_EDGE('',*,*,#1284,.T.);
#1835=ORIENTED_EDGE('',*,*,#1324,.F.);
#1836=ORIENTED_EDGE('',*,*,#1325,.F.);
#1837=ORIENTED_EDGE('',*,*,#1293,.T.);
#1838=ORIENTED_EDGE('',*,*,#1298,.T.);
#1839=ORIENTED_EDGE('',*,*,#1326,.T.);
#1840=ORIENTED_EDGE('',*,*,#1327,.T.);
#1841=ORIENTED_EDGE('',*,*,#1328,.T.);
#1842=ORIENTED_EDGE('',*,*,#1110,.T.);
#1843=ORIENTED_EDGE('',*,*,#1285,.F.);
#1844=ORIENTED_EDGE('',*,*,#1323,.F.);
#1845=ORIENTED_EDGE('',*,*,#1329,.T.);
#1846=ORIENTED_EDGE('',*,*,#1111,.T.);
#1847=ORIENTED_EDGE('',*,*,#1329,.F.);
#1848=ORIENTED_EDGE('',*,*,#1328,.F.);
#1849=ORIENTED_EDGE('',*,*,#1330,.T.);
#1850=ORIENTED_EDGE('',*,*,#1321,.T.);
#1851=ORIENTED_EDGE('',*,*,#1112,.T.);
#1852=ORIENTED_EDGE('',*,*,#1330,.F.);
#1853=ORIENTED_EDGE('',*,*,#1327,.F.);
#1854=ORIENTED_EDGE('',*,*,#1331,.T.);
#1855=ORIENTED_EDGE('',*,*,#1305,.T.);
#1856=ORIENTED_EDGE('',*,*,#1271,.T.);
#1857=ORIENTED_EDGE('',*,*,#1326,.F.);
#1858=ORIENTED_EDGE('',*,*,#1297,.T.);
#1859=ORIENTED_EDGE('',*,*,#1306,.T.);
#1860=ORIENTED_EDGE('',*,*,#1331,.F.);
#1861=ORIENTED_EDGE('',*,*,#1332,.F.);
#1862=ORIENTED_EDGE('',*,*,#1333,.F.);
#1863=ORIENTED_EDGE('',*,*,#1319,.F.);
#1864=ORIENTED_EDGE('',*,*,#1334,.F.);
#1865=ORIENTED_EDGE('',*,*,#1166,.F.);
#1866=ORIENTED_EDGE('',*,*,#1333,.T.);
#1867=ORIENTED_EDGE('',*,*,#1335,.F.);
#1868=ORIENTED_EDGE('',*,*,#1303,.T.);
#1869=ORIENTED_EDGE('',*,*,#1320,.T.);
#1870=ORIENTED_EDGE('',*,*,#1140,.T.);
#1871=ORIENTED_EDGE('',*,*,#1143,.T.);
#1872=ORIENTED_EDGE('',*,*,#1270,.F.);
#1873=ORIENTED_EDGE('',*,*,#1304,.T.);
#1874=ORIENTED_EDGE('',*,*,#1335,.T.);
#1875=ORIENTED_EDGE('',*,*,#1332,.T.);
#1876=ORIENTED_EDGE('',*,*,#1165,.F.);
#1877=ORIENTED_EDGE('',*,*,#1155,.F.);
#1878=ORIENTED_EDGE('',*,*,#1164,.F.);
#1879=ORIENTED_EDGE('',*,*,#1334,.T.);
#1880=ORIENTED_EDGE('',*,*,#1318,.F.);
#1881=ORIENTED_EDGE('',*,*,#1168,.F.);
#1882=ORIENTED_EDGE('',*,*,#1167,.T.);
#1883=ORIENTED_EDGE('',*,*,#1336,.T.);
#1884=ORIENTED_EDGE('',*,*,#1337,.T.);
#1885=ORIENTED_EDGE('',*,*,#1338,.T.);
#1886=ORIENTED_EDGE('',*,*,#1339,.T.);
#1887=ORIENTED_EDGE('',*,*,#1340,.T.);
#1888=ORIENTED_EDGE('',*,*,#1341,.T.);
#1889=ORIENTED_EDGE('',*,*,#1310,.F.);
#1890=ORIENTED_EDGE('',*,*,#1313,.T.);
#1891=ORIENTED_EDGE('',*,*,#1342,.T.);
#1892=ORIENTED_EDGE('',*,*,#1343,.T.);
#1893=ORIENTED_EDGE('',*,*,#1324,.T.);
#1894=ORIENTED_EDGE('',*,*,#1283,.F.);
#1895=ORIENTED_EDGE('',*,*,#1295,.F.);
#1896=ORIENTED_EDGE('',*,*,#1344,.T.);
#1897=ORIENTED_EDGE('',*,*,#1345,.F.);
#1898=ORIENTED_EDGE('',*,*,#1277,.F.);
#1899=ORIENTED_EDGE('',*,*,#1294,.F.);
#1900=ORIENTED_EDGE('',*,*,#1325,.T.);
#1901=ORIENTED_EDGE('',*,*,#1343,.F.);
#1902=ORIENTED_EDGE('',*,*,#1346,.T.);
#1903=ORIENTED_EDGE('',*,*,#1347,.T.);
#1904=ORIENTED_EDGE('',*,*,#1348,.T.);
#1905=ORIENTED_EDGE('',*,*,#1349,.T.);
#1906=ORIENTED_EDGE('',*,*,#1350,.T.);
#1907=ORIENTED_EDGE('',*,*,#1344,.F.);
#1908=ORIENTED_EDGE('',*,*,#1282,.T.);
#1909=ORIENTED_EDGE('',*,*,#1351,.T.);
#1910=ORIENTED_EDGE('',*,*,#1346,.F.);
#1911=ORIENTED_EDGE('',*,*,#1342,.F.);
#1912=ORIENTED_EDGE('',*,*,#1352,.T.);
#1913=ORIENTED_EDGE('',*,*,#1353,.T.);
#1914=ORIENTED_EDGE('',*,*,#1354,.F.);
#1915=ORIENTED_EDGE('',*,*,#1280,.T.);
#1916=ORIENTED_EDGE('',*,*,#1355,.T.);
#1917=ORIENTED_EDGE('',*,*,#1356,.T.);
#1918=ORIENTED_EDGE('',*,*,#1355,.F.);
#1919=ORIENTED_EDGE('',*,*,#1279,.T.);
#1920=ORIENTED_EDGE('',*,*,#1357,.T.);
#1921=ORIENTED_EDGE('',*,*,#1349,.F.);
#1922=ORIENTED_EDGE('',*,*,#1358,.F.);
#1923=ORIENTED_EDGE('',*,*,#1359,.T.);
#1924=ORIENTED_EDGE('',*,*,#1360,.F.);
#1925=ORIENTED_EDGE('',*,*,#1278,.F.);
#1926=ORIENTED_EDGE('',*,*,#1345,.T.);
#1927=ORIENTED_EDGE('',*,*,#1350,.F.);
#1928=ORIENTED_EDGE('',*,*,#1357,.F.);
#1929=ORIENTED_EDGE('',*,*,#1361,.T.);
#1930=ORIENTED_EDGE('',*,*,#1360,.T.);
#1931=ORIENTED_EDGE('',*,*,#1362,.T.);
#1932=ORIENTED_EDGE('',*,*,#1363,.T.);
#1933=ORIENTED_EDGE('',*,*,#1364,.F.);
#1934=ORIENTED_EDGE('',*,*,#1365,.T.);
#1935=ORIENTED_EDGE('',*,*,#1358,.T.);
#1936=ORIENTED_EDGE('',*,*,#1348,.F.);
#1937=ORIENTED_EDGE('',*,*,#1366,.F.);
#1938=ORIENTED_EDGE('',*,*,#1367,.T.);
#1939=ORIENTED_EDGE('',*,*,#1364,.T.);
#1940=ORIENTED_EDGE('',*,*,#1368,.T.);
#1941=ORIENTED_EDGE('',*,*,#1366,.T.);
#1942=ORIENTED_EDGE('',*,*,#1347,.F.);
#1943=ORIENTED_EDGE('',*,*,#1351,.F.);
#1944=ORIENTED_EDGE('',*,*,#1281,.T.);
#1945=ORIENTED_EDGE('',*,*,#1354,.T.);
#1946=ORIENTED_EDGE('',*,*,#1242,.F.);
#1947=ORIENTED_EDGE('',*,*,#1369,.F.);
#1948=ORIENTED_EDGE('',*,*,#1243,.F.);
#1949=ORIENTED_EDGE('',*,*,#1370,.T.);
#1950=ORIENTED_EDGE('',*,*,#1362,.F.);
#1951=ORIENTED_EDGE('',*,*,#1359,.F.);
#1952=ORIENTED_EDGE('',*,*,#1365,.F.);
#1953=ORIENTED_EDGE('',*,*,#1368,.F.);
#1954=ORIENTED_EDGE('',*,*,#1363,.F.);
#1955=ORIENTED_EDGE('',*,*,#1370,.F.);
#1956=ORIENTED_EDGE('',*,*,#1340,.F.);
#1957=ORIENTED_EDGE('',*,*,#1240,.F.);
#1958=ORIENTED_EDGE('',*,*,#1341,.F.);
#1959=ORIENTED_EDGE('',*,*,#1371,.T.);
#1960=ORIENTED_EDGE('',*,*,#1352,.F.);
#1961=ORIENTED_EDGE('',*,*,#1356,.F.);
#1962=ORIENTED_EDGE('',*,*,#1361,.F.);
#1963=ORIENTED_EDGE('',*,*,#1367,.F.);
#1964=ORIENTED_EDGE('',*,*,#1353,.F.);
#1965=ORIENTED_EDGE('',*,*,#1371,.F.);
#1966=ORIENTED_EDGE('',*,*,#1372,.T.);
#1967=ORIENTED_EDGE('',*,*,#1373,.T.);
#1968=ORIENTED_EDGE('',*,*,#1374,.T.);
#1969=ORIENTED_EDGE('',*,*,#1375,.T.);
#1970=ORIENTED_EDGE('',*,*,#1376,.T.);
#1971=ORIENTED_EDGE('',*,*,#1290,.F.);
#1972=ORIENTED_EDGE('',*,*,#1377,.T.);
#1973=ORIENTED_EDGE('',*,*,#1372,.F.);
#1974=ORIENTED_EDGE('',*,*,#1378,.F.);
#1975=ORIENTED_EDGE('',*,*,#1378,.T.);
#1976=ORIENTED_EDGE('',*,*,#1375,.F.);
#1977=ORIENTED_EDGE('',*,*,#1379,.F.);
#1978=ORIENTED_EDGE('',*,*,#1287,.F.);
#1979=ORIENTED_EDGE('',*,*,#1301,.F.);
#1980=ORIENTED_EDGE('',*,*,#1380,.F.);
#1981=ORIENTED_EDGE('',*,*,#1381,.T.);
#1982=ORIENTED_EDGE('',*,*,#1382,.F.);
#1983=ORIENTED_EDGE('',*,*,#1299,.F.);
#1984=ORIENTED_EDGE('',*,*,#1291,.F.);
#1985=ORIENTED_EDGE('',*,*,#1288,.F.);
#1986=ORIENTED_EDGE('',*,*,#1379,.T.);
#1987=ORIENTED_EDGE('',*,*,#1374,.F.);
#1988=ORIENTED_EDGE('',*,*,#1383,.F.);
#1989=ORIENTED_EDGE('',*,*,#1289,.F.);
#1990=ORIENTED_EDGE('',*,*,#1383,.T.);
#1991=ORIENTED_EDGE('',*,*,#1373,.F.);
#1992=ORIENTED_EDGE('',*,*,#1377,.F.);
#1993=ORIENTED_EDGE('',*,*,#1384,.F.);
#1994=ORIENTED_EDGE('',*,*,#1381,.F.);
#1995=ORIENTED_EDGE('',*,*,#1376,.F.);
#1996=ORIENTED_EDGE('',*,*,#1385,.T.);
#1997=ORIENTED_EDGE('',*,*,#1386,.T.);
#1998=ORIENTED_EDGE('',*,*,#1385,.F.);
#1999=ORIENTED_EDGE('',*,*,#1386,.F.);
#2000=ORIENTED_EDGE('',*,*,#1387,.T.);
#2001=ORIENTED_EDGE('',*,*,#1387,.F.);
#2002=ORIENTED_EDGE('',*,*,#1300,.F.);
#2003=ORIENTED_EDGE('',*,*,#1382,.T.);
#2004=ORIENTED_EDGE('',*,*,#1384,.T.);
#2005=ORIENTED_EDGE('',*,*,#1380,.T.);
#2006=ORIENTED_EDGE('',*,*,#1131,.T.);
#2007=ORIENTED_EDGE('',*,*,#1388,.T.);
#2008=ORIENTED_EDGE('',*,*,#1307,.T.);
#2009=ORIENTED_EDGE('',*,*,#1203,.T.);
#2010=ORIENTED_EDGE('',*,*,#1127,.T.);
#2011=ORIENTED_EDGE('',*,*,#1389,.T.);
#2012=ORIENTED_EDGE('',*,*,#1390,.T.);
#2013=ORIENTED_EDGE('',*,*,#1391,.T.);
#2014=ORIENTED_EDGE('',*,*,#1392,.T.);
#2015=ORIENTED_EDGE('',*,*,#1393,.T.);
#2016=ORIENTED_EDGE('',*,*,#1394,.T.);
#2017=ORIENTED_EDGE('',*,*,#1395,.T.);
#2018=ORIENTED_EDGE('',*,*,#1394,.F.);
#2019=ORIENTED_EDGE('',*,*,#1396,.F.);
#2020=ORIENTED_EDGE('',*,*,#1339,.F.);
#2021=ORIENTED_EDGE('',*,*,#1397,.T.);
#2022=ORIENTED_EDGE('',*,*,#1395,.F.);
#2023=ORIENTED_EDGE('',*,*,#1397,.F.);
#2024=ORIENTED_EDGE('',*,*,#1338,.F.);
#2025=ORIENTED_EDGE('',*,*,#1398,.T.);
#2026=ORIENTED_EDGE('',*,*,#1392,.F.);
#2027=ORIENTED_EDGE('',*,*,#1398,.F.);
#2028=ORIENTED_EDGE('',*,*,#1337,.F.);
#2029=ORIENTED_EDGE('',*,*,#1399,.T.);
#2030=ORIENTED_EDGE('',*,*,#1393,.F.);
#2031=ORIENTED_EDGE('',*,*,#1399,.F.);
#2032=ORIENTED_EDGE('',*,*,#1336,.F.);
#2033=ORIENTED_EDGE('',*,*,#1396,.T.);
#2034=ORIENTED_EDGE('',*,*,#1130,.T.);
#2035=ORIENTED_EDGE('',*,*,#1314,.T.);
#2036=ORIENTED_EDGE('',*,*,#1308,.F.);
#2037=ORIENTED_EDGE('',*,*,#1388,.F.);
#2038=ORIENTED_EDGE('',*,*,#1389,.F.);
#2039=ORIENTED_EDGE('',*,*,#1126,.T.);
#2040=ORIENTED_EDGE('',*,*,#1317,.T.);
#2041=ORIENTED_EDGE('',*,*,#1400,.F.);
#2042=ORIENTED_EDGE('',*,*,#1390,.F.);
#2043=ORIENTED_EDGE('',*,*,#1400,.T.);
#2044=ORIENTED_EDGE('',*,*,#1316,.T.);
#2045=ORIENTED_EDGE('',*,*,#1401,.F.);
#2046=ORIENTED_EDGE('',*,*,#1391,.F.);
#2047=ORIENTED_EDGE('',*,*,#1401,.T.);
#2048=ORIENTED_EDGE('',*,*,#1315,.T.);
#2049=ORIENTED_EDGE('',*,*,#1128,.F.);
#2050=ORIENTED_EDGE('',*,*,#1369,.T.);
#2051=ORIENTED_EDGE('',*,*,#1312,.T.);
#2052=PLANE('',#2258);
#2053=PLANE('',#2259);
#2054=PLANE('',#2260);
#2055=PLANE('',#2261);
#2056=PLANE('',#2278);
#2057=PLANE('',#2282);
#2058=PLANE('',#2286);
#2059=PLANE('',#2287);
#2060=PLANE('',#2289);
#2061=PLANE('',#2290);
#2062=PLANE('',#2291);
#2063=PLANE('',#2292);
#2064=PLANE('',#2293);
#2065=PLANE('',#2298);
#2066=PLANE('',#2299);
#2067=PLANE('',#2300);
#2068=PLANE('',#2301);
#2069=PLANE('',#2302);
#2070=PLANE('',#2306);
#2071=PLANE('',#2309);
#2072=PLANE('',#2312);
#2073=PLANE('',#2313);
#2074=PLANE('',#2316);
#2075=PLANE('',#2318);
#2076=PLANE('',#2327);
#2077=PLANE('',#2331);
#2078=PLANE('',#2335);
#2079=PLANE('',#2338);
#2080=PLANE('',#2339);
#2081=PLANE('',#2345);
#2082=PLANE('',#2350);
#2083=PLANE('',#2368);
#2084=PLANE('',#2369);
#2085=PLANE('',#2370);
#2086=PLANE('',#2372);
#2087=PLANE('',#2375);
#2088=PLANE('',#2378);
#2089=PLANE('',#2379);
#2090=PLANE('',#2380);
#2091=PLANE('',#2381);
#2092=PLANE('',#2384);
#2093=PLANE('',#2385);
#2094=PLANE('',#2386);
#2095=PLANE('',#2387);
#2096=PLANE('',#2388);
#2097=PLANE('',#2389);
#2098=PLANE('',#2390);
#2099=PLANE('',#2391);
#2100=PLANE('',#2392);
#2101=PLANE('',#2393);
#2102=PLANE('',#2394);
#2103=PLANE('',#2397);
#2104=PLANE('',#2398);
#2105=PLANE('',#2399);
#2106=PLANE('',#2401);
#2107=PLANE('',#2405);
#2108=PLANE('',#2408);
#2109=PLANE('',#2415);
#2110=PLANE('',#2421);
#2111=PLANE('',#2424);
#2112=PLANE('',#2428);
#2113=PLANE('',#2429);
#2114=PLANE('',#2430);
#2115=PLANE('',#2434);
#2116=PLANE('',#2435);
#2117=PLANE('',#2436);
#2118=PLANE('',#2437);
#2119=PLANE('',#2438);
#2120=PLANE('',#2439);
#2121=PLANE('',#2440);
#2122=PLANE('',#2441);
#2123=PLANE('',#2442);
#2124=PLANE('',#2443);
#2125=PLANE('',#2444);
#2126=PLANE('',#2445);
#2127=ADVANCED_FACE('',(#169),#2052,.F.);
#2128=ADVANCED_FACE('',(#170),#2053,.F.);
#2129=ADVANCED_FACE('',(#171),#2054,.F.);
#2130=ADVANCED_FACE('',(#172,#94,#95,#96,#97),#2055,.F.);
#2131=ADVANCED_FACE('',(#173),#2056,.T.);
#2132=ADVANCED_FACE('',(#174),#47,.F.);
#2133=ADVANCED_FACE('',(#175),#2057,.T.);
#2134=ADVANCED_FACE('',(#176),#48,.F.);
#2135=ADVANCED_FACE('',(#177),#2058,.T.);
#2136=ADVANCED_FACE('',(#178),#2059,.F.);
#2137=ADVANCED_FACE('',(#179),#2060,.F.);
#2138=ADVANCED_FACE('',(#180),#2061,.F.);
#2139=ADVANCED_FACE('',(#181),#2062,.F.);
#2140=ADVANCED_FACE('',(#182),#2063,.F.);
#2141=ADVANCED_FACE('',(#183,#98,#99),#2064,.F.);
#2142=ADVANCED_FACE('',(#184),#34,.F.);
#2143=ADVANCED_FACE('',(#185),#2065,.T.);
#2144=ADVANCED_FACE('',(#186),#2066,.T.);
#2145=ADVANCED_FACE('',(#187),#2067,.F.);
#2146=ADVANCED_FACE('',(#188),#2068,.F.);
#2147=ADVANCED_FACE('',(#189),#2069,.F.);
#2148=ADVANCED_FACE('',(#190),#49,.F.);
#2149=ADVANCED_FACE('',(#191),#2070,.T.);
#2150=ADVANCED_FACE('',(#192),#50,.F.);
#2151=ADVANCED_FACE('',(#193),#2071,.T.);
#2152=ADVANCED_FACE('',(#194),#35,.F.);
#2153=ADVANCED_FACE('',(#195),#2072,.T.);
#2154=ADVANCED_FACE('',(#196),#2073,.T.);
#2155=ADVANCED_FACE('',(#197),#36,.T.);
#2156=ADVANCED_FACE('',(#198),#2074,.F.);
#2157=ADVANCED_FACE('',(#199,#100),#2075,.T.);
#2158=ADVANCED_FACE('',(#200),#37,.F.);
#2159=ADVANCED_FACE('',(#201),#26,.T.);
#2160=ADVANCED_FACE('',(#202),#38,.T.);
#2161=ADVANCED_FACE('',(#203),#39,.F.);
#2162=ADVANCED_FACE('',(#204),#2076,.F.);
#2163=ADVANCED_FACE('',(#205),#40,.F.);
#2164=ADVANCED_FACE('',(#206),#2077,.F.);
#2165=ADVANCED_FACE('',(#207),#41,.F.);
#2166=ADVANCED_FACE('',(#208),#2078,.T.);
#2167=ADVANCED_FACE('',(#209),#42,.T.);
#2168=ADVANCED_FACE('',(#210),#2079,.T.);
#2169=ADVANCED_FACE('',(#211),#2080,.F.);
#2170=ADVANCED_FACE('',(#212),#43,.F.);
#2171=ADVANCED_FACE('',(#213),#2081,.T.);
#2172=ADVANCED_FACE('',(#214),#44,.T.);
#2173=ADVANCED_FACE('',(#215),#45,.F.);
#2174=ADVANCED_FACE('',(#216),#2082,.F.);
#2175=ADVANCED_FACE('',(#217),#51,.F.);
#2176=ADVANCED_FACE('',(#218),#52,.T.);
#2177=ADVANCED_FACE('',(#219),#53,.F.);
#2178=ADVANCED_FACE('',(#220),#54,.F.);
#2179=ADVANCED_FACE('',(#221),#55,.F.);
#2180=ADVANCED_FACE('',(#222),#56,.T.);
#2181=ADVANCED_FACE('',(#223),#57,.F.);
#2182=ADVANCED_FACE('',(#224),#58,.F.);
#2183=ADVANCED_FACE('',(#225),#59,.F.);
#2184=ADVANCED_FACE('',(#226),#60,.T.);
#2185=ADVANCED_FACE('',(#227),#61,.F.);
#2186=ADVANCED_FACE('',(#228),#62,.F.);
#2187=ADVANCED_FACE('',(#229),#63,.F.);
#2188=ADVANCED_FACE('',(#230),#64,.F.);
#2189=ADVANCED_FACE('',(#231),#65,.T.);
#2190=ADVANCED_FACE('',(#232),#66,.F.);
#2191=ADVANCED_FACE('',(#233),#2083,.F.);
#2192=ADVANCED_FACE('',(#234),#2084,.F.);
#2193=ADVANCED_FACE('',(#235),#2085,.T.);
#2194=ADVANCED_FACE('',(#236),#2086,.T.);
#2195=ADVANCED_FACE('',(#237),#2087,.T.);
#2196=ADVANCED_FACE('',(#238),#2088,.T.);
#2197=ADVANCED_FACE('',(#239),#2089,.T.);
#2198=ADVANCED_FACE('',(#240),#2090,.T.);
#2199=ADVANCED_FACE('',(#241),#2091,.F.);
#2200=ADVANCED_FACE('',(#242),#67,.F.);
#2201=ADVANCED_FACE('',(#243),#2092,.T.);
#2202=ADVANCED_FACE('',(#244),#2093,.T.);
#2203=ADVANCED_FACE('',(#245,#101),#2094,.T.);
#2204=ADVANCED_FACE('',(#246),#2095,.T.);
#2205=ADVANCED_FACE('',(#247),#2096,.T.);
#2206=ADVANCED_FACE('',(#248),#2097,.F.);
#2207=ADVANCED_FACE('',(#249,#102,#103),#2098,.F.);
#2208=ADVANCED_FACE('',(#250),#2099,.F.);
#2209=ADVANCED_FACE('',(#251),#2100,.F.);
#2210=ADVANCED_FACE('',(#252),#2101,.T.);
#2211=ADVANCED_FACE('',(#253),#2102,.T.);
#2212=ADVANCED_FACE('',(#254),#2103,.T.);
#2213=ADVANCED_FACE('',(#255),#2104,.T.);
#2214=ADVANCED_FACE('',(#256),#2105,.T.);
#2215=ADVANCED_FACE('',(#257),#2106,.T.);
#2216=ADVANCED_FACE('',(#258),#68,.F.);
#2217=ADVANCED_FACE('',(#259),#2107,.T.);
#2218=ADVANCED_FACE('',(#260),#2108,.T.);
#2219=ADVANCED_FACE('',(#261),#69,.F.);
#2220=ADVANCED_FACE('',(#262),#70,.F.);
#2221=ADVANCED_FACE('',(#263),#2109,.T.);
#2222=ADVANCED_FACE('',(#264),#71,.F.);
#2223=ADVANCED_FACE('',(#265),#72,.F.);
#2224=ADVANCED_FACE('',(#266,#104),#2110,.T.);
#2225=ADVANCED_FACE('',(#267),#2111,.T.);
#2226=ADVANCED_FACE('',(#268),#15,.F.);
#2227=ADVANCED_FACE('',(#269),#2112,.T.);
#2228=ADVANCED_FACE('',(#270),#2113,.T.);
#2229=ADVANCED_FACE('',(#271),#2114,.T.);
#2230=ADVANCED_FACE('',(#272),#73,.F.);
#2231=ADVANCED_FACE('',(#273),#46,.F.);
#2232=ADVANCED_FACE('',(#274),#2115,.F.);
#2233=ADVANCED_FACE('',(#275),#2116,.T.);
#2234=ADVANCED_FACE('',(#276,#105),#2117,.F.);
#2235=ADVANCED_FACE('',(#277),#2118,.T.);
#2236=ADVANCED_FACE('',(#278),#2119,.T.);
#2237=ADVANCED_FACE('',(#279),#2120,.T.);
#2238=ADVANCED_FACE('',(#280),#2121,.T.);
#2239=ADVANCED_FACE('',(#281),#2122,.T.);
#2240=ADVANCED_FACE('',(#282),#2123,.T.);
#2241=ADVANCED_FACE('',(#283),#2124,.T.);
#2242=ADVANCED_FACE('',(#284),#2125,.T.);
#2243=ADVANCED_FACE('',(#285),#2126,.T.);
#2244=CLOSED_SHELL('',(#2127,#2128,#2129,#2130,#2131,#2132,#2133,#2134,
#2135,#2136,#2137,#2138,#2139,#2140,#2141,#2142,#2143,#2144,#2145,#2146,
#2147,#2148,#2149,#2150,#2151,#2152,#2153,#2154,#2155,#2156,#2157,#2158,
#2159,#2160,#2161,#2162,#2163,#2164,#2165,#2166,#2167,#2168,#2169,#2170,
#2171,#2172,#2173,#2174,#2175,#2176,#2177,#2178,#2179,#2180,#2181,#2182,
#2183,#2184,#2185,#2186,#2187,#2188,#2189,#2190,#2191,#2192,#2193,#2194,
#2195,#2196,#2197,#2198,#2199,#2200,#2201,#2202,#2203,#2204,#2205,#2206,
#2207,#2208,#2209,#2210,#2211,#2212,#2213,#2214,#2215,#2216,#2217,#2218,
#2219,#2220,#2221,#2222,#2223,#2224,#2225,#2226,#2227,#2228,#2229,#2230,
#2231,#2232,#2233,#2234,#2235,#2236,#2237,#2238,#2239,#2240,#2241,#2242,
#2243));
#2245=DERIVED_UNIT_ELEMENT(#2247,1.);
#2246=DERIVED_UNIT_ELEMENT(#3810,-3.);
#2247=(
MASS_UNIT()
NAMED_UNIT(*)
SI_UNIT(.KILO.,.GRAM.)
);
#2248=DERIVED_UNIT((#2245,#2246));
#2249=MEASURE_REPRESENTATION_ITEM('density measure',
POSITIVE_RATIO_MEASURE(7850.),#2248);
#2250=PROPERTY_DEFINITION_REPRESENTATION(#2255,#2252);
#2251=PROPERTY_DEFINITION_REPRESENTATION(#2256,#2253);
#2252=REPRESENTATION('material name',(#2254),#3807);
#2253=REPRESENTATION('density',(#2249),#3807);
#2254=DESCRIPTIVE_REPRESENTATION_ITEM('Acero','Acero');
#2255=PROPERTY_DEFINITION('material property','material name',#3817);
#2256=PROPERTY_DEFINITION('material property','density of part',#3817);
#2257=AXIS2_PLACEMENT_3D('',#3049,#2446,#2447);
#2258=AXIS2_PLACEMENT_3D('',#3050,#2448,#2449);
#2259=AXIS2_PLACEMENT_3D('',#3059,#2454,#2455);
#2260=AXIS2_PLACEMENT_3D('',#3068,#2460,#2461);
#2261=AXIS2_PLACEMENT_3D('',#3071,#2464,#2465);
#2262=AXIS2_PLACEMENT_3D('',#3075,#2467,#2468);
#2263=AXIS2_PLACEMENT_3D('',#3077,#2469,#2470);
#2264=AXIS2_PLACEMENT_3D('',#3079,#2471,#2472);
#2265=AXIS2_PLACEMENT_3D('',#3083,#2474,#2475);
#2266=AXIS2_PLACEMENT_3D('',#3085,#2476,#2477);
#2267=AXIS2_PLACEMENT_3D('',#3087,#2478,#2479);
#2268=AXIS2_PLACEMENT_3D('',#3093,#2482,#2483);
#2269=AXIS2_PLACEMENT_3D('',#3095,#2484,#2485);
#2270=AXIS2_PLACEMENT_3D('',#3097,#2486,#2487);
#2271=AXIS2_PLACEMENT_3D('',#3101,#2489,#2490);
#2272=AXIS2_PLACEMENT_3D('',#3103,#2491,#2492);
#2273=AXIS2_PLACEMENT_3D('',#3105,#2493,#2494);
#2274=AXIS2_PLACEMENT_3D('',#3127,#2506,#2507);
#2275=AXIS2_PLACEMENT_3D('',#3129,#2508,#2509);
#2276=AXIS2_PLACEMENT_3D('',#3131,#2510,#2511);
#2277=AXIS2_PLACEMENT_3D('',#3133,#2512,#2513);
#2278=AXIS2_PLACEMENT_3D('',#3134,#2514,#2515);
#2279=AXIS2_PLACEMENT_3D('',#3180,#2535,#2536);
#2280=AXIS2_PLACEMENT_3D('',#3182,#2537,#2538);
#2281=AXIS2_PLACEMENT_3D('',#3185,#2540,#2541);
#2282=AXIS2_PLACEMENT_3D('',#3186,#2542,#2543);
#2283=AXIS2_PLACEMENT_3D('',#3187,#2544,#2545);
#2284=AXIS2_PLACEMENT_3D('',#3189,#2546,#2547);
#2285=AXIS2_PLACEMENT_3D('',#3192,#2549,#2550);
#2286=AXIS2_PLACEMENT_3D('',#3193,#2551,#2552);
#2287=AXIS2_PLACEMENT_3D('',#3194,#2553,#2554);
#2288=AXIS2_PLACEMENT_3D('',#3203,#2558,#2559);
#2289=AXIS2_PLACEMENT_3D('',#3205,#2561,#2562);
#2290=AXIS2_PLACEMENT_3D('',#3211,#2566,#2567);
#2291=AXIS2_PLACEMENT_3D('',#3218,#2572,#2573);
#2292=AXIS2_PLACEMENT_3D('',#3229,#2578,#2579);
#2293=AXIS2_PLACEMENT_3D('',#3231,#2581,#2582);
#2294=AXIS2_PLACEMENT_3D('',#3251,#2593,#2594);
#2295=AXIS2_PLACEMENT_3D('',#3253,#2595,#2596);
#2296=AXIS2_PLACEMENT_3D('',#3254,#2597,#2598);
#2297=AXIS2_PLACEMENT_3D('',#3264,#2599,#2600);
#2298=AXIS2_PLACEMENT_3D('',#3275,#2602,#2603);
#2299=AXIS2_PLACEMENT_3D('',#3278,#2606,#2607);
#2300=AXIS2_PLACEMENT_3D('',#3279,#2608,#2609);
#2301=AXIS2_PLACEMENT_3D('',#3282,#2612,#2613);
#2302=AXIS2_PLACEMENT_3D('',#3294,#2616,#2617);
#2303=AXIS2_PLACEMENT_3D('',#3296,#2618,#2619);
#2304=AXIS2_PLACEMENT_3D('',#3298,#2621,#2622);
#2305=AXIS2_PLACEMENT_3D('',#3301,#2624,#2625);
#2306=AXIS2_PLACEMENT_3D('',#3302,#2626,#2627);
#2307=AXIS2_PLACEMENT_3D('',#3303,#2628,#2629);
#2308=AXIS2_PLACEMENT_3D('',#3306,#2631,#2632);
#2309=AXIS2_PLACEMENT_3D('',#3307,#2633,#2634);
#2310=AXIS2_PLACEMENT_3D('',#3308,#2635,#2636);
#2311=AXIS2_PLACEMENT_3D('',#3318,#2638,#2639);
#2312=AXIS2_PLACEMENT_3D('',#3319,#2640,#2641);
#2313=AXIS2_PLACEMENT_3D('',#3321,#2643,#2644);
#2314=AXIS2_PLACEMENT_3D('',#3322,#2645,#2646);
#2315=AXIS2_PLACEMENT_3D('',#3323,#2647,#2648);
#2316=AXIS2_PLACEMENT_3D('',#3324,#2649,#2650);
#2317=AXIS2_PLACEMENT_3D('',#3326,#2651,#2652);
#2318=AXIS2_PLACEMENT_3D('',#3327,#2653,#2654);
#2319=AXIS2_PLACEMENT_3D('',#3339,#2659,#2660);
#2320=AXIS2_PLACEMENT_3D('',#3340,#2661,#2662);
#2321=AXIS2_PLACEMENT_3D('',#3364,#2664,#2665);
#2322=AXIS2_PLACEMENT_3D('',#3395,#2667,#2668);
#2323=AXIS2_PLACEMENT_3D('',#3396,#2669,#2670);
#2324=AXIS2_PLACEMENT_3D('',#3399,#2672,#2673);
#2325=AXIS2_PLACEMENT_3D('',#3400,#2674,#2675);
#2326=AXIS2_PLACEMENT_3D('',#3406,#2676,#2677);
#2327=AXIS2_PLACEMENT_3D('',#3417,#2678,#2679);
#2328=AXIS2_PLACEMENT_3D('',#3419,#2680,#2681);
#2329=AXIS2_PLACEMENT_3D('',#3420,#2682,#2683);
#2330=AXIS2_PLACEMENT_3D('',#3427,#2684,#2685);
#2331=AXIS2_PLACEMENT_3D('',#3438,#2687,#2688);
#2332=AXIS2_PLACEMENT_3D('',#3440,#2689,#2690);
#2333=AXIS2_PLACEMENT_3D('',#3441,#2691,#2692);
#2334=AXIS2_PLACEMENT_3D('',#3452,#2694,#2695);
#2335=AXIS2_PLACEMENT_3D('',#3453,#2696,#2697);
#2336=AXIS2_PLACEMENT_3D('',#3457,#2700,#2701);
#2337=AXIS2_PLACEMENT_3D('',#3458,#2702,#2703);
#2338=AXIS2_PLACEMENT_3D('',#3459,#2704,#2705);
#2339=AXIS2_PLACEMENT_3D('',#3461,#2707,#2708);
#2340=AXIS2_PLACEMENT_3D('',#3466,#2711,#2712);
#2341=AXIS2_PLACEMENT_3D('',#3470,#2714,#2715);
#2342=AXIS2_PLACEMENT_3D('',#3472,#2716,#2717);
#2343=AXIS2_PLACEMENT_3D('',#3476,#2720,#2721);
#2344=AXIS2_PLACEMENT_3D('',#3485,#2723,#2724);
#2345=AXIS2_PLACEMENT_3D('',#3489,#2725,#2726);
#2346=AXIS2_PLACEMENT_3D('',#3493,#2727,#2728);
#2347=AXIS2_PLACEMENT_3D('',#3496,#2730,#2731);
#2348=AXIS2_PLACEMENT_3D('',#3497,#2732,#2733);
#2349=AXIS2_PLACEMENT_3D('',#3498,#2734,#2735);
#2350=AXIS2_PLACEMENT_3D('',#3499,#2736,#2737);
#2351=AXIS2_PLACEMENT_3D('',#3501,#2738,#2739);
#2352=AXIS2_PLACEMENT_3D('',#3502,#2740,#2741);
#2353=AXIS2_PLACEMENT_3D('',#3504,#2743,#2744);
#2354=AXIS2_PLACEMENT_3D('',#3506,#2746,#2747);
#2355=AXIS2_PLACEMENT_3D('',#3508,#2749,#2750);
#2356=AXIS2_PLACEMENT_3D('',#3510,#2752,#2753);
#2357=AXIS2_PLACEMENT_3D('',#3512,#2755,#2756);
#2358=AXIS2_PLACEMENT_3D('',#3514,#2758,#2759);
#2359=AXIS2_PLACEMENT_3D('',#3515,#2760,#2761);
#2360=AXIS2_PLACEMENT_3D('',#3517,#2763,#2764);
#2361=AXIS2_PLACEMENT_3D('',#3519,#2766,#2767);
#2362=AXIS2_PLACEMENT_3D('',#3521,#2769,#2770);
#2363=AXIS2_PLACEMENT_3D('',#3523,#2772,#2773);
#2364=AXIS2_PLACEMENT_3D('',#3525,#2775,#2776);
#2365=AXIS2_PLACEMENT_3D('',#3527,#2778,#2779);
#2366=AXIS2_PLACEMENT_3D('',#3530,#2782,#2783);
#2367=AXIS2_PLACEMENT_3D('',#3532,#2785,#2786);
#2368=AXIS2_PLACEMENT_3D('',#3533,#2787,#2788);
#2369=AXIS2_PLACEMENT_3D('',#3539,#2792,#2793);
#2370=AXIS2_PLACEMENT_3D('',#3545,#2797,#2798);
#2371=AXIS2_PLACEMENT_3D('',#3555,#2803,#2804);
#2372=AXIS2_PLACEMENT_3D('',#3565,#2810,#2811);
#2373=AXIS2_PLACEMENT_3D('',#3569,#2813,#2814);
#2374=AXIS2_PLACEMENT_3D('',#3577,#2818,#2819);
#2375=AXIS2_PLACEMENT_3D('',#3585,#2824,#2825);
#2376=AXIS2_PLACEMENT_3D('',#3592,#2829,#2830);
#2377=AXIS2_PLACEMENT_3D('',#3595,#2832,#2833);
#2378=AXIS2_PLACEMENT_3D('',#3596,#2834,#2835);
#2379=AXIS2_PLACEMENT_3D('',#3605,#2841,#2842);
#2380=AXIS2_PLACEMENT_3D('',#3613,#2847,#2848);
#2381=AXIS2_PLACEMENT_3D('',#3623,#2856,#2857);
#2382=AXIS2_PLACEMENT_3D('',#3629,#2861,#2862);
#2383=AXIS2_PLACEMENT_3D('',#3631,#2863,#2864);
#2384=AXIS2_PLACEMENT_3D('',#3633,#2866,#2867);
#2385=AXIS2_PLACEMENT_3D('',#3644,#2874,#2875);
#2386=AXIS2_PLACEMENT_3D('',#3646,#2877,#2878);
#2387=AXIS2_PLACEMENT_3D('',#3648,#2880,#2881);
#2388=AXIS2_PLACEMENT_3D('',#3650,#2883,#2884);
#2389=AXIS2_PLACEMENT_3D('',#3651,#2885,#2886);
#2390=AXIS2_PLACEMENT_3D('',#3656,#2890,#2891);
#2391=AXIS2_PLACEMENT_3D('',#3658,#2893,#2894);
#2392=AXIS2_PLACEMENT_3D('',#3659,#2895,#2896);
#2393=AXIS2_PLACEMENT_3D('',#3660,#2897,#2898);
#2394=AXIS2_PLACEMENT_3D('',#3669,#2903,#2904);
#2395=AXIS2_PLACEMENT_3D('',#3671,#2905,#2906);
#2396=AXIS2_PLACEMENT_3D('',#3672,#2907,#2908);
#2397=AXIS2_PLACEMENT_3D('',#3673,#2909,#2910);
#2398=AXIS2_PLACEMENT_3D('',#3677,#2913,#2914);
#2399=AXIS2_PLACEMENT_3D('',#3681,#2917,#2918);
#2400=AXIS2_PLACEMENT_3D('',#3687,#2921,#2922);
#2401=AXIS2_PLACEMENT_3D('',#3691,#2925,#2926);
#2402=AXIS2_PLACEMENT_3D('',#3693,#2928,#2929);
#2403=AXIS2_PLACEMENT_3D('',#3696,#2930,#2931);
#2404=AXIS2_PLACEMENT_3D('',#3698,#2932,#2933);
#2405=AXIS2_PLACEMENT_3D('',#3701,#2936,#2937);
#2406=AXIS2_PLACEMENT_3D('',#3703,#2938,#2939);
#2407=AXIS2_PLACEMENT_3D('',#3708,#2942,#2943);
#2408=AXIS2_PLACEMENT_3D('',#3710,#2945,#2946);
#2409=AXIS2_PLACEMENT_3D('',#3711,#2947,#2948);
#2410=AXIS2_PLACEMENT_3D('',#3713,#2949,#2950);
#2411=AXIS2_PLACEMENT_3D('',#3715,#2951,#2952);
#2412=AXIS2_PLACEMENT_3D('',#3717,#2953,#2954);
#2413=AXIS2_PLACEMENT_3D('',#3719,#2956,#2957);
#2414=AXIS2_PLACEMENT_3D('',#3721,#2958,#2959);
#2415=AXIS2_PLACEMENT_3D('',#3723,#2961,#2962);
#2416=AXIS2_PLACEMENT_3D('',#3724,#2963,#2964);
#2417=AXIS2_PLACEMENT_3D('',#3725,#2965,#2966);
#2418=AXIS2_PLACEMENT_3D('',#3726,#2967,#2968);
#2419=AXIS2_PLACEMENT_3D('',#3727,#2969,#2970);
#2420=AXIS2_PLACEMENT_3D('',#3729,#2972,#2973);
#2421=AXIS2_PLACEMENT_3D('',#3731,#2975,#2976);
#2422=AXIS2_PLACEMENT_3D('',#3739,#2980,#2981);
#2423=AXIS2_PLACEMENT_3D('',#3741,#2982,#2983);
#2424=AXIS2_PLACEMENT_3D('',#3742,#2984,#2985);
#2425=AXIS2_PLACEMENT_3D('',#3757,#2989,#2990);
#2426=AXIS2_PLACEMENT_3D('',#3759,#2991,#2992);
#2427=AXIS2_PLACEMENT_3D('',#3760,#2993,#2994);
#2428=AXIS2_PLACEMENT_3D('',#3761,#2995,#2996);
#2429=AXIS2_PLACEMENT_3D('',#3763,#2998,#2999);
#2430=AXIS2_PLACEMENT_3D('',#3764,#3000,#3001);
#2431=AXIS2_PLACEMENT_3D('',#3766,#3003,#3004);
#2432=AXIS2_PLACEMENT_3D('',#3769,#3006,#3007);
#2433=AXIS2_PLACEMENT_3D('',#3770,#3008,#3009);
#2434=AXIS2_PLACEMENT_3D('',#3773,#3011,#3012);
#2435=AXIS2_PLACEMENT_3D('',#3774,#3013,#3014);
#2436=AXIS2_PLACEMENT_3D('',#3776,#3016,#3017);
#2437=AXIS2_PLACEMENT_3D('',#3790,#3025,#3026);
#2438=AXIS2_PLACEMENT_3D('',#3793,#3029,#3030);
#2439=AXIS2_PLACEMENT_3D('',#3795,#3032,#3033);
#2440=AXIS2_PLACEMENT_3D('',#3797,#3035,#3036);
#2441=AXIS2_PLACEMENT_3D('',#3798,#3037,#3038);
#2442=AXIS2_PLACEMENT_3D('',#3799,#3039,#3040);
#2443=AXIS2_PLACEMENT_3D('',#3801,#3042,#3043);
#2444=AXIS2_PLACEMENT_3D('',#3803,#3045,#3046);
#2445=AXIS2_PLACEMENT_3D('',#3804,#3047,#3048);
#2446=DIRECTION('axis',(0.,0.,1.));
#2447=DIRECTION('refdir',(1.,0.,0.));
#2448=DIRECTION('center_axis',(1.,0.,1.16865581539495E-15));
#2449=DIRECTION('ref_axis',(1.16865581539495E-15,0.,-1.));
#2450=DIRECTION('',(1.16865581539495E-15,1.11022302462516E-15,-1.));
#2451=DIRECTION('',(0.,-1.,0.));
#2452=DIRECTION('',(1.16865581539495E-15,0.,-1.));
#2453=DIRECTION('',(0.,1.,0.));
#2454=DIRECTION('center_axis',(-1.,0.,-8.76491861546205E-16));
#2455=DIRECTION('ref_axis',(-8.76491861546205E-16,0.,1.));
#2456=DIRECTION('',(-8.76491861546205E-16,-1.11022302462516E-15,1.));
#2457=DIRECTION('',(0.,-1.,0.));
#2458=DIRECTION('',(-8.76491861546205E-16,0.,1.));
#2459=DIRECTION('',(0.,1.,0.));
#2460=DIRECTION('center_axis',(0.,1.,0.));
#2461=DIRECTION('ref_axis',(0.,0.,1.));
#2462=DIRECTION('',(-1.,0.,0.));
#2463=DIRECTION('',(1.,0.,-8.55663217437499E-17));
#2464=DIRECTION('center_axis',(0.,1.,1.11022302462516E-15));
#2465=DIRECTION('ref_axis',(0.,-1.11022302462516E-15,1.));
#2466=DIRECTION('',(1.,9.49977005323954E-32,-8.55663217437499E-17));
#2467=DIRECTION('center_axis',(0.,-1.,-1.11022302462516E-15));
#2468=DIRECTION('ref_axis',(-1.,-2.59493718822701E-31,2.33731163078981E-16));
#2469=DIRECTION('center_axis',(0.,-1.,-1.11022302462516E-15));
#2470=DIRECTION('ref_axis',(1.,2.113020281842E-31,-1.90323947078598E-16));
#2471=DIRECTION('center_axis',(0.,-1.,-1.11022302462516E-15));
#2472=DIRECTION('ref_axis',(-0.945274445290694,-3.62239459184096E-16,0.326276298680077));
#2473=DIRECTION('',(-0.326276298680077,1.0494654537515E-15,-0.945274445290694));
#2474=DIRECTION('center_axis',(0.,-1.,-1.11022302462516E-15));
#2475=DIRECTION('ref_axis',(0.498781552812073,-9.62261084888252E-16,0.866727732667172));
#2476=DIRECTION('center_axis',(0.,-1.,-1.11022302462516E-15));
#2477=DIRECTION('ref_axis',(-0.498781552812075,9.62261084888251E-16,-0.866727732667171));
#2478=DIRECTION('center_axis',(0.,-1.,-1.11022302462516E-15));
#2479=DIRECTION('ref_axis',(-0.776674354418829,-6.993320716602E-16,0.629902331467423));
#2480=DIRECTION('',(-0.629902331467424,8.62281750911663E-16,-0.776674354418828));
#2481=DIRECTION('',(-1.,0.,0.));
#2482=DIRECTION('center_axis',(0.,-1.,-1.11022302462516E-15));
#2483=DIRECTION('ref_axis',(1.,0.,0.));
#2484=DIRECTION('center_axis',(0.,-1.,-1.11022302462516E-15));
#2485=DIRECTION('ref_axis',(-1.,0.,0.));
#2486=DIRECTION('center_axis',(0.,-1.,-1.11022302462516E-15));
#2487=DIRECTION('ref_axis',(1.,0.,0.));
#2488=DIRECTION('',(0.,-1.11022302462516E-15,1.));
#2489=DIRECTION('center_axis',(0.,-1.,-1.11022302462516E-15));
#2490=DIRECTION('ref_axis',(0.,1.11022302462516E-15,-1.));
#2491=DIRECTION('center_axis',(0.,-1.,-1.11022302462516E-15));
#2492=DIRECTION('ref_axis',(0.,-1.11022302462516E-15,1.));
#2493=DIRECTION('center_axis',(0.,-1.,-1.11022302462516E-15));
#2494=DIRECTION('ref_axis',(0.,1.11022302462516E-15,-1.));
#2495=DIRECTION('',(1.,9.49977005323954E-32,-8.55663217437499E-17));
#2496=DIRECTION('',(-1.,0.,0.));
#2497=DIRECTION('',(-1.,2.56739074444567E-16,-1.1225611782387E-47));
#2498=DIRECTION('',(-2.73566248367595E-16,1.11022302462516E-15,-1.));
#2499=DIRECTION('',(1.,0.,0.));
#2500=DIRECTION('',(0.,-1.11022302462516E-15,1.));
#2501=DIRECTION('',(0.629902331467422,-8.62281750911664E-16,0.776674354418829));
#2502=DIRECTION('',(0.326276298680076,-1.0494654537515E-15,0.945274445290694));
#2503=DIRECTION('',(-3.67015875909142E-16,-1.11022302462516E-15,1.));
#2504=DIRECTION('',(-1.,2.56739074444567E-16,-1.1225611782387E-47));
#2505=DIRECTION('',(-1.,0.,0.));
#2506=DIRECTION('center_axis',(0.,-1.,-1.11022302462516E-15));
#2507=DIRECTION('ref_axis',(-1.,0.,0.));
#2508=DIRECTION('center_axis',(0.,-1.,-1.11022302462516E-15));
#2509=DIRECTION('ref_axis',(-1.,0.,0.));
#2510=DIRECTION('center_axis',(0.,-1.,-1.11022302462516E-15));
#2511=DIRECTION('ref_axis',(-1.,0.,0.));
#2512=DIRECTION('center_axis',(0.,-1.,-1.11022302462516E-15));
#2513=DIRECTION('ref_axis',(-1.,0.,0.));
#2514=DIRECTION('center_axis',(8.55663217437499E-17,0.,1.));
#2515=DIRECTION('ref_axis',(-1.,0.,8.55663217437499E-17));
#2516=DIRECTION('',(0.,-1.,-1.11022302462516E-15));
#2517=DIRECTION('',(0.703631792824318,0.710564775461629,-6.02071843739372E-17));
#2518=DIRECTION('',(0.,1.,0.));
#2519=DIRECTION('',(1.,-9.73053394437862E-33,-8.55663217437499E-17));
#2520=DIRECTION('',(0.,-1.,0.));
#2521=DIRECTION('',(1.,6.16297582203915E-32,0.));
#2522=DIRECTION('',(0.,-1.,0.));
#2523=DIRECTION('',(1.,6.16297582203915E-32,-8.55663217437499E-17));
#2524=DIRECTION('',(0.,-1.,0.));
#2525=DIRECTION('',(1.,6.16297582203915E-32,0.));
#2526=DIRECTION('',(0.,-1.,0.));
#2527=DIRECTION('',(1.,0.,0.));
#2528=DIRECTION('',(0.,1.,0.));
#2529=DIRECTION('',(0.769899437687212,-0.638165226135767,-6.58774629954762E-17));
#2530=DIRECTION('',(9.16340044411275E-16,1.,-7.84078470667772E-32));
#2531=DIRECTION('',(1.,0.,-8.55663217437499E-17));
#2532=DIRECTION('',(0.,-1.,0.));
#2533=DIRECTION('',(0.769899437687212,-0.638165226135767,-6.58774629954762E-17));
#2534=DIRECTION('',(0.,-1.,-1.11022302462516E-15));
#2535=DIRECTION('center_axis',(0.,0.,-1.));
#2536=DIRECTION('ref_axis',(1.,0.,0.));
#2537=DIRECTION('center_axis',(-3.56199699886907E-16,0.,-1.));
#2538=DIRECTION('ref_axis',(1.,0.,0.));
#2539=DIRECTION('',(0.,0.,-1.));
#2540=DIRECTION('center_axis',(-3.56199699886907E-16,0.,-1.));
#2541=DIRECTION('ref_axis',(1.,0.,-3.56199699886907E-16));
#2542=DIRECTION('center_axis',(3.56199699886907E-16,0.,1.));
#2543=DIRECTION('ref_axis',(1.,0.,-3.56199699886907E-16));
#2544=DIRECTION('center_axis',(0.,0.,-1.));
#2545=DIRECTION('ref_axis',(1.,0.,0.));
#2546=DIRECTION('center_axis',(-3.56199699886907E-16,0.,-1.));
#2547=DIRECTION('ref_axis',(1.,0.,0.));
#2548=DIRECTION('',(0.,0.,-1.));
#2549=DIRECTION('center_axis',(-3.56199699886907E-16,0.,-1.));
#2550=DIRECTION('ref_axis',(1.,0.,-3.56199699886907E-16));
#2551=DIRECTION('center_axis',(3.56199699886907E-16,0.,1.));
#2552=DIRECTION('ref_axis',(1.,0.,-3.56199699886907E-16));
#2553=DIRECTION('center_axis',(-1.26647152122239E-7,-0.999999999999991,
4.26214756040121E-8));
#2554=DIRECTION('ref_axis',(0.947768410009579,-1.33626686419057E-7,-0.318959309298062));
#2555=DIRECTION('',(0.999999999999992,-1.26647152122239E-7,0.));
#2556=DIRECTION('',(0.31895930929807,0.,0.947768410009586));
#2557=DIRECTION('',(-0.814332915613111,7.83955230889406E-8,-0.58039805525953));
#2558=DIRECTION('center_axis',(1.26647152122239E-7,0.999999999999991,-4.26214756040121E-8));
#2559=DIRECTION('ref_axis',(-0.326276210236782,1.03295996598822E-9,-0.94527447581828));
#2560=DIRECTION('',(0.31895930929807,0.,0.947768410009586));
#2561=DIRECTION('center_axis',(0.,-1.,0.));
#2562=DIRECTION('ref_axis',(0.947768410009586,0.,-0.31895930929807));
#2563=DIRECTION('',(1.,0.,0.));
#2564=DIRECTION('',(0.31895930929807,0.,0.947768410009586));
#2565=DIRECTION('',(-0.814332947472982,0.,-0.580398010558243));
#2566=DIRECTION('center_axis',(-0.947768410009586,8.68478146919787E-16,
0.31895930929807));
#2567=DIRECTION('ref_axis',(-8.23116152434238E-16,-1.,2.77009189882003E-16));
#2568=DIRECTION('',(-0.244486209198119,0.642229719088475,-0.726476070790685));
#2569=DIRECTION('',(0.,1.,0.));
#2570=DIRECTION('',(0.31895930929807,0.,0.947768410009586));
#2571=DIRECTION('',(-0.24448620919812,-0.642229719088474,-0.726476070790685));
#2572=DIRECTION('center_axis',(0.947768410009586,0.,-0.31895930929807));
#2573=DIRECTION('ref_axis',(0.,1.,0.));
#2574=DIRECTION('',(0.,1.,0.));
#2575=DIRECTION('',(0.244486209198119,-0.642229719088474,0.726476070790685));
#2576=DIRECTION('',(0.244486209198119,0.642229719088475,0.726476070790685));
#2577=DIRECTION('',(0.31895930929807,0.,0.947768410009586));
#2578=DIRECTION('center_axis',(0.,1.,0.));
#2579=DIRECTION('ref_axis',(-0.947768410009586,0.,0.31895930929807));
#2580=DIRECTION('',(-1.,0.,0.));
#2581=DIRECTION('center_axis',(0.,0.,1.));
#2582=DIRECTION('ref_axis',(1.,0.,0.));
#2583=DIRECTION('',(0.,1.,0.));
#2584=DIRECTION('',(0.,1.,0.));
#2585=DIRECTION('',(1.,-2.56739074444568E-16,0.));
#2586=DIRECTION('',(0.,1.,0.));
#2587=DIRECTION('',(0.999999999999847,0.,5.52615275761708E-7));
#2588=DIRECTION('',(0.,1.,0.));
#2589=DIRECTION('',(-1.,2.70028431320869E-32,0.));
#2590=DIRECTION('',(0.,-1.,0.));
#2591=DIRECTION('',(1.,-3.2653618371328E-16,0.));
#2592=DIRECTION('',(0.,1.,0.));
#2593=DIRECTION('center_axis',(0.,0.,1.));
#2594=DIRECTION('ref_axis',(-1.,0.,0.));
#2595=DIRECTION('center_axis',(0.,0.,1.));
#2596=DIRECTION('ref_axis',(-1.,0.,0.));
#2597=DIRECTION('center_axis',(0.,1.,0.));
#2598=DIRECTION('ref_axis',(-0.326276298680079,1.97215226305253E-31,-0.945274445290693));
#2599=DIRECTION('center_axis',(0.,-1.,-1.11022302462516E-15));
#2600=DIRECTION('ref_axis',(-0.945274445290694,-3.62239459184096E-16,0.326276298680077));
#2601=DIRECTION('',(-0.187144396662729,0.819152044288991,-0.542187147703549));
#2602=DIRECTION('center_axis',(-0.475434216850049,0.573576436351046,0.667062498654373));
#2603=DIRECTION('ref_axis',(0.814332947472982,1.50806068285709E-47,0.580398010558243));
#2604=DIRECTION('',(-0.814332947472982,-1.77221199794559E-16,-0.580398010558243));
#2605=DIRECTION('',(-0.251199938884458,0.638165226135761,-0.727766263889401));
#2606=DIRECTION('center_axis',(0.475434216850048,0.573576436351046,-0.667062498654373));
#2607=DIRECTION('ref_axis',(-0.814332947472982,0.,-0.580398010558243));
#2608=DIRECTION('center_axis',(2.70028431320869E-32,1.,2.01858731750028E-16));
#2609=DIRECTION('ref_axis',(-1.,0.,1.33770993694371E-16));
#2610=DIRECTION('',(0.,-2.01858731750028E-16,1.));
#2611=DIRECTION('',(0.,-2.01858731750028E-16,1.));
#2612=DIRECTION('center_axis',(-1.,0.,0.));
#2613=DIRECTION('ref_axis',(0.,-1.,0.));
#2614=DIRECTION('',(0.,-0.71056477546163,-0.703631792824317));
#2615=DIRECTION('',(0.,-2.01858731750028E-16,1.));
#2616=DIRECTION('center_axis',(-3.2653618371328E-16,-1.,-2.01858731750028E-16));
#2617=DIRECTION('ref_axis',(1.,-3.2653618371328E-16,-1.33770993694371E-16));
#2618=DIRECTION('center_axis',(3.2653618371328E-16,1.,2.01858731750028E-16));
#2619=DIRECTION('ref_axis',(1.,0.,1.40238697847389E-15));
#2620=DIRECTION('',(0.,-2.01858731750028E-16,1.));
#2621=DIRECTION('center_axis',(0.,0.,1.));
#2622=DIRECTION('ref_axis',(-1.,0.,0.));
#2623=DIRECTION('',(0.,0.,1.));
#2624=DIRECTION('center_axis',(1.33770993694371E-16,-3.16455341674917E-48,
1.));
#2625=DIRECTION('ref_axis',(-1.,0.,1.33770993694371E-16));
#2626=DIRECTION('center_axis',(-1.33770993694371E-16,3.16455341674917E-48,
-1.));
#2627=DIRECTION('ref_axis',(-1.,0.,1.33770993694371E-16));
#2628=DIRECTION('center_axis',(0.,0.,1.));
#2629=DIRECTION('ref_axis',(-1.,0.,0.));
#2630=DIRECTION('',(0.,0.,1.));
#2631=DIRECTION('center_axis',(1.33770993694371E-16,-3.16455341674917E-48,
1.));
#2632=DIRECTION('ref_axis',(-1.,0.,1.33770993694371E-16));
#2633=DIRECTION('center_axis',(-1.33770993694371E-16,3.16455341674917E-48,
-1.));
#2634=DIRECTION('ref_axis',(-1.,0.,1.33770993694371E-16));
#2635=DIRECTION('center_axis',(0.,1.,0.));
#2636=DIRECTION('ref_axis',(1.86984930463185E-15,0.,-1.));
#2637=DIRECTION('',(-0.573576436351047,0.819152044288991,-2.54719106407751E-16));
#2638=DIRECTION('center_axis',(0.,-1.,-1.11022302462516E-15));
#2639=DIRECTION('ref_axis',(-1.,-2.59493718822701E-31,2.33731163078981E-16));
#2640=DIRECTION('center_axis',(0.475434216850048,0.573576436351046,-0.667062498654373));
#2641=DIRECTION('ref_axis',(-0.814332947472982,0.,-0.580398010558243));
#2642=DIRECTION('',(-0.814332947472982,-1.77221199794559E-16,-0.580398010558243));
#2643=DIRECTION('center_axis',(-0.475434216850049,0.573576436351046,0.667062498654373));
#2644=DIRECTION('ref_axis',(0.814332947472982,1.50806068285709E-47,0.580398010558243));
#2645=DIRECTION('center_axis',(0.,-1.,0.));
#2646=DIRECTION('ref_axis',(0.326276298680077,1.07059694279995E-31,0.945274445290694));
#2647=DIRECTION('center_axis',(0.,1.,1.11022302462516E-15));
#2648=DIRECTION('ref_axis',(1.,2.113020281842E-31,-1.90323947078598E-16));
#2649=DIRECTION('center_axis',(6.08193440795483E-32,1.,1.8764002001163E-31));
#2650=DIRECTION('ref_axis',(1.,-6.08193440795483E-32,0.));
#2651=DIRECTION('center_axis',(0.,-1.,-1.11022302462516E-15));
#2652=DIRECTION('ref_axis',(-1.,0.,0.));
#2653=DIRECTION('center_axis',(0.945274445290694,0.,-0.326276298680077));
#2654=DIRECTION('ref_axis',(0.326276298680077,0.,0.945274445290694));
#2655=DIRECTION('',(-0.326276298680077,0.,-0.945274445290694));
#2656=DIRECTION('',(0.,-1.,0.));
#2657=DIRECTION('',(0.,-1.,0.));
#2658=DIRECTION('',(0.,-1.,-1.11022302462516E-15));
#2659=DIRECTION('center_axis',(-0.945274445290694,0.,0.326276298680077));
#2660=DIRECTION('ref_axis',(-0.326276298680077,0.,-0.945274445290694));
#2661=DIRECTION('center_axis',(0.,1.,0.));
#2662=DIRECTION('ref_axis',(-0.945274445290693,0.,0.32627629868008));
#2663=DIRECTION('',(0.28608934557959,0.819152044288995,0.497134604189854));
#2664=DIRECTION('center_axis',(0.,-1.,-1.11022302462516E-15));
#2665=DIRECTION('ref_axis',(0.498781552812073,-9.62261084888252E-16,0.866727732667172));
#2666=DIRECTION('',(-0.361297134532303,0.819152044288991,-0.4454821084128));
#2667=DIRECTION('center_axis',(3.3226986114529E-32,-1.,4.19739507727322E-32));
#2668=DIRECTION('ref_axis',(0.629902331467425,5.3529847139997E-32,0.776674354418827));
#2669=DIRECTION('center_axis',(0.,-1.,0.));
#2670=DIRECTION('ref_axis',(0.629902331467425,5.3529847139997E-32,0.776674354418827));
#2671=DIRECTION('',(-0.361297134532298,0.819152044288992,-0.445482108412803));
#2672=DIRECTION('center_axis',(0.,1.,1.11022302462516E-15));
#2673=DIRECTION('ref_axis',(-0.498781552812075,9.62261084888251E-16,-0.866727732667171));
#2674=DIRECTION('center_axis',(0.,1.,0.));
#2675=DIRECTION('ref_axis',(-0.629902331467421,9.86076131526264E-32,-0.776674354418831));
#2676=DIRECTION('center_axis',(0.,-1.,-1.11022302462516E-15));
#2677=DIRECTION('ref_axis',(-0.776674354418829,-6.993320716602E-16,0.629902331467423));
#2678=DIRECTION('center_axis',(6.12083060832015E-32,1.,7.73198678493539E-32));
#2679=DIRECTION('ref_axis',(1.,-6.12083060832015E-32,0.));
#2680=DIRECTION('center_axis',(0.,-1.,-1.11022302462516E-15));
#2681=DIRECTION('ref_axis',(-1.,0.,0.));
#2682=DIRECTION('center_axis',(0.,1.,0.));
#2683=DIRECTION('ref_axis',(-3.7396986092637E-15,0.,1.));
#2684=DIRECTION('center_axis',(0.,-1.,-1.11022302462516E-15));
#2685=DIRECTION('ref_axis',(1.,0.,0.));
#2686=DIRECTION('',(0.,0.819152044288976,0.573576436351069));
#2687=DIRECTION('center_axis',(0.,1.,0.));
#2688=DIRECTION('ref_axis',(1.,0.,0.));
#2689=DIRECTION('center_axis',(0.,-1.,-1.11022302462516E-15));
#2690=DIRECTION('ref_axis',(-1.,0.,0.));
#2691=DIRECTION('center_axis',(0.,1.,0.));
#2692=DIRECTION('ref_axis',(-1.86984930463185E-15,-1.97215226305254E-31,
1.));
#2693=DIRECTION('',(0.573576436351051,0.819152044288989,-1.16443020072121E-15));
#2694=DIRECTION('center_axis',(0.,-1.,-1.11022302462516E-15));
#2695=DIRECTION('ref_axis',(1.,0.,0.));
#2696=DIRECTION('center_axis',(-0.579227965339568,0.573576436351046,0.579227965339571));
#2697=DIRECTION('ref_axis',(0.707106781186549,0.,0.707106781186546));
#2698=DIRECTION('',(-0.703631792824318,-0.710564775461629,0.));
#2699=DIRECTION('',(0.707106781186549,-2.36294933059348E-16,0.707106781186546));
#2700=DIRECTION('center_axis',(0.,-1.,0.));
#2701=DIRECTION('ref_axis',(0.,0.,-1.));
#2702=DIRECTION('center_axis',(0.,1.,1.11022302462516E-15));
#2703=DIRECTION('ref_axis',(-1.,0.,0.));
#2704=DIRECTION('center_axis',(0.579227965339568,0.573576436351046,-0.57922796533957));
#2705=DIRECTION('ref_axis',(-0.707106781186549,0.,-0.707106781186546));
#2706=DIRECTION('',(0.,0.71056477546163,0.703631792824317));
#2707=DIRECTION('center_axis',(0.,0.,1.));
#2708=DIRECTION('ref_axis',(1.,0.,0.));
#2709=DIRECTION('',(0.,-1.,0.));
#2710=DIRECTION('',(0.,-1.,0.));
#2711=DIRECTION('center_axis',(0.,0.,1.));
#2712=DIRECTION('ref_axis',(1.,0.,0.));
#2713=DIRECTION('',(1.,6.16297582203915E-32,0.));
#2714=DIRECTION('center_axis',(0.,0.,1.));
#2715=DIRECTION('ref_axis',(1.,0.,0.));
#2716=DIRECTION('center_axis',(0.,0.,1.));
#2717=DIRECTION('ref_axis',(1.,0.,0.));
#2718=DIRECTION('',(1.,6.16297582203915E-32,0.));
#2719=DIRECTION('',(0.,-1.,0.));
#2720=DIRECTION('center_axis',(0.,1.,0.));
#2721=DIRECTION('ref_axis',(1.,0.,1.40238697847389E-15));
#2722=DIRECTION('',(0.,0.819152044288992,-0.573576436351046));
#2723=DIRECTION('center_axis',(0.,-1.,-1.11022302462516E-15));
#2724=DIRECTION('ref_axis',(0.,1.11022302462516E-15,-1.));
#2725=DIRECTION('center_axis',(-0.579227965339568,0.573576436351046,-0.57922796533957));
#2726=DIRECTION('ref_axis',(-0.707106781186548,0.,0.707106781186547));
#2727=DIRECTION('center_axis',(0.,-1.,0.));
#2728=DIRECTION('ref_axis',(-1.,1.09476442525376E-47,-1.26882631385732E-16));
#2729=DIRECTION('',(0.573576436351046,0.819152044288992,7.27768875450717E-17));
#2730=DIRECTION('center_axis',(0.,1.,1.11022302462516E-15));
#2731=DIRECTION('ref_axis',(0.,-1.11022302462516E-15,1.));
#2732=DIRECTION('center_axis',(0.,1.,0.));
#2733=DIRECTION('ref_axis',(1.,-3.48596040672911E-46,1.75298372309237E-15));
#2734=DIRECTION('center_axis',(0.,-1.,-1.11022302462516E-15));
#2735=DIRECTION('ref_axis',(0.,1.11022302462516E-15,-1.));
#2736=DIRECTION('center_axis',(0.,1.,0.));
#2737=DIRECTION('ref_axis',(1.,0.,0.));
#2738=DIRECTION('center_axis',(0.,-1.,-1.11022302462516E-15));
#2739=DIRECTION('ref_axis',(-1.,0.,0.));
#2740=DIRECTION('center_axis',(0.,1.,0.));
#2741=DIRECTION('ref_axis',(0.498781552812073,0.,0.866727732667172));
#2742=DIRECTION('',(0.,1.,0.));
#2743=DIRECTION('center_axis',(0.,1.,0.));
#2744=DIRECTION('ref_axis',(-0.498781552812075,0.,-0.866727732667171));
#2745=DIRECTION('',(0.,1.,0.));
#2746=DIRECTION('center_axis',(0.,1.,0.));
#2747=DIRECTION('ref_axis',(-0.776674354418829,0.,0.629902331467423));
#2748=DIRECTION('',(0.,-1.,0.));
#2749=DIRECTION('center_axis',(0.,1.,0.));
#2750=DIRECTION('ref_axis',(-1.,0.,0.));
#2751=DIRECTION('',(0.,-1.,0.));
#2752=DIRECTION('center_axis',(0.,1.,1.11022302462516E-15));
#2753=DIRECTION('ref_axis',(-1.,-2.59493718822701E-31,2.33731163078981E-16));
#2754=DIRECTION('',(0.,1.,1.11022302462516E-15));
#2755=DIRECTION('center_axis',(0.,1.,1.11022302462516E-15));
#2756=DIRECTION('ref_axis',(1.,2.113020281842E-31,-1.90323947078598E-16));
#2757=DIRECTION('',(0.,1.,1.11022302462516E-15));
#2758=DIRECTION('center_axis',(0.,1.,1.11022302462516E-15));
#2759=DIRECTION('ref_axis',(-0.945274445290694,-3.62239459184096E-16,0.326276298680077));
#2760=DIRECTION('center_axis',(0.,1.,1.11022302462516E-15));
#2761=DIRECTION('ref_axis',(-1.,0.,0.));
#2762=DIRECTION('',(0.,-1.,-1.11022302462516E-15));
#2763=DIRECTION('center_axis',(0.,1.,0.));
#2764=DIRECTION('ref_axis',(1.,0.,0.));
#2765=DIRECTION('',(0.,1.,0.));
#2766=DIRECTION('center_axis',(0.,1.,0.));
#2767=DIRECTION('ref_axis',(-1.,0.,0.));
#2768=DIRECTION('',(0.,1.,0.));
#2769=DIRECTION('center_axis',(0.,1.,0.));
#2770=DIRECTION('ref_axis',(1.,0.,0.));
#2771=DIRECTION('',(0.,-1.,0.));
#2772=DIRECTION('center_axis',(0.,1.,0.));
#2773=DIRECTION('ref_axis',(-1.,0.,0.));
#2774=DIRECTION('',(0.,-1.,0.));
#2775=DIRECTION('center_axis',(0.,1.,1.11022302462516E-15));
#2776=DIRECTION('ref_axis',(-1.,0.,0.));
#2777=DIRECTION('',(0.,-1.,-1.11022302462516E-15));
#2778=DIRECTION('center_axis',(0.,1.,1.11022302462516E-15));
#2779=DIRECTION('ref_axis',(0.,1.11022302462516E-15,-1.));
#2780=DIRECTION('',(0.,-1.,-1.11022302462516E-15));
#2781=DIRECTION('',(0.,1.,1.11022302462516E-15));
#2782=DIRECTION('center_axis',(0.,1.,1.11022302462516E-15));
#2783=DIRECTION('ref_axis',(0.,-1.11022302462516E-15,1.));
#2784=DIRECTION('',(0.,1.,1.11022302462516E-15));
#2785=DIRECTION('center_axis',(0.,1.,1.11022302462516E-15));
#2786=DIRECTION('ref_axis',(0.,1.11022302462516E-15,-1.));
#2787=DIRECTION('center_axis',(2.85037631769311E-31,1.11022302462516E-15,
-1.));
#2788=DIRECTION('ref_axis',(-1.,2.56739074444567E-16,-1.1225611782387E-47));
#2789=DIRECTION('',(0.,1.,0.));
#2790=DIRECTION('',(-4.07469475837299E-31,1.,1.11022302462516E-15));
#2791=DIRECTION('',(-1.,2.56739074444568E-16,1.18234557927406E-45));
#2792=DIRECTION('center_axis',(2.85037631769311E-31,1.11022302462516E-15,
-1.));
#2793=DIRECTION('ref_axis',(-1.,2.56739074444567E-16,-1.1225611782387E-47));
#2794=DIRECTION('',(0.,1.,0.));
#2795=DIRECTION('',(-1.,2.56739074444568E-16,1.18234557927406E-45));
#2796=DIRECTION('',(-3.03719547698028E-31,-1.,-1.11022302462516E-15));
#2797=DIRECTION('center_axis',(-1.,0.,0.));
#2798=DIRECTION('ref_axis',(0.,-1.,0.));
#2799=DIRECTION('',(0.,-1.,0.));
#2800=DIRECTION('',(0.,0.,1.));
#2801=DIRECTION('',(0.,0.707106781186547,0.707106781186547));
#2802=DIRECTION('',(0.,-1.,0.));
#2803=DIRECTION('center_axis',(-1.,0.,0.));
#2804=DIRECTION('ref_axis',(0.,0.968245836551854,-0.25));
#2805=DIRECTION('',(0.,-1.,0.));
#2806=DIRECTION('',(0.,-0.707106781186547,0.707106781186547));
#2807=DIRECTION('',(0.,1.,0.));
#2808=DIRECTION('',(0.,0.,1.));
#2809=DIRECTION('',(0.,-1.,0.));
#2810=DIRECTION('center_axis',(0.,0.,1.));
#2811=DIRECTION('ref_axis',(1.,0.,0.));
#2812=DIRECTION('',(0.,1.,0.));
#2813=DIRECTION('center_axis',(0.,0.,-1.));
#2814=DIRECTION('ref_axis',(0.,-1.,0.));
#2815=DIRECTION('',(-1.,0.,0.));
#2816=DIRECTION('',(0.,1.,0.));
#2817=DIRECTION('',(1.,0.,0.));
#2818=DIRECTION('center_axis',(0.,0.,-1.));
#2819=DIRECTION('ref_axis',(0.,-1.,0.));
#2820=DIRECTION('',(0.,1.,0.));
#2821=DIRECTION('',(1.,0.,0.));
#2822=DIRECTION('',(0.,-1.,0.));
#2823=DIRECTION('',(-1.,0.,0.));
#2824=DIRECTION('center_axis',(1.,0.,-2.73566248367595E-16));
#2825=DIRECTION('ref_axis',(2.73566248367595E-16,0.,1.));
#2826=DIRECTION('',(2.73566248367595E-16,-1.11022302462515E-16,1.));
#2827=DIRECTION('',(0.,-1.,0.));
#2828=DIRECTION('',(-2.73566248367595E-16,0.,-1.));
#2829=DIRECTION('center_axis',(-1.,0.,0.));
#2830=DIRECTION('ref_axis',(0.,0.,1.));
#2831=DIRECTION('',(0.,-1.,0.));
#2832=DIRECTION('center_axis',(-1.,0.,0.));
#2833=DIRECTION('ref_axis',(0.,0.,1.));
#2834=DIRECTION('center_axis',(-2.56739074444568E-16,-1.,-1.11022302462515E-16));
#2835=DIRECTION('ref_axis',(0.,1.11022302462515E-16,-1.));
#2836=DIRECTION('',(0.,-1.11022302462515E-16,1.));
#2837=DIRECTION('',(1.,-2.56739074444568E-16,0.));
#2838=DIRECTION('',(1.92811722168108E-16,1.11022302462515E-16,-1.));
#2839=DIRECTION('',(-3.67015875909142E-16,-1.11022302462515E-16,1.));
#2840=DIRECTION('',(-1.,2.56739074444568E-16,-6.7623907432798E-16));
#2841=DIRECTION('center_axis',(0.776674354418828,0.,-0.629902331467424));
#2842=DIRECTION('ref_axis',(0.629902331467424,0.,0.776674354418828));
#2843=DIRECTION('',(-0.629902331467424,0.,-0.776674354418828));
#2844=DIRECTION('',(0.,-1.,0.));
#2845=DIRECTION('',(0.629902331467424,9.50264862502647E-33,0.776674354418828));
#2846=DIRECTION('',(0.,-1.,0.));
#2847=DIRECTION('center_axis',(6.16297582203915E-32,-1.,-3.77482269099898E-32));
#2848=DIRECTION('ref_axis',(0.,3.77482269099898E-32,-1.));
#2849=DIRECTION('',(0.,3.77482269099898E-32,-1.));
#2850=DIRECTION('',(1.,6.16297582203914E-32,1.6624796999987E-16));
#2851=DIRECTION('',(1.,6.16297582203914E-32,1.6624796999987E-16));
#2852=DIRECTION('',(2.79509616678317E-16,-3.77482269099897E-32,1.));
#2853=DIRECTION('',(-9.42864564437499E-17,3.77482269099897E-32,-1.));
#2854=DIRECTION('',(-1.,-6.16297582203915E-32,0.));
#2855=DIRECTION('',(9.42864564437499E-17,-3.77482269099897E-32,1.));
#2856=DIRECTION('center_axis',(1.,0.,0.));
#2857=DIRECTION('ref_axis',(0.,0.,-1.));
#2858=DIRECTION('',(0.,1.,0.));
#2859=DIRECTION('',(0.,1.11022302462515E-16,-1.));
#2860=DIRECTION('',(0.,1.,0.));
#2861=DIRECTION('center_axis',(0.945274445290694,0.,-0.326276298680077));
#2862=DIRECTION('ref_axis',(-0.326276298680077,0.,-0.945274445290694));
#2863=DIRECTION('center_axis',(0.945274445290694,0.,-0.326276298680076));
#2864=DIRECTION('ref_axis',(-0.326276298680077,0.,-0.945274445290694));
#2865=DIRECTION('',(0.945274445290694,0.,-0.326276298680077));
#2866=DIRECTION('center_axis',(0.,1.,0.));
#2867=DIRECTION('ref_axis',(1.,0.,0.));
#2868=DIRECTION('',(0.629902331467422,0.,0.776674354418829));
#2869=DIRECTION('',(-1.,-3.96508223080413E-17,0.));
#2870=DIRECTION('',(0.,0.,1.));
#2871=DIRECTION('',(-1.,0.,-6.7623907432798E-16));
#2872=DIRECTION('',(-3.67015875909142E-16,0.,1.));
#2873=DIRECTION('',(0.326276298680076,0.,0.945274445290694));
#2874=DIRECTION('center_axis',(-0.776674354418829,0.,0.629902331467422));
#2875=DIRECTION('ref_axis',(-0.629902331467422,0.,-0.776674354418829));
#2876=DIRECTION('',(0.,-1.,0.));
#2877=DIRECTION('center_axis',(-0.945274445290694,0.,0.326276298680076));
#2878=DIRECTION('ref_axis',(-0.326276298680076,0.,-0.945274445290694));
#2879=DIRECTION('',(0.,-1.,0.));
#2880=DIRECTION('center_axis',(-1.,0.,-3.67015875909142E-16));
#2881=DIRECTION('ref_axis',(3.67015875909142E-16,0.,-1.));
#2882=DIRECTION('',(0.,-1.,0.));
#2883=DIRECTION('center_axis',(6.7623907432798E-16,0.,-1.));
#2884=DIRECTION('ref_axis',(1.,0.,6.7623907432798E-16));
#2885=DIRECTION('center_axis',(2.56739074444568E-16,1.,1.11022302462515E-16));
#2886=DIRECTION('ref_axis',(-1.,2.56739074444568E-16,-1.54921804726509E-30));
#2887=DIRECTION('',(-5.83049305489216E-16,-1.11022302462515E-16,1.));
#2888=DIRECTION('',(-1.,2.56739074444568E-16,3.56199699886907E-16));
#2889=DIRECTION('',(0.999999999999847,-2.56739135797149E-16,5.52615275761708E-7));
#2890=DIRECTION('center_axis',(-3.56199699886907E-16,0.,-1.));
#2891=DIRECTION('ref_axis',(-1.,0.,3.56199699886907E-16));
#2892=DIRECTION('',(0.,1.,0.));
#2893=DIRECTION('center_axis',(-1.,0.,-5.83049305489216E-16));
#2894=DIRECTION('ref_axis',(-5.83049305489216E-16,0.,1.));
#2895=DIRECTION('center_axis',(-5.52615275761708E-7,0.,0.999999999999847));
#2896=DIRECTION('ref_axis',(0.999999999999847,0.,5.52615275761708E-7));
#2897=DIRECTION('center_axis',(0.,-1.,0.));
#2898=DIRECTION('ref_axis',(0.,0.,-1.));
#2899=DIRECTION('',(1.,0.,-8.8995833637287E-17));
#2900=DIRECTION('',(9.8467674024404E-17,0.,1.));
#2901=DIRECTION('',(-1.,0.,-1.77991667274574E-16));
#2902=DIRECTION('',(-1.96935348048808E-16,0.,-1.));
#2903=DIRECTION('center_axis',(0.,0.,1.));
#2904=DIRECTION('ref_axis',(-1.,0.,0.));
#2905=DIRECTION('center_axis',(0.,0.,1.));
#2906=DIRECTION('ref_axis',(1.,0.,0.));
#2907=DIRECTION('center_axis',(0.,0.,1.));
#2908=DIRECTION('ref_axis',(1.,0.,0.));
#2909=DIRECTION('center_axis',(0.,0.,1.));
#2910=DIRECTION('ref_axis',(1.,0.,0.));
#2911=DIRECTION('',(1.,0.,0.));
#2912=DIRECTION('',(0.,1.,0.));
#2913=DIRECTION('center_axis',(0.,-1.,0.));
#2914=DIRECTION('ref_axis',(1.,0.,0.));
#2915=DIRECTION('',(0.,0.,1.));
#2916=DIRECTION('',(1.,0.,0.));
#2917=DIRECTION('center_axis',(1.,0.,0.));
#2918=DIRECTION('ref_axis',(0.,1.,0.));
#2919=DIRECTION('',(0.,-0.707106781186547,0.707106781186547));
#2920=DIRECTION('',(0.,-1.,0.));
#2921=DIRECTION('center_axis',(-1.,0.,0.));
#2922=DIRECTION('ref_axis',(0.,0.968245836551854,-0.25));
#2923=DIRECTION('',(0.,-1.,0.));
#2924=DIRECTION('',(0.,-0.707106781186547,-0.707106781186547));
#2925=DIRECTION('center_axis',(0.,0.707106781186548,0.707106781186548));
#2926=DIRECTION('ref_axis',(0.,-0.707106781186548,0.707106781186548));
#2927=DIRECTION('',(1.,0.,0.));
#2928=DIRECTION('center_axis',(1.,0.,0.));
#2929=DIRECTION('ref_axis',(0.,0.968245836551854,-0.25));
#2930=DIRECTION('center_axis',(0.707106781186548,0.,-0.707106781186548));
#2931=DIRECTION('ref_axis',(0.707106781186548,0.,0.707106781186548));
#2932=DIRECTION('center_axis',(0.707106781186548,0.,-0.707106781186548));
#2933=DIRECTION('ref_axis',(0.707106781186548,0.,0.707106781186548));
#2934=DIRECTION('',(1.,0.,0.));
#2935=DIRECTION('',(1.,0.,0.));
#2936=DIRECTION('center_axis',(0.,0.,1.));
#2937=DIRECTION('ref_axis',(0.,-1.,0.));
#2938=DIRECTION('center_axis',(0.,0.,-1.));
#2939=DIRECTION('ref_axis',(1.,0.,0.));
#2940=DIRECTION('',(1.,0.,0.));
#2941=DIRECTION('',(1.,0.,0.));
#2942=DIRECTION('center_axis',(0.,0.,-1.));
#2943=DIRECTION('ref_axis',(1.,0.,0.));
#2944=DIRECTION('',(1.,0.,0.));
#2945=DIRECTION('center_axis',(0.,-0.707106781186548,0.707106781186548));
#2946=DIRECTION('ref_axis',(0.,-0.707106781186548,-0.707106781186548));
#2947=DIRECTION('center_axis',(1.,0.,0.));
#2948=DIRECTION('ref_axis',(0.,0.968245836551854,-0.25));
#2949=DIRECTION('center_axis',(-0.707106781186548,0.,-0.707106781186548));
#2950=DIRECTION('ref_axis',(0.707106781186548,0.,-0.707106781186548));
#2951=DIRECTION('center_axis',(0.707106781186548,0.,-0.707106781186547));
#2952=DIRECTION('ref_axis',(0.707106781186547,0.,0.707106781186548));
#2953=DIRECTION('center_axis',(0.707106781186548,0.,-0.707106781186547));
#2954=DIRECTION('ref_axis',(0.707106781186547,0.,0.707106781186548));
#2955=DIRECTION('',(1.,0.,0.));
#2956=DIRECTION('center_axis',(1.,0.,0.));
#2957=DIRECTION('ref_axis',(0.,0.968245836551854,-0.25));
#2958=DIRECTION('center_axis',(-0.707106781186548,0.,-0.707106781186547));
#2959=DIRECTION('ref_axis',(0.707106781186547,0.,-0.707106781186548));
#2960=DIRECTION('',(1.,0.,0.));
#2961=DIRECTION('center_axis',(0.,0.,1.));
#2962=DIRECTION('ref_axis',(0.,-1.,0.));
#2963=DIRECTION('center_axis',(0.,0.,-1.));
#2964=DIRECTION('ref_axis',(1.,0.,0.));
#2965=DIRECTION('center_axis',(0.,0.,-1.));
#2966=DIRECTION('ref_axis',(1.,0.,0.));
#2967=DIRECTION('center_axis',(0.,0.,1.));
#2968=DIRECTION('ref_axis',(1.,0.,0.));
#2969=DIRECTION('center_axis',(0.,0.,1.));
#2970=DIRECTION('ref_axis',(1.,0.,0.));
#2971=DIRECTION('',(0.,0.,1.));
#2972=DIRECTION('center_axis',(0.,0.,1.));
#2973=DIRECTION('ref_axis',(1.,0.,0.));
#2974=DIRECTION('',(0.,0.,1.));
#2975=DIRECTION('center_axis',(-0.0523359562429438,0.,0.998629534754574));
#2976=DIRECTION('ref_axis',(0.,1.,0.));
#2977=DIRECTION('',(-0.998629534754574,0.,-0.0523359562429438));
#2978=DIRECTION('',(0.,-1.,0.));
#2979=DIRECTION('',(0.998629534754574,0.,0.0523359562429438));
#2980=DIRECTION('center_axis',(-0.0523359562429438,0.,0.998629534754574));
#2981=DIRECTION('ref_axis',(0.,-1.,0.));
#2982=DIRECTION('center_axis',(0.0523359562429438,0.,-0.998629534754574));
#2983=DIRECTION('ref_axis',(0.998629534754574,0.,0.0523359562429439));
#2984=DIRECTION('center_axis',(0.,1.,0.));
#2985=DIRECTION('ref_axis',(-0.998629534754574,0.,-0.0523359562429438));
#2986=DIRECTION('',(-0.0523359562429439,0.,0.998629534754574));
#2987=DIRECTION('',(-0.0523359562429439,0.,0.998629534754574));
#2988=DIRECTION('',(-0.0523359562429439,0.,0.998629534754574));
#2989=DIRECTION('center_axis',(0.,0.,-1.));
#2990=DIRECTION('ref_axis',(0.,-1.,0.));
#2991=DIRECTION('center_axis',(-0.743144825477394,0.,0.669130606358859));
#2992=DIRECTION('ref_axis',(0.669130606358859,0.,0.743144825477394));
#2993=DIRECTION('center_axis',(0.,0.,-1.));
#2994=DIRECTION('ref_axis',(0.,-1.,0.));
#2995=DIRECTION('center_axis',(0.,-1.,0.));
#2996=DIRECTION('ref_axis',(0.998629534754574,0.,0.0523359562429438));
#2997=DIRECTION('',(-0.0523359562429439,0.,0.998629534754574));
#2998=DIRECTION('center_axis',(-0.998629534754574,0.,-0.0523359562429439));
#2999=DIRECTION('ref_axis',(0.,-1.,0.));
#3000=DIRECTION('center_axis',(0.743144825477394,0.,-0.669130606358859));
#3001=DIRECTION('ref_axis',(0.669130606358859,0.,0.743144825477394));
#3002=DIRECTION('',(0.,-1.,0.));
#3003=DIRECTION('center_axis',(0.0523359562429438,0.,-0.998629534754574));
#3004=DIRECTION('ref_axis',(0.998629534754574,0.,0.0523359562429439));
#3005=DIRECTION('',(0.0523359562429439,0.,-0.998629534754574));
#3006=DIRECTION('center_axis',(0.0523359562429438,0.,-0.998629534754574));
#3007=DIRECTION('ref_axis',(0.998629534754574,0.,0.0523359562429439));
#3008=DIRECTION('center_axis',(-0.0523359562429438,0.,0.998629534754574));
#3009=DIRECTION('ref_axis',(0.998629534754574,0.,0.0523359562429439));
#3010=DIRECTION('',(0.882947592858927,-1.04972719113862E-16,-0.469471562785891));
#3011=DIRECTION('center_axis',(0.,0.,1.));
#3012=DIRECTION('ref_axis',(1.,0.,0.));
#3013=DIRECTION('center_axis',(0.,-1.,0.));
#3014=DIRECTION('ref_axis',(0.,0.,-1.));
#3015=DIRECTION('',(2.79509616678317E-16,0.,1.));
#3016=DIRECTION('center_axis',(-6.16297582203915E-32,1.,3.77482269099898E-32));
#3017=DIRECTION('ref_axis',(0.,-3.77482269099898E-32,1.));
#3018=DIRECTION('',(9.42864564437499E-17,-3.77482269099897E-32,1.));
#3019=DIRECTION('',(-1.,-6.16297582203915E-32,0.));
#3020=DIRECTION('',(-9.42864564437499E-17,3.77482269099897E-32,-1.));
#3021=DIRECTION('',(-9.8467674024404E-17,3.77482269099897E-32,-1.));
#3022=DIRECTION('',(-1.,-6.16297582203915E-32,8.8995833637287E-17));
#3023=DIRECTION('',(1.96935348048808E-16,-3.77482269099897E-32,1.));
#3024=DIRECTION('',(1.,6.16297582203914E-32,1.77991667274574E-16));
#3025=DIRECTION('center_axis',(1.,0.,-1.96935348048808E-16));
#3026=DIRECTION('ref_axis',(1.96935348048808E-16,0.,1.));
#3027=DIRECTION('',(0.,-1.,0.));
#3028=DIRECTION('',(0.,-1.,0.));
#3029=DIRECTION('center_axis',(1.77991667274574E-16,0.,-1.));
#3030=DIRECTION('ref_axis',(1.,0.,1.77991667274574E-16));
#3031=DIRECTION('',(0.,-1.,0.));
#3032=DIRECTION('center_axis',(-1.,0.,9.8467674024404E-17));
#3033=DIRECTION('ref_axis',(-9.8467674024404E-17,0.,-1.));
#3034=DIRECTION('',(0.,-1.,0.));
#3035=DIRECTION('center_axis',(8.8995833637287E-17,0.,1.));
#3036=DIRECTION('ref_axis',(-1.,0.,8.8995833637287E-17));
#3037=DIRECTION('center_axis',(-1.,0.,2.79509616678317E-16));
#3038=DIRECTION('ref_axis',(-2.79509616678317E-16,0.,-1.));
#3039=DIRECTION('center_axis',(-1.,0.,9.42864564437499E-17));
#3040=DIRECTION('ref_axis',(-9.42864564437499E-17,0.,-1.));
#3041=DIRECTION('',(0.,-1.,0.));
#3042=DIRECTION('center_axis',(0.,0.,-1.));
#3043=DIRECTION('ref_axis',(1.,0.,0.));
#3044=DIRECTION('',(0.,-1.,0.));
#3045=DIRECTION('center_axis',(1.,0.,-9.42864564437499E-17));
#3046=DIRECTION('ref_axis',(9.42864564437499E-17,0.,1.));
#3047=DIRECTION('center_axis',(-1.6624796999987E-16,0.,1.));
#3048=DIRECTION('ref_axis',(-1.,0.,-1.6624796999987E-16));
#3049=CARTESIAN_POINT('',(0.,0.,0.));
#3050=CARTESIAN_POINT('Origin',(15.0013999554125,-8.94518352345323,-3.79999999999999));
#3051=CARTESIAN_POINT('',(15.0013999554125,-8.94518352345323,-3.79999999999999));
#3052=CARTESIAN_POINT('',(15.0013999554125,-8.94518352345323,-5.69999999999992));
#3053=CARTESIAN_POINT('',(15.0013999554125,-8.9451835234532,8.17500000000002));
#3054=CARTESIAN_POINT('',(15.0013999554125,1.05481647654677,-3.79999999999999));
#3055=CARTESIAN_POINT('',(15.0013999554125,1.02740823827339,-3.8));
#3056=CARTESIAN_POINT('',(15.0013999554125,1.05481647654677,-5.69999999999992));
#3057=CARTESIAN_POINT('',(15.0013999554125,1.05481647654677,-3.79999999999999));
#3058=CARTESIAN_POINT('',(15.0013999554125,1.02740823827339,-5.7));
#3059=CARTESIAN_POINT('Origin',(3.2213999554125,-8.94518352345323,-5.69999999999993));
#3060=CARTESIAN_POINT('',(3.2213999554125,-8.94518352345323,-5.69999999999993));
#3061=CARTESIAN_POINT('',(3.2213999554125,-8.94518352345323,-3.79999999999999));
#3062=CARTESIAN_POINT('',(3.22139995541249,-8.9451835234532,7.22500000000004));
#3063=CARTESIAN_POINT('',(3.2213999554125,1.05481647654677,-5.69999999999993));
#3064=CARTESIAN_POINT('',(3.2213999554125,1.02740823827339,-5.7));
#3065=CARTESIAN_POINT('',(3.2213999554125,1.05481647654677,-3.79999999999999));
#3066=CARTESIAN_POINT('',(3.2213999554125,1.05481647654677,-3.79999999999999));
#3067=CARTESIAN_POINT('',(3.2213999554125,1.02740823827339,-3.8));
#3068=CARTESIAN_POINT('Origin',(9.11139995541251,1.05481647654677,-4.74999999999996));
#3069=CARTESIAN_POINT('',(-19.3465670644384,1.05481647654677,-5.7));
#3070=CARTESIAN_POINT('',(17.3681999777062,1.05481647654677,-3.8));
#3071=CARTESIAN_POINT('Origin',(-10.4022669028865,-8.94518352345322,20.15));
#3072=CARTESIAN_POINT('',(-37.1922812799441,-8.94518352345319,-3.8));
#3073=CARTESIAN_POINT('',(7.61136654855671,-8.94518352345319,-3.79999999999999));
#3074=CARTESIAN_POINT('',(-39.5672812799441,-8.94518352345319,-1.425));
#3075=CARTESIAN_POINT('Origin',(-37.1922812799441,-8.94518352345319,-1.425));
#3076=CARTESIAN_POINT('',(-42.5148224732188,-8.9451835234532,2.71057569814679));
#3077=CARTESIAN_POINT('Origin',(-43.9422812799441,-8.94518352345319,-1.425));
#3078=CARTESIAN_POINT('',(-43.984943071419,-8.9451835234532,5.73050871507737));
#3079=CARTESIAN_POINT('Origin',(-41.7399162638536,-8.9451835234532,4.95560250571219));
#3080=CARTESIAN_POINT('',(-35.1568359890043,-8.94518352345323,31.3069421215346));
#3081=CARTESIAN_POINT('',(-41.8835617274084,-8.9451835234532,11.818545426109));
#3082=CARTESIAN_POINT('',(-31.7272029935102,-8.94518352345323,32.590514277254));
#3083=CARTESIAN_POINT('Origin',(-32.9118091814389,-8.94518352345323,30.5320359121695));
#3084=CARTESIAN_POINT('',(-26.7892109997874,-8.94518352345324,39.7803984082553));
#3085=CARTESIAN_POINT('Origin',(-29.5450336999574,-8.94518352345323,36.3824481076729));
#3086=CARTESIAN_POINT('',(-27.137794554297,-8.94518352345324,43.1210180372351));
#3087=CARTESIAN_POINT('Origin',(-25.2931929625523,-8.94518352345324,41.625));
#3088=CARTESIAN_POINT('',(-26.4249181930353,-8.94518352345324,44.));
#3089=CARTESIAN_POINT('',(-32.8673889196652,-8.94518352345323,36.0563847083867));
#3090=CARTESIAN_POINT('',(17.8750000000002,-8.94518352345324,44.));
#3091=CARTESIAN_POINT('',(-5.20113345144326,-8.94518352345324,44.));
#3092=CARTESIAN_POINT('',(20.2500000000002,-8.94518352345324,41.625));
#3093=CARTESIAN_POINT('Origin',(17.8750000000002,-8.94518352345324,41.625));
#3094=CARTESIAN_POINT('',(24.625,-8.94518352345323,37.25));
#3095=CARTESIAN_POINT('Origin',(24.625,-8.94518352345324,41.625));
#3096=CARTESIAN_POINT('',(27.,-8.94518352345323,34.875));
#3097=CARTESIAN_POINT('Origin',(24.625,-8.94518352345323,34.875));
#3098=CARTESIAN_POINT('',(27.,-8.9451835234532,5.325));
#3099=CARTESIAN_POINT('',(27.,-8.9451835234532,7.22500002763075));
#3100=CARTESIAN_POINT('',(24.625,-8.9451835234532,2.95));
#3101=CARTESIAN_POINT('Origin',(24.625,-8.9451835234532,5.325));
#3102=CARTESIAN_POINT('',(20.25,-8.94518352345319,-1.425));
#3103=CARTESIAN_POINT('Origin',(24.625,-8.94518352345319,-1.425));
#3104=CARTESIAN_POINT('',(17.875,-8.94518352345319,-3.8));
#3105=CARTESIAN_POINT('Origin',(17.875,-8.94518352345319,-1.425));
#3106=CARTESIAN_POINT('',(7.61136654855671,-8.94518352345319,-3.79999999999999));
#3107=CARTESIAN_POINT('',(27.,-8.94518352345318,-5.69999999999999));
#3108=CARTESIAN_POINT('',(-29.1034004935879,-8.94518352345319,-5.7));
#3109=CARTESIAN_POINT('',(29.0000002785162,-8.94518352345319,-5.7));
#3110=CARTESIAN_POINT('',(-47.8045340842893,-8.94518352345317,-5.69999999999999));
#3111=CARTESIAN_POINT('',(29.,-8.94518352345319,46.));
#3112=CARTESIAN_POINT('',(29.,-8.94518352345317,-16.625));
#3113=CARTESIAN_POINT('',(-29.,-8.94518352345318,46.));
#3114=CARTESIAN_POINT('',(-5.20113345144327,-8.94518352345324,46.));
#3115=CARTESIAN_POINT('',(-29.,-8.94518352345317,44.));
#3116=CARTESIAN_POINT('',(-29.,-8.94518352345323,32.075));
#3117=CARTESIAN_POINT('',(-35.774653241046,-8.94518352345317,35.6468011474999));
#3118=CARTESIAN_POINT('',(-31.1444797842287,-8.94518352345324,41.3558401536632));
#3119=CARTESIAN_POINT('',(-49.8045340842893,-8.94518352345317,-4.99999999999999));
#3120=CARTESIAN_POINT('',(-36.8138957510774,-8.94518352345323,32.6359499420444));
#3121=CARTESIAN_POINT('',(-49.8045340842893,-8.94518352345317,-5.69999999999999));
#3122=CARTESIAN_POINT('',(-49.8045340842893,-8.9451835234532,7.57499999999999));
#3123=CARTESIAN_POINT('',(-47.8045340842893,-8.94518352345317,-5.69999999999999));
#3124=CARTESIAN_POINT('',(-47.8045340842893,-8.94518352345317,-5.69999999999999));
#3125=CARTESIAN_POINT('',(-29.1034004935879,-8.94518352345319,-5.7));
#3126=CARTESIAN_POINT('',(27.,-8.94518352345319,-1.425));
#3127=CARTESIAN_POINT('Origin',(24.625,-8.94518352345319,-1.425));
#3128=CARTESIAN_POINT('',(27.,-8.94518352345324,41.625));
#3129=CARTESIAN_POINT('Origin',(24.625,-8.94518352345324,41.625));
#3130=CARTESIAN_POINT('',(-41.5672812799441,-8.94518352345319,-1.425));
#3131=CARTESIAN_POINT('Origin',(-43.9422812799441,-8.94518352345319,-1.425));
#3132=CARTESIAN_POINT('',(-27.1700336999574,-8.94518352345324,36.3824481076729));
#3133=CARTESIAN_POINT('Origin',(-29.5450336999574,-8.94518352345323,36.3824481076729));
#3134=CARTESIAN_POINT('Origin',(25.625,11.,-3.8));
#3135=CARTESIAN_POINT('',(17.875,-7.44518352345319,-3.8));
#3136=CARTESIAN_POINT('',(17.875,-8.94518352345319,-3.8));
#3137=CARTESIAN_POINT('',(24.5925144212721,-0.661480491428309,-3.8));
#3138=CARTESIAN_POINT('Ctrl Pts',(17.875,-7.44518352345318,-3.8));
#3139=CARTESIAN_POINT('Ctrl Pts',(19.5543786053133,-7.44518352346015,-3.8));
#3140=CARTESIAN_POINT('Ctrl Pts',(24.5925144212721,-0.661480491428309,-3.8));
#3141=CARTESIAN_POINT('',(26.05,0.810365896908417,-3.8));
#3142=CARTESIAN_POINT('',(24.4045778201793,-0.851268858182625,-3.8));
#3143=CARTESIAN_POINT('',(26.05,2.50395581743695,-3.8));
#3144=CARTESIAN_POINT('',(26.05,6.75197790871848,-3.8));
#3145=CARTESIAN_POINT('',(27.,2.50395581743695,-3.8));
#3146=CARTESIAN_POINT('',(26.3124996982515,2.50395581743695,-3.8));
#3147=CARTESIAN_POINT('',(27.,6.4475,-3.8));
#3148=CARTESIAN_POINT('',(27.,11.,-3.8));
#3149=CARTESIAN_POINT('',(25.625,6.4475,-3.8));
#3150=CARTESIAN_POINT('',(13.3375002011656,6.4475,-3.8));
#3151=CARTESIAN_POINT('',(25.625,8.0525,-3.8));
#3152=CARTESIAN_POINT('',(25.625,11.,-3.8));
#3153=CARTESIAN_POINT('',(-26.2750000000001,8.0525,-3.8));
#3154=CARTESIAN_POINT('',(-13.3000000000001,8.0525,-3.8));
#3155=CARTESIAN_POINT('',(-26.2750000000001,6.4475,-3.8));
#3156=CARTESIAN_POINT('',(-26.2750000000001,11.,-3.8));
#3157=CARTESIAN_POINT('',(-27.6500000000001,6.4475,-3.8));
#3158=CARTESIAN_POINT('',(13.3375002011656,6.4475,-3.8));
#3159=CARTESIAN_POINT('',(-27.6500000000001,11.,-3.8));
#3160=CARTESIAN_POINT('',(-27.6500000000001,11.,-3.8));
#3161=CARTESIAN_POINT('',(-47.2745476128148,11.,-3.79999999999999));
#3162=CARTESIAN_POINT('',(8.29886668009335,11.,-3.8));
#3163=CARTESIAN_POINT('',(-47.2745476128148,0.911949186768848,-3.79999999999999));
#3164=CARTESIAN_POINT('',(-47.2745476128148,11.,-3.8));
#3165=CARTESIAN_POINT('',(-47.1651134396824,0.82123982860425,-3.79999999999999));
#3166=CARTESIAN_POINT('',(-27.0692897224626,-15.8360731386696,-3.79999999999999));
#3167=CARTESIAN_POINT('',(-47.1651134396824,2.50849014235547,-3.79999999999999));
#3168=CARTESIAN_POINT('',(-47.1651134396824,6.75424507117777,-3.79999999999999));
#3169=CARTESIAN_POINT('',(-46.1151134396824,2.50849014235547,-3.79999999999999));
#3170=CARTESIAN_POINT('',(-10.6181779386633,2.50849014235547,-3.79999999999999));
#3171=CARTESIAN_POINT('',(-46.1151134396824,-0.0490991463863955,-3.79999999999999));
#3172=CARTESIAN_POINT('',(-46.1151134396824,4.85424495086323,-3.79999999999999));
#3173=CARTESIAN_POINT('',(-41.3496209728804,-3.99918850722648,-3.79999999999999));
#3174=CARTESIAN_POINT('',(-27.0692897224626,-15.8360731386696,-3.79999999999999));
#3175=CARTESIAN_POINT('',(-37.1922812799441,-7.44518352345319,-3.8));
#3176=CARTESIAN_POINT('Ctrl Pts',(-41.3496209728804,-3.99918850722648,-3.79999999999999));
#3177=CARTESIAN_POINT('Ctrl Pts',(-38.5707265550199,-7.44518352345319,-3.79999999999999));
#3178=CARTESIAN_POINT('Ctrl Pts',(-37.1922812799441,-7.4451835234532,-3.79999999999999));
#3179=CARTESIAN_POINT('',(-37.1922812799441,-8.94518352345319,-3.79999999999999));
#3180=CARTESIAN_POINT('Origin',(-43.7276973716995,7.53165318913666,-51.3999988511205));
#3181=CARTESIAN_POINT('',(-46.1026973716995,7.53165318913666,-51.3999988511205));
#3182=CARTESIAN_POINT('Origin',(-43.7276973716995,7.53165318913666,-51.3999988511205));
#3183=CARTESIAN_POINT('',(-46.1026973716995,7.53165318913666,-52.8999988511205));
#3184=CARTESIAN_POINT('',(-46.1026973716995,7.53165318913666,-51.3999988511205));
#3185=CARTESIAN_POINT('Origin',(-43.7276973716995,7.53165318913666,-52.8999988511205));
#3186=CARTESIAN_POINT('Origin',(-43.7276973716995,7.53165318913666,-52.8999988511205));
#3187=CARTESIAN_POINT('Origin',(22.9231632874101,7.53165318913664,-51.3999988511205));
#3188=CARTESIAN_POINT('',(20.5481632874101,7.53165318913664,-51.3999988511205));
#3189=CARTESIAN_POINT('Origin',(22.9231632874101,7.53165318913664,-51.3999988511205));
#3190=CARTESIAN_POINT('',(20.5481632874101,7.53165318913664,-52.8999988511205));
#3191=CARTESIAN_POINT('',(20.5481632874101,7.53165318913664,-51.3999988511205));
#3192=CARTESIAN_POINT('Origin',(22.9231632874101,7.53165318913664,-52.8999988511205));
#3193=CARTESIAN_POINT('Origin',(22.9231632874101,7.53165318913664,-52.8999988511205));
#3194=CARTESIAN_POINT('Origin',(-47.7147075883881,-1.29150997795874,-5.73022995574311));
#3195=CARTESIAN_POINT('',(-47.7045340842893,-1.29150997795874,-5.7));
#3196=CARTESIAN_POINT('',(-46.7545340842893,-1.29151009827353,-5.7));
#3197=CARTESIAN_POINT('',(-47.759621614681,-1.29150997098206,-5.7));
#3198=CARTESIAN_POINT('',(-46.160206877837,-1.29150997795874,-1.11112455938392));
#3199=CARTESIAN_POINT('',(-47.7147075883881,-1.29150997795874,-5.73022995574311));
#3200=CARTESIAN_POINT('',(-45.4493142234211,-1.29151004639611,-0.604451298103982));
#3201=CARTESIAN_POINT('',(-45.429156130549,-1.29151004833672,-0.590084056308389));
#3202=CARTESIAN_POINT('',(-45.1108620100995,-1.29151009827353,-0.815927258055837));
#3203=CARTESIAN_POINT('Origin',(-41.7399168565725,-1.29151027920301,4.95560270518415));
#3204=CARTESIAN_POINT('',(-46.8613558773266,-1.29151009827353,-6.01741453530274));
#3205=CARTESIAN_POINT('Origin',(-47.8045340842893,-1.29150997795874,-5.69999999999999));
#3206=CARTESIAN_POINT('',(-47.8045340842893,-1.29150997795874,-5.69999999999999));
#3207=CARTESIAN_POINT('',(-47.8045340842893,-1.29150997795874,-5.7));
#3208=CARTESIAN_POINT('',(-46.2917615085079,-1.29150997795874,-1.2048872471863));
#3209=CARTESIAN_POINT('',(-47.8045340842893,-1.29150997795874,-5.69999999999999));
#3210=CARTESIAN_POINT('',(-45.4517961177373,-1.29150997795874,-0.60622027288069));
#3211=CARTESIAN_POINT('Origin',(-47.8045340842893,2.50849014235547,-5.69999999999999));
#3212=CARTESIAN_POINT('',(-47.1305818905228,0.911949186768848,-3.69739157789681));
#3213=CARTESIAN_POINT('',(-45.8665340230941,-2.40852074679407,0.0586506587301746));
#3214=CARTESIAN_POINT('',(-47.8045340842893,2.50849014235547,-5.69999999999999));
#3215=CARTESIAN_POINT('',(-47.8045340842893,11.,-5.7));
#3216=CARTESIAN_POINT('',(-47.8045340842893,2.50849014235547,-5.69999999999999));
#3217=CARTESIAN_POINT('',(-48.817434260453,-3.51916669186173,-8.70977197239917));
#3218=CARTESIAN_POINT('Origin',(-46.8613558773266,-1.29151009827353,-6.01741453530274));
#3219=CARTESIAN_POINT('',(-46.7545340842893,2.50849014235547,-5.7));
#3220=CARTESIAN_POINT('',(-46.7545340842893,4.85424495086323,-5.7));
#3221=CARTESIAN_POINT('',(-45.4084600253439,0.0167217599456522,-1.70022186714247));
#3222=CARTESIAN_POINT('Ctrl Pts',(-45.4084600253439,0.0167217599456522,
-1.70022186714247));
#3223=CARTESIAN_POINT('Ctrl Pts',(-45.2501183482944,-0.680914387024648,
-1.22971909415329));
#3224=CARTESIAN_POINT('Ctrl Pts',(-45.1108620100995,-1.29151009827353,-0.815927258055837));
#3225=CARTESIAN_POINT('',(-45.7492582684786,0.911949186768848,-2.7128833559718));
#3226=CARTESIAN_POINT('',(-44.4443077842247,-2.51596597325383,1.1646985472631));
#3227=CARTESIAN_POINT('',(-47.9918700352927,-4.97906581055731,-9.37666938303513));
#3228=CARTESIAN_POINT('',(-46.8613558773266,2.50849014235547,-6.01741453530274));
#3229=CARTESIAN_POINT('Origin',(-46.8613558773266,2.50849014235547,-6.01741453530274));
#3230=CARTESIAN_POINT('',(-47.3329449808079,2.50849014235547,-5.7));
#3231=CARTESIAN_POINT('Origin',(-47.8045340842893,11.,-5.7));
#3232=CARTESIAN_POINT('',(-47.8045340842893,11.,-5.7));
#3233=CARTESIAN_POINT('',(-47.8045340842893,11.5084899017265,-5.7));
#3234=CARTESIAN_POINT('',(-47.8045340842893,11.,-5.7));
#3235=CARTESIAN_POINT('',(26.9,11.5084899017265,-5.7));
#3236=CARTESIAN_POINT('',(-29.103400563217,11.5084899017265,-5.7));
#3237=CARTESIAN_POINT('',(26.9,11.,-5.7));
#3238=CARTESIAN_POINT('',(26.9,11.,-5.7));
#3239=CARTESIAN_POINT('',(27.,11.,-5.69999994473847));
#3240=CARTESIAN_POINT('',(8.248866755241,11.,-5.70001030690114));
#3241=CARTESIAN_POINT('',(26.999999396503,2.50395581743695,-5.7));
#3242=CARTESIAN_POINT('',(27.,11.,-5.7));
#3243=CARTESIAN_POINT('',(26.05,2.50395581743695,-5.7));
#3244=CARTESIAN_POINT('',(-10.4022673438931,2.50395581743695,-5.7));
#3245=CARTESIAN_POINT('',(26.05,-1.29604418256305,-5.7));
#3246=CARTESIAN_POINT('',(26.05,6.75197790871848,-5.7));
#3247=CARTESIAN_POINT('',(26.999999396503,-1.29604418256305,-5.7));
#3248=CARTESIAN_POINT('',(-10.8772670421446,-1.29604418256304,-5.7));
#3249=CARTESIAN_POINT('',(27.,11.,-5.7));
#3250=CARTESIAN_POINT('',(25.2981632874101,7.53165318913664,-5.7));
#3251=CARTESIAN_POINT('Origin',(22.9231632874101,7.53165318913664,-5.7));
#3252=CARTESIAN_POINT('',(-41.3526973716995,7.53165318913665,-5.69999999999999));
#3253=CARTESIAN_POINT('Origin',(-43.7276973716995,7.53165318913665,-5.7));
#3254=CARTESIAN_POINT('Origin',(-41.7399162638536,-7.44518352345319,4.95560250571219));
#3255=CARTESIAN_POINT('',(-45.341384478786,-3.99918850722653,1.80068174295206));
#3256=CARTESIAN_POINT('Ctrl Pts',(-45.341384478786,-3.99918850722653,1.80068174295206));
#3257=CARTESIAN_POINT('Ctrl Pts',(-45.469489046163,-2.82778004982145,0.702137626540268));
#3258=CARTESIAN_POINT('Ctrl Pts',(-45.4493142234211,-1.29151004639611,-0.604451298103982));
#3259=CARTESIAN_POINT('',(-43.984943071419,-7.4451835234532,5.73050871507737));
#3260=CARTESIAN_POINT('Ctrl Pts',(-43.984943071419,-7.44518352345321,5.73050871507737));
#3261=CARTESIAN_POINT('Ctrl Pts',(-44.4346970937037,-7.4451835234532,4.4274996223165));
#3262=CARTESIAN_POINT('Ctrl Pts',(-45.341384478786,-3.99918850722653,1.80068174295206));
#3263=CARTESIAN_POINT('',(-42.5148224732188,-7.4451835234532,2.71057569814679));
#3264=CARTESIAN_POINT('Origin',(-41.7399162638536,-7.4451835234532,4.95560250571219));
#3265=CARTESIAN_POINT('',(-43.9422812799441,-1.19703599395646,-1.425));
#3266=CARTESIAN_POINT('',(-42.5148224732188,-7.44518352345319,2.71057569814678));
#3267=CARTESIAN_POINT('',(-45.3569843468564,0.911949186768856,-2.43329869172622));
#3268=CARTESIAN_POINT('Ctrl Pts',(-43.9422812799441,-1.19703599395645,-1.425));
#3269=CARTESIAN_POINT('Ctrl Pts',(-44.4075692558534,-0.532535898600463,
-1.75662383567122));
#3270=CARTESIAN_POINT('Ctrl Pts',(-44.8771724697649,0.172013994096063,-2.0913232629163));
#3271=CARTESIAN_POINT('Ctrl Pts',(-45.3569843471032,0.911949187149312,-2.43329869190206));
#3272=CARTESIAN_POINT('Ctrl Pts',(-45.4084600253439,0.0167217599456522,
-1.70022186714247));
#3273=CARTESIAN_POINT('Ctrl Pts',(-45.3876760878608,0.452145726299918,-2.05980966044048));
#3274=CARTESIAN_POINT('Ctrl Pts',(-45.3569843468609,0.911949186701954,-2.43329869167187));
#3275=CARTESIAN_POINT('Origin',(-43.984943071419,-7.44518352345319,5.73050871507737));
#3276=CARTESIAN_POINT('',(-47.2745476128147,0.911949186768848,-3.79999999999997));
#3277=CARTESIAN_POINT('',(-46.5954117086058,-0.813373358336434,-1.83243503213335));
#3278=CARTESIAN_POINT('Origin',(-50.5641521542104,-7.44518352345319,-13.3305087150774));
#3279=CARTESIAN_POINT('Origin',(26.999999396503,2.50395581743695,-5.7));
#3280=CARTESIAN_POINT('',(26.05,2.50395581743695,-5.7));
#3281=CARTESIAN_POINT('',(26.999999396503,2.50395581743695,-5.7));
#3282=CARTESIAN_POINT('Origin',(26.05,2.50395581743695,-5.7));
#3283=CARTESIAN_POINT('',(26.05,1.18407071016543,-3.42994142572254));
#3284=CARTESIAN_POINT('',(26.05,-1.3211854940261,-5.91075383764419));
#3285=CARTESIAN_POINT('',(26.0500000002187,1.01411970999239,-2.8500000004375));
#3286=CARTESIAN_POINT('Ctrl Pts',(26.0500000002187,1.01411970999239,-2.8500000004375));
#3287=CARTESIAN_POINT('Ctrl Pts',(26.0500000000209,1.08472738058239,-3.13790635845332));
#3288=CARTESIAN_POINT('Ctrl Pts',(26.05,1.18407071016543,-3.42994142572254));
#3289=CARTESIAN_POINT('',(26.05,-1.29604418256305,-1.20192702219102));
#3290=CARTESIAN_POINT('Ctrl Pts',(26.05,-1.29604418256305,-1.20192702219102));
#3291=CARTESIAN_POINT('Ctrl Pts',(26.0500000002187,-0.270445897842337,-1.93697480589538));
#3292=CARTESIAN_POINT('Ctrl Pts',(26.0500000002187,1.01411970999239,-2.8500000004375));
#3293=CARTESIAN_POINT('',(26.05,-1.29604418256305,-5.7));
#3294=CARTESIAN_POINT('Origin',(26.05,-1.29604418256305,-5.7));
#3295=CARTESIAN_POINT('',(26.999999396503,-1.29604418256305,-0.919259701487262));
#3296=CARTESIAN_POINT('Origin',(24.625,-1.29604418256305,5.325));
#3297=CARTESIAN_POINT('',(26.999999396503,-1.29604418256305,-5.7));
#3298=CARTESIAN_POINT('Origin',(-43.7276973716995,7.53165318913665,-5.69999999999999));
#3299=CARTESIAN_POINT('',(-41.3526973716995,7.53165318913665,-4.19999999999999));
#3300=CARTESIAN_POINT('',(-41.3526973716995,7.53165318913665,-5.69999999999999));
#3301=CARTESIAN_POINT('Origin',(-43.7276973716995,7.53165318913665,-4.19999999999999));
#3302=CARTESIAN_POINT('Origin',(-43.7276973716995,7.53165318913665,-4.19999999999999));
#3303=CARTESIAN_POINT('Origin',(22.9231632874101,7.53165318913664,-5.7));
#3304=CARTESIAN_POINT('',(25.2981632874101,7.53165318913664,-4.2));
#3305=CARTESIAN_POINT('',(25.2981632874101,7.53165318913664,-5.7));
#3306=CARTESIAN_POINT('Origin',(22.9231632874101,7.53165318913664,-4.2));
#3307=CARTESIAN_POINT('Origin',(22.9231632874101,7.53165318913664,-4.2));
#3308=CARTESIAN_POINT('Origin',(-37.1922812799441,-7.44518352345319,-1.425));
#3309=CARTESIAN_POINT('',(-43.7337596825238,-1.19703599395646,-3.08980038100173));
#3310=CARTESIAN_POINT('Ctrl Pts',(-41.3496209728804,-3.99918850722648,-3.79999999999999));
#3311=CARTESIAN_POINT('Ctrl Pts',(-42.4629382975258,-2.79189229946338,-3.55539397515275));
#3312=CARTESIAN_POINT('Ctrl Pts',(-43.7337596823179,-1.19703599421477,-3.08980038107714));
#3313=CARTESIAN_POINT('Ctrl Pts',(-43.7337596825199,-1.19703599396151,-3.08980038100333));
#3314=CARTESIAN_POINT('Ctrl Pts',(-44.5155668181786,-0.215883131154218,
-2.80336800070852));
#3315=CARTESIAN_POINT('Ctrl Pts',(-45.3569843468066,0.911949186701927,-2.4332986917482));
#3316=CARTESIAN_POINT('',(-39.5672812799441,-7.44518352345319,-1.425));
#3317=CARTESIAN_POINT('',(-39.5672812799441,-7.44518352345319,-1.42499999999999));
#3318=CARTESIAN_POINT('Origin',(-37.1922812799441,-7.44518352345319,-1.425));
#3319=CARTESIAN_POINT('Origin',(-50.5641521542104,-7.44518352345319,-13.3305087150774));
#3320=CARTESIAN_POINT('',(-47.2745476128147,0.911949186768848,-3.79999999999997));
#3321=CARTESIAN_POINT('Origin',(-43.984943071419,-7.44518352345319,5.73050871507737));
#3322=CARTESIAN_POINT('Origin',(-43.9422812799441,-7.44518352345319,-1.425));
#3323=CARTESIAN_POINT('Origin',(-43.9422812799441,-7.44518352345319,-1.425));
#3324=CARTESIAN_POINT('Origin',(-47.2745476128148,-7.44518352345319,-3.8));
#3325=CARTESIAN_POINT('',(-41.5672812799441,-7.44518352345319,-1.425));
#3326=CARTESIAN_POINT('Origin',(-43.9422812799441,-7.44518352345319,-1.425));
#3327=CARTESIAN_POINT('Origin',(-47.8045340842893,11.,-5.33545528701084));
#3328=CARTESIAN_POINT('',(-33.9991669797106,11.,34.6608937723817));
#3329=CARTESIAN_POINT('',(-45.7156882768562,11.,0.716263976407544));
#3330=CARTESIAN_POINT('',(-33.9991669879974,-4.739359125261,34.6608937576491));
#3331=CARTESIAN_POINT('',(-33.9991669797106,11.,34.6608937723817));
#3332=CARTESIAN_POINT('',(-35.1568359890043,-7.44518352345323,31.3069421215346));
#3333=CARTESIAN_POINT('Ctrl Pts',(-33.9991669879974,-4.739359125261,34.6608937576491));
#3334=CARTESIAN_POINT('Ctrl Pts',(-34.7430491736282,-7.44518352145675,32.5057484920311));
#3335=CARTESIAN_POINT('Ctrl Pts',(-35.1568359890043,-7.44518352345318,31.3069421215346));
#3336=CARTESIAN_POINT('',(-35.1568359890043,-8.94518352345323,31.3069421215346));
#3337=CARTESIAN_POINT('',(-43.984943071419,-8.9451835234532,5.73050871507736));
#3338=CARTESIAN_POINT('',(-42.619199609472,0.777408238273414,9.68728522205614));
#3339=CARTESIAN_POINT('Origin',(-44.1690120282024,0.777408238273414,5.19723160692536));
#3340=CARTESIAN_POINT('Origin',(-32.9118091814389,-7.44518352345319,30.5320359121695));
#3341=CARTESIAN_POINT('',(-31.9314071731469,-1.19703597353346,37.2104573041038));
#3342=CARTESIAN_POINT('Ctrl Pts',(-31.9314071731469,-1.19703597353346,37.2104573041038));
#3343=CARTESIAN_POINT('Ctrl Pts',(-33.1979985047748,-3.66647756795159,35.6487405767553));
#3344=CARTESIAN_POINT('Ctrl Pts',(-33.9991669879974,-4.739359125261,34.6608937576491));
#3345=CARTESIAN_POINT('',(-31.508996859672,-0.362060875770628,37.7312924258757));
#3346=CARTESIAN_POINT('Ctrl Pts',(-31.9314071794512,-1.19703596540183,37.2104572963305));
#3347=CARTESIAN_POINT('Ctrl Pts',(-31.7916647241653,-0.924583576860724,
37.3827608040684));
#3348=CARTESIAN_POINT('Ctrl Pts',(-31.6509477520456,-0.646183433642587,
37.556265898457));
#3349=CARTESIAN_POINT('Ctrl Pts',(-31.5089968578457,-0.362060872106813,
37.7312924281335));
#3350=CARTESIAN_POINT('',(-29.5450336999574,-1.19703599395643,36.3824481076729));
#3351=CARTESIAN_POINT('Ctrl Pts',(-29.5450336999574,-1.19703599395642,36.3824481076729));
#3352=CARTESIAN_POINT('Ctrl Pts',(-29.9734273297543,-1.13800580345884,36.6766676354922));
#3353=CARTESIAN_POINT('Ctrl Pts',(-30.3648133963286,-1.00126589045164,36.9454704740338));
#3354=CARTESIAN_POINT('Ctrl Pts',(-31.0032294629045,-0.688627883182955,
37.3839328147304));
#3355=CARTESIAN_POINT('Ctrl Pts',(-31.2591789998754,-0.534334386172817,
37.5597182295342));
#3356=CARTESIAN_POINT('Ctrl Pts',(-31.5089968596719,-0.362060875770709,
37.7312924258756));
#3357=CARTESIAN_POINT('',(-31.1881486379775,-5.90172346756419,33.5272236577857));
#3358=CARTESIAN_POINT('Ctrl Pts',(-31.1881486379775,-5.90172346756419,33.5272236577857));
#3359=CARTESIAN_POINT('Ctrl Pts',(-30.6404436586375,-4.33349430969494,34.4789651410814));
#3360=CARTESIAN_POINT('Ctrl Pts',(-30.0927386792974,-2.76526515182568,35.4307066243772));
#3361=CARTESIAN_POINT('Ctrl Pts',(-29.5450336999574,-1.19703599395643,36.3824481076729));
#3362=CARTESIAN_POINT('',(-31.7272029935102,-7.44518352345323,32.590514277254));
#3363=CARTESIAN_POINT('',(-31.7272029935102,-7.44518352345319,32.590514277254));
#3364=CARTESIAN_POINT('Origin',(-32.9118091814389,-7.44518352345323,30.5320359121695));
#3365=CARTESIAN_POINT('Ctrl Pts',(-27.4699731358836,-5.90172346756419,38.9410135288033));
#3366=CARTESIAN_POINT('Ctrl Pts',(-28.1616599905749,-4.33349430969494,38.0881583884265));
#3367=CARTESIAN_POINT('Ctrl Pts',(-28.8533468452661,-2.76526515182568,37.2353032480497));
#3368=CARTESIAN_POINT('Ctrl Pts',(-29.5450336999574,-1.19703599395643,36.3824481076729));
#3369=CARTESIAN_POINT('Ctrl Pts',(-27.1066132767421,-5.90172346756419,38.6463195928792));
#3370=CARTESIAN_POINT('Ctrl Pts',(-27.9178916180351,-4.33349430969493,37.8926587997787));
#3371=CARTESIAN_POINT('Ctrl Pts',(-28.7337553586644,-2.76526515182568,37.1361089007734));
#3372=CARTESIAN_POINT('Ctrl Pts',(-29.5450336999574,-1.19703599395643,36.3824481076729));
#3373=CARTESIAN_POINT('Ctrl Pts',(-26.1982901220173,-5.90172346756419,37.530678214368));
#3374=CARTESIAN_POINT('Ctrl Pts',(-27.3146868881778,-4.33349430969494,37.1472538476396));
#3375=CARTESIAN_POINT('Ctrl Pts',(-28.4286369337969,-2.76526515182568,36.7658724744012));
#3376=CARTESIAN_POINT('Ctrl Pts',(-29.5450336999574,-1.19703599395643,36.3824481076729));
#3377=CARTESIAN_POINT('Ctrl Pts',(-26.1014369502892,-5.90172346756419,34.9733467539756));
#3378=CARTESIAN_POINT('Ctrl Pts',(-27.2485107510018,-4.33349430969493,35.4436610817804));
#3379=CARTESIAN_POINT('Ctrl Pts',(-28.3979598992448,-2.76526515182569,35.9121337798681));
#3380=CARTESIAN_POINT('Ctrl Pts',(-29.5450336999574,-1.19703599395643,36.3824481076729));
#3381=CARTESIAN_POINT('Ctrl Pts',(-28.3404566152929,-5.90172346756419,32.8630140452638));
#3382=CARTESIAN_POINT('Ctrl Pts',(-28.7429353215227,-4.33349430969494,34.0359485851685));
#3383=CARTESIAN_POINT('Ctrl Pts',(-29.1425549937275,-2.76526515182568,35.2095135677681));
#3384=CARTESIAN_POINT('Ctrl Pts',(-29.5450336999574,-1.19703599395643,36.3824481076729));
#3385=CARTESIAN_POINT('Ctrl Pts',(-30.3771676520231,-5.90172346756419,33.0605230547825));
#3386=CARTESIAN_POINT('Ctrl Pts',(-30.0978663634389,-4.33349430969493,34.1692725287098));
#3387=CARTESIAN_POINT('Ctrl Pts',(-29.8243349885416,-2.76526515182569,35.2736986337455));
#3388=CARTESIAN_POINT('Ctrl Pts',(-29.5450336999574,-1.19703599395643,36.3824481076729));
#3389=CARTESIAN_POINT('Ctrl Pts',(-31.1881486379775,-5.90172346756419,33.5272236577857));
#3390=CARTESIAN_POINT('Ctrl Pts',(-30.6404436586375,-4.33349430969494,34.4789651410814));
#3391=CARTESIAN_POINT('Ctrl Pts',(-30.0927386792974,-2.76526515182568,35.4307066243772));
#3392=CARTESIAN_POINT('Ctrl Pts',(-29.5450336999574,-1.19703599395643,36.3824481076729));
#3393=CARTESIAN_POINT('',(-27.4699731358836,-5.90172346756419,38.9410135288033));
#3394=CARTESIAN_POINT('',(-27.4699731358836,-5.90172346756419,38.9410135288033));
#3395=CARTESIAN_POINT('Origin',(-29.5450336999574,-5.90172346756419,36.3824481076729));
#3396=CARTESIAN_POINT('Origin',(-29.5450336999574,-7.44518352345319,36.3824481076729));
#3397=CARTESIAN_POINT('',(-26.7892109997874,-7.44518352345324,39.7803984082553));
#3398=CARTESIAN_POINT('',(-26.7892109997874,-7.44518352345319,39.7803984082553));
#3399=CARTESIAN_POINT('Origin',(-29.5450336999574,-7.44518352345323,36.3824481076729));
#3400=CARTESIAN_POINT('Origin',(-25.2931929625523,-7.44518352345319,41.625));
#3401=CARTESIAN_POINT('',(-27.137794554297,-7.44518352345324,43.1210180372351));
#3402=CARTESIAN_POINT('',(-28.7190288750979,-5.90172346183479,41.1713441212299));
#3403=CARTESIAN_POINT('Ctrl Pts',(-27.137794554297,-7.44518352345319,43.1210180372351));
#3404=CARTESIAN_POINT('Ctrl Pts',(-27.7818688896902,-7.44518352622726,42.3268694944382));
#3405=CARTESIAN_POINT('Ctrl Pts',(-28.7190288750979,-5.90172346183479,41.1713441212299));
#3406=CARTESIAN_POINT('Origin',(-25.2931929625523,-7.44518352345324,41.625));
#3407=CARTESIAN_POINT('',(-31.1177543145766,-1.19703599330058,38.2136974527456));
#3408=CARTESIAN_POINT('Ctrl Pts',(-31.1177543143782,-1.19703599306559,38.2136974529901));
#3409=CARTESIAN_POINT('Ctrl Pts',(-31.2454901728299,-0.925945351296633,
38.0561981702553));
#3410=CARTESIAN_POINT('Ctrl Pts',(-31.3746197935205,-0.650287875655918,
37.896980368104));
#3411=CARTESIAN_POINT('Ctrl Pts',(-31.5065046145539,-0.367406875934229,
37.7343653830235));
#3412=CARTESIAN_POINT('Ctrl Pts',(-31.5077507006629,-0.364734013976265,
37.7328289493958));
#3413=CARTESIAN_POINT('Ctrl Pts',(-31.5089968596744,-0.362060875770017,
37.7312924258787));
#3414=CARTESIAN_POINT('Ctrl Pts',(-28.7190288750979,-5.90172346183479,41.1713441212299));
#3415=CARTESIAN_POINT('Ctrl Pts',(-29.5312556432536,-4.56402274908046,40.1698623528906));
#3416=CARTESIAN_POINT('Ctrl Pts',(-31.1177543145766,-1.19703599330058,38.2136974527456));
#3417=CARTESIAN_POINT('Origin',(-31.3896352917021,-7.44518352345319,37.5282131518389));
#3418=CARTESIAN_POINT('',(-27.1700336999574,-7.44518352345323,36.3824481076729));
#3419=CARTESIAN_POINT('Origin',(-29.5450336999574,-7.44518352345323,36.3824481076729));
#3420=CARTESIAN_POINT('Origin',(24.625,-7.44518352345319,34.875));
#3421=CARTESIAN_POINT('',(27.,-7.44518352345323,34.875));
#3422=CARTESIAN_POINT('',(27.,-0.661480491427955,41.5925144212724));
#3423=CARTESIAN_POINT('Ctrl Pts',(27.,-7.44518352345319,34.875));
#3424=CARTESIAN_POINT('Ctrl Pts',(27.,-7.44518352346017,36.5543786053133));
#3425=CARTESIAN_POINT('Ctrl Pts',(27.,-0.661480491428103,41.5925144212723));
#3426=CARTESIAN_POINT('',(24.625,-7.44518352345323,37.25));
#3427=CARTESIAN_POINT('Origin',(24.625,-7.44518352345323,34.875));
#3428=CARTESIAN_POINT('',(24.625,-1.19703599395681,41.625));
#3429=CARTESIAN_POINT('',(24.625,-7.44518352345319,37.25));
#3430=CARTESIAN_POINT('',(26.5007545670627,1.76972638000372,43.500754567059));
#3431=CARTESIAN_POINT('Ctrl Pts',(24.625,-1.1970359939567,41.6249999999998));
#3432=CARTESIAN_POINT('Ctrl Pts',(25.2505106006902,-0.303714276385028,42.25051060069));
#3433=CARTESIAN_POINT('Ctrl Pts',(25.8676342466053,0.694051889777141,42.867634246605));
#3434=CARTESIAN_POINT('Ctrl Pts',(26.5007545682449,1.76972638201719,43.5007545682446));
#3435=CARTESIAN_POINT('Ctrl Pts',(27.,-0.661480491428107,41.5925144212723));
#3436=CARTESIAN_POINT('Ctrl Pts',(26.793657501639,0.46670961594078,42.5033542760315));
#3437=CARTESIAN_POINT('Ctrl Pts',(26.5007545670858,1.76972637990458,43.5007545669829));
#3438=CARTESIAN_POINT('Origin',(27.0000000000001,-7.44518352345319,44.));
#3439=CARTESIAN_POINT('',(27.,-7.44518352345324,41.625));
#3440=CARTESIAN_POINT('Origin',(24.625,-7.44518352345324,41.625));
#3441=CARTESIAN_POINT('Origin',(17.8750000000002,-7.44518352345319,41.625));
#3442=CARTESIAN_POINT('',(24.5925144212934,-0.661480491407848,44.));
#3443=CARTESIAN_POINT('',(17.8750000000002,-7.44518352345324,44.));
#3444=CARTESIAN_POINT('Ctrl Pts',(24.5925144212934,-0.661480491407848,44.));
#3445=CARTESIAN_POINT('Ctrl Pts',(19.5543786053187,-7.44518352346301,44.));
#3446=CARTESIAN_POINT('Ctrl Pts',(17.8750000000002,-7.4451835234532,44.));
#3447=CARTESIAN_POINT('Ctrl Pts',(24.5925144212934,-0.661480491407848,44.));
#3448=CARTESIAN_POINT('Ctrl Pts',(25.5033542760446,0.466709615953293,43.7936575016368));
#3449=CARTESIAN_POINT('Ctrl Pts',(26.500754566986,1.7697263799052,43.5007545670834));
#3450=CARTESIAN_POINT('',(20.2500000000002,-7.44518352345324,41.625));
#3451=CARTESIAN_POINT('',(20.2500000000002,-7.44518352345319,41.625));
#3452=CARTESIAN_POINT('Origin',(17.8750000000002,-7.44518352345324,41.625));
#3453=CARTESIAN_POINT('Origin',(27.0000000000002,-7.44518352345319,53.1249999999999));
#3454=CARTESIAN_POINT('',(27.0000000000025,1.76972638000606,44.));
#3455=CARTESIAN_POINT('',(17.5701539784085,-7.75303323560625,44.));
#3456=CARTESIAN_POINT('',(27.0000000000013,1.76972638000606,43.9999999999988));
#3457=CARTESIAN_POINT('Origin',(24.625,-7.44518352345319,41.625));
#3458=CARTESIAN_POINT('Origin',(24.625,-7.44518352345324,41.625));
#3459=CARTESIAN_POINT('Origin',(27.,-7.44518352345319,34.875));
#3460=CARTESIAN_POINT('',(27.,-12.9319381440062,29.4417796606739));
#3461=CARTESIAN_POINT('Origin',(4.44089209850063E-15,0.,44.));
#3462=CARTESIAN_POINT('',(17.8750000000002,-8.94518352345324,44.));
#3463=CARTESIAN_POINT('',(-26.4249181930353,4.09657271540092,44.));
#3464=CARTESIAN_POINT('',(-26.4249181930353,11.,44.));
#3465=CARTESIAN_POINT('',(-23.2386812469062,6.4475,44.));
#3466=CARTESIAN_POINT('Origin',(-25.,5.5,44.));
#3467=CARTESIAN_POINT('',(-2.76131875309383,6.4475,44.));
#3468=CARTESIAN_POINT('',(-0.162500000000023,6.4475,44.));
#3469=CARTESIAN_POINT('',(-3.,5.50000000000001,44.));
#3470=CARTESIAN_POINT('Origin',(-1.,5.50000000000001,44.));
#3471=CARTESIAN_POINT('',(0.761318753093829,6.4475,44.));
#3472=CARTESIAN_POINT('Origin',(-1.,5.50000000000001,44.));
#3473=CARTESIAN_POINT('',(27.,6.4475,44.));
#3474=CARTESIAN_POINT('',(-0.162500000000023,6.4475,44.));
#3475=CARTESIAN_POINT('',(27.,11.,44.));
#3476=CARTESIAN_POINT('Origin',(24.625,-7.44518352345319,5.325));
#3477=CARTESIAN_POINT('',(24.625,-1.19703599395645,-1.425));
#3478=CARTESIAN_POINT('Ctrl Pts',(24.625,-1.19703599395644,-1.42499999999999));
#3479=CARTESIAN_POINT('Ctrl Pts',(25.1013489819276,-0.516739144902846,-1.90134898192764));
#3480=CARTESIAN_POINT('Ctrl Pts',(25.5722653683033,0.224816760620009,-2.37226536830325));
#3481=CARTESIAN_POINT('Ctrl Pts',(26.0500000004375,1.01411970999239,-2.8500000004375));
#3482=CARTESIAN_POINT('',(24.625,-7.4451835234532,2.95));
#3483=CARTESIAN_POINT('',(24.625,-7.44518352345319,2.95));
#3484=CARTESIAN_POINT('',(27.,-7.4451835234532,5.325));
#3485=CARTESIAN_POINT('Origin',(24.625,-7.4451835234532,5.325));
#3486=CARTESIAN_POINT('Ctrl Pts',(27.,-1.29604407242198,-0.919259554464968));
#3487=CARTESIAN_POINT('Ctrl Pts',(27.,-7.44518352346267,3.68733981323863));
#3488=CARTESIAN_POINT('Ctrl Pts',(27.,-7.44518352345323,5.325));
#3489=CARTESIAN_POINT('Origin',(17.875,-7.44518352345319,-3.8));
#3490=CARTESIAN_POINT('Ctrl Pts',(24.5925144212721,-0.661480491428309,-3.8));
#3491=CARTESIAN_POINT('Ctrl Pts',(25.2954779212764,0.209228516749487,-3.64075000222093));
#3492=CARTESIAN_POINT('Ctrl Pts',(26.05,1.18407071016543,-3.42994142572254));
#3493=CARTESIAN_POINT('Origin',(24.625,-7.44518352345319,-1.425));
#3494=CARTESIAN_POINT('',(20.25,-7.44518352345319,-1.425));
#3495=CARTESIAN_POINT('',(20.25,-7.44518352345319,-1.425));
#3496=CARTESIAN_POINT('Origin',(24.625,-7.44518352345319,-1.425));
#3497=CARTESIAN_POINT('Origin',(17.875,-7.44518352345319,-1.425));
#3498=CARTESIAN_POINT('Origin',(17.875,-7.44518352345319,-1.425));
#3499=CARTESIAN_POINT('Origin',(27.,-7.44518352345319,-3.79999999999999));
#3500=CARTESIAN_POINT('',(27.,-7.44518352345319,-1.425));
#3501=CARTESIAN_POINT('Origin',(24.625,-7.44518352345319,-1.425));
#3502=CARTESIAN_POINT('Origin',(-32.9118091814389,-8.94518352345323,30.5320359121695));
#3503=CARTESIAN_POINT('',(-31.7272029935102,-8.94518352345323,32.590514277254));
#3504=CARTESIAN_POINT('Origin',(-29.5450336999574,-8.94518352345323,36.3824481076729));
#3505=CARTESIAN_POINT('',(-26.7892109997874,-8.94518352345324,39.7803984082553));
#3506=CARTESIAN_POINT('Origin',(-25.2931929625523,-8.94518352345324,41.625));
#3507=CARTESIAN_POINT('',(-27.137794554297,-8.94518352345324,43.1210180372351));
#3508=CARTESIAN_POINT('Origin',(-29.5450336999574,-8.94518352345323,36.3824481076729));
#3509=CARTESIAN_POINT('',(-27.1700336999574,-8.94518352345323,36.3824481076729));
#3510=CARTESIAN_POINT('Origin',(-37.1922812799441,-8.94518352345319,-1.425));
#3511=CARTESIAN_POINT('',(-39.5672812799441,-8.94518352345319,-1.425));
#3512=CARTESIAN_POINT('Origin',(-43.9422812799441,-8.94518352345319,-1.425));
#3513=CARTESIAN_POINT('',(-42.5148224732188,-8.9451835234532,2.71057569814679));
#3514=CARTESIAN_POINT('Origin',(-41.7399162638536,-8.9451835234532,4.95560250571219));
#3515=CARTESIAN_POINT('Origin',(-43.9422812799441,-8.94518352345319,-1.425));
#3516=CARTESIAN_POINT('',(-41.5672812799441,-8.94518352345319,-1.425));
#3517=CARTESIAN_POINT('Origin',(17.8750000000002,-8.94518352345324,41.625));
#3518=CARTESIAN_POINT('',(20.2500000000002,-8.94518352345324,41.625));
#3519=CARTESIAN_POINT('Origin',(24.625,-8.94518352345324,41.625));
#3520=CARTESIAN_POINT('',(24.625,-8.94518352345323,37.25));
#3521=CARTESIAN_POINT('Origin',(24.625,-8.94518352345323,34.875));
#3522=CARTESIAN_POINT('',(27.,-8.94518352345323,34.875));
#3523=CARTESIAN_POINT('Origin',(24.625,-8.94518352345324,41.625));
#3524=CARTESIAN_POINT('',(27.,-8.94518352345324,41.625));
#3525=CARTESIAN_POINT('Origin',(24.625,-8.94518352345319,-1.425));
#3526=CARTESIAN_POINT('',(27.,-8.94518352345319,-1.425));
#3527=CARTESIAN_POINT('Origin',(24.625,-8.9451835234532,5.325));
#3528=CARTESIAN_POINT('',(27.,-8.9451835234532,5.325));
#3529=CARTESIAN_POINT('',(24.625,-8.9451835234532,2.95));
#3530=CARTESIAN_POINT('Origin',(24.625,-8.94518352345319,-1.425));
#3531=CARTESIAN_POINT('',(20.25,-8.94518352345319,-1.425));
#3532=CARTESIAN_POINT('Origin',(17.875,-8.94518352345319,-1.425));
#3533=CARTESIAN_POINT('Origin',(29.0000002785162,-10.9451835234532,-5.7));
#3534=CARTESIAN_POINT('',(-47.8045340842893,-10.9451835234532,-5.7));
#3535=CARTESIAN_POINT('',(-47.8045340842893,11.,-5.7));
#3536=CARTESIAN_POINT('',(-49.8045340842893,-10.9451835234532,-5.69999999999999));
#3537=CARTESIAN_POINT('',(-49.8045340842893,0.777408238273408,-5.69999999999998));
#3538=CARTESIAN_POINT('',(9.29886661818579,-10.9451835234532,-5.7));
#3539=CARTESIAN_POINT('Origin',(29.0000002785162,-10.9451835234532,-5.7));
#3540=CARTESIAN_POINT('',(26.9999998463826,-10.9451835234532,-5.7));
#3541=CARTESIAN_POINT('',(27.,11.,-5.7));
#3542=CARTESIAN_POINT('',(29.0000002785162,-10.9451835234532,-5.7));
#3543=CARTESIAN_POINT('',(9.29886661818579,-10.9451835234532,-5.7));
#3544=CARTESIAN_POINT('',(29.,0.777408238273381,-5.69999999999998));
#3545=CARTESIAN_POINT('Origin',(-29.,11.5,44.));
#3546=CARTESIAN_POINT('',(-29.,-0.5,46.));
#3547=CARTESIAN_POINT('',(-29.,11.5,46.));
#3548=CARTESIAN_POINT('',(-29.,-0.5,48.5));
#3549=CARTESIAN_POINT('',(-29.,-0.5,46.));
#3550=CARTESIAN_POINT('',(-29.,3.,52.));
#3551=CARTESIAN_POINT('',(-29.,-0.500000000000003,48.5));
#3552=CARTESIAN_POINT('',(-29.,3.56350832689629,52.));
#3553=CARTESIAN_POINT('',(-29.,3.56350832689629,52.));
#3554=CARTESIAN_POINT('',(-29.,7.4364916731037,52.));
#3555=CARTESIAN_POINT('Origin',(-29.,5.49999999999999,52.5));
#3556=CARTESIAN_POINT('',(-29.,8.,52.));
#3557=CARTESIAN_POINT('',(-29.,8.,52.));
#3558=CARTESIAN_POINT('',(-29.,11.5,48.5));
#3559=CARTESIAN_POINT('',(-29.,11.5,48.5));
#3560=CARTESIAN_POINT('',(-29.,12.5,48.5));
#3561=CARTESIAN_POINT('',(-29.,12.25,48.5));
#3562=CARTESIAN_POINT('',(-29.,12.5,44.));
#3563=CARTESIAN_POINT('',(-29.,12.5,44.));
#3564=CARTESIAN_POINT('',(-29.,12.5,44.));
#3565=CARTESIAN_POINT('Origin',(0.,-2.22044604925031E-15,46.));
#3566=CARTESIAN_POINT('',(29.,0.556570016678708,46.));
#3567=CARTESIAN_POINT('',(29.,-11.5,46.));
#3568=CARTESIAN_POINT('',(28.25,0.500000000000005,46.));
#3569=CARTESIAN_POINT('Origin',(28.25,5.50000000000001,46.));
#3570=CARTESIAN_POINT('',(22.75,0.500000000000005,46.));
#3571=CARTESIAN_POINT('',(11.3825323938686,0.500000000000005,46.));
#3572=CARTESIAN_POINT('',(22.75,10.5,46.));
#3573=CARTESIAN_POINT('',(22.75,5.25,46.));
#3574=CARTESIAN_POINT('',(28.25,10.5,46.));
#3575=CARTESIAN_POINT('',(14.125,10.5,46.));
#3576=CARTESIAN_POINT('',(29.,10.4434299833213,46.));
#3577=CARTESIAN_POINT('Origin',(28.25,5.50000000000001,46.));
#3578=CARTESIAN_POINT('',(29.,12.5,46.));
#3579=CARTESIAN_POINT('',(29.,-11.5,46.));
#3580=CARTESIAN_POINT('',(3.,12.5,46.));
#3581=CARTESIAN_POINT('',(28.75,12.5,46.));
#3582=CARTESIAN_POINT('',(3.,-0.5,46.));
#3583=CARTESIAN_POINT('',(3.,-0.250000000000001,46.));
#3584=CARTESIAN_POINT('',(-14.5,-0.5,46.));
#3585=CARTESIAN_POINT('Origin',(29.,12.5,-53.4));
#3586=CARTESIAN_POINT('',(29.,-10.9451835234532,-53.4));
#3587=CARTESIAN_POINT('',(29.,-10.9451835234532,-22.368063810086));
#3588=CARTESIAN_POINT('',(29.,12.5,-53.4));
#3589=CARTESIAN_POINT('',(29.,12.5,-53.4));
#3590=CARTESIAN_POINT('',(29.,12.5,44.));
#3591=CARTESIAN_POINT('',(29.,10.458198971051,44.));
#3592=CARTESIAN_POINT('Origin',(29.,5.50000000000001,31.6891474842038));
#3593=CARTESIAN_POINT('',(29.,0.541801028948964,44.));
#3594=CARTESIAN_POINT('',(29.,12.5,44.));
#3595=CARTESIAN_POINT('Origin',(29.,5.50000000000001,31.6891474842038));
#3596=CARTESIAN_POINT('Origin',(-10.4022670421446,-10.9451835234532,-4.70000000000004));
#3597=CARTESIAN_POINT('',(27.,-10.9451835234532,-51.4000000000001));
#3598=CARTESIAN_POINT('',(27.,-10.9451835234532,19.65));
#3599=CARTESIAN_POINT('',(-47.8045340842893,-10.9451835234532,-51.4000000000001));
#3600=CARTESIAN_POINT('',(8.29886647892767,-10.9451835234532,-51.4000000000001));
#3601=CARTESIAN_POINT('',(-47.8045340842893,-10.9451835234532,-28.0500000000001));
#3602=CARTESIAN_POINT('',(-49.8045340842893,-10.9451835234532,-53.4000000000001));
#3603=CARTESIAN_POINT('',(-49.8045340842893,-10.9451835234532,-4.85000000000002));
#3604=CARTESIAN_POINT('',(-30.1034005632169,-10.9451835234532,-53.4000000000001));
#3605=CARTESIAN_POINT('Origin',(-33.9991669797106,11.,34.6608937723817));
#3606=CARTESIAN_POINT('',(-27.6500000000001,11.,42.4894648360515));
#3607=CARTESIAN_POINT('',(-38.9460591062867,11.,28.5613382431342));
#3608=CARTESIAN_POINT('',(-27.6500000000001,6.4475,42.4894648360515));
#3609=CARTESIAN_POINT('',(-27.6500000000001,11.,42.4894648360515));
#3610=CARTESIAN_POINT('',(-26.4249181930353,6.4475,44.));
#3611=CARTESIAN_POINT('',(-31.048578509625,6.4475,38.2989917451591));
#3612=CARTESIAN_POINT('',(-26.4249181930353,11.,44.));
#3613=CARTESIAN_POINT('Origin',(-0.325000000000051,6.4475,19.4125));
#3614=CARTESIAN_POINT('',(27.,6.4475,6.85625002763077));
#3615=CARTESIAN_POINT('',(13.3375,6.4475,44.));
#3616=CARTESIAN_POINT('',(13.3375,6.4475,44.));
#3617=CARTESIAN_POINT('',(-27.6500000000001,6.4475,30.9509824180258));
#3618=CARTESIAN_POINT('',(-26.2750000000001,6.4475,43.3000000000001));
#3619=CARTESIAN_POINT('',(-26.2750000000001,6.4475,7.80625));
#3620=CARTESIAN_POINT('',(25.625,6.4475,43.3000000000001));
#3621=CARTESIAN_POINT('',(-13.3000000000001,6.4475,43.3000000000001));
#3622=CARTESIAN_POINT('',(25.625,6.4475,31.35625));
#3623=CARTESIAN_POINT('Origin',(27.,11.,-5.69999994473847));
#3624=CARTESIAN_POINT('',(27.,11.5084899017265,-5.69999994473847));
#3625=CARTESIAN_POINT('',(27.,11.,-5.69999994473847));
#3626=CARTESIAN_POINT('',(27.,11.5084899017265,-51.3999988511205));
#3627=CARTESIAN_POINT('',(27.,11.5084899017265,-17.124999671334));
#3628=CARTESIAN_POINT('',(27.,11.,-51.3999988511205));
#3629=CARTESIAN_POINT('Origin',(-46.0595609187837,0.777408238273414,5.8497842042855));
#3630=CARTESIAN_POINT('',(-44.5097485000533,0.777408238273414,10.3398378194163));
#3631=CARTESIAN_POINT('Origin',(-46.0595609187837,0.777408238273414,5.8497842042855));
#3632=CARTESIAN_POINT('',(-44.5097485000533,0.777408238273413,10.3398378194163));
#3633=CARTESIAN_POINT('Origin',(-10.4022670421446,12.5,-4.70000000000004));
#3634=CARTESIAN_POINT('',(-35.774653241046,12.5,35.6468011474999));
#3635=CARTESIAN_POINT('',(-35.774653241046,12.5,35.6468011474999));
#3636=CARTESIAN_POINT('',(3.,12.5,48.5));
#3637=CARTESIAN_POINT('',(28.,12.5,48.5));
#3638=CARTESIAN_POINT('',(3.,12.5,46.));
#3639=CARTESIAN_POINT('',(-49.8045340842893,12.5,-53.4000000000001));
#3640=CARTESIAN_POINT('',(29.,12.5,-53.4));
#3641=CARTESIAN_POINT('',(-49.8045340842893,12.5,-4.99999999999999));
#3642=CARTESIAN_POINT('',(-49.8045340842893,12.5,-53.4000000000001));
#3643=CARTESIAN_POINT('',(-49.8045340842893,12.5,-4.99999999999999));
#3644=CARTESIAN_POINT('Origin',(-29.,12.5,44.));
#3645=CARTESIAN_POINT('',(-35.774653241046,12.5,35.6468011474999));
#3646=CARTESIAN_POINT('Origin',(-35.774653241046,12.5,35.6468011474999));
#3647=CARTESIAN_POINT('',(-49.8045340842893,12.5,-4.99999999999999));
#3648=CARTESIAN_POINT('Origin',(-49.8045340842893,12.5,-4.99999999999999));
#3649=CARTESIAN_POINT('',(-49.8045340842893,12.5,-53.4000000000001));
#3650=CARTESIAN_POINT('Origin',(-49.8045340842893,12.5,-53.4000000000001));
#3651=CARTESIAN_POINT('Origin',(26.9,11.5084899017265,-40.3));
#3652=CARTESIAN_POINT('',(-47.8045340842892,11.5084899017265,-51.3999988511205));
#3653=CARTESIAN_POINT('',(-47.8045340842892,11.5084899017265,-39.974999124525));
#3654=CARTESIAN_POINT('',(8.29886647892766,11.5084899017265,-51.3999988511205));
#3655=CARTESIAN_POINT('',(8.248860165304,11.5084899017265,-5.70001030690478));
#3656=CARTESIAN_POINT('Origin',(27.,11.,-51.3999988511205));
#3657=CARTESIAN_POINT('',(-47.8045340842892,11.,-51.3999988511205));
#3658=CARTESIAN_POINT('Origin',(-47.8045340842892,11.,-51.3999988511205));
#3659=CARTESIAN_POINT('Origin',(26.9,11.,-5.7));
#3660=CARTESIAN_POINT('Origin',(-10.4022670421446,11.,-4.70000000000004));
#3661=CARTESIAN_POINT('',(-25.2750000000001,11.,-2.79999999999999));
#3662=CARTESIAN_POINT('',(24.625,11.,-2.8));
#3663=CARTESIAN_POINT('',(7.11136647892765,11.,-2.8));
#3664=CARTESIAN_POINT('',(24.625,11.,42.3000000000001));
#3665=CARTESIAN_POINT('',(24.625,11.,18.8));
#3666=CARTESIAN_POINT('',(-25.2750000000001,11.,42.3000000000001));
#3667=CARTESIAN_POINT('',(-17.8386335210724,11.,42.3000000000001));
#3668=CARTESIAN_POINT('',(-25.2750000000001,11.,-3.75000000000002));
#3669=CARTESIAN_POINT('Origin',(29.,12.5,44.));
#3670=CARTESIAN_POINT('',(-27.,5.5,44.));
#3671=CARTESIAN_POINT('Origin',(-25.,5.5,44.));
#3672=CARTESIAN_POINT('Origin',(-25.,5.5,44.));
#3673=CARTESIAN_POINT('Origin',(2.125,6.,48.5));
#3674=CARTESIAN_POINT('',(3.,11.5,48.5));
#3675=CARTESIAN_POINT('',(-13.4375,11.5,48.5));
#3676=CARTESIAN_POINT('',(3.,-0.5,48.5));
#3677=CARTESIAN_POINT('Origin',(-29.,-0.5,46.));
#3678=CARTESIAN_POINT('',(3.,-0.5,48.5));
#3679=CARTESIAN_POINT('',(3.,-0.5,46.));
#3680=CARTESIAN_POINT('',(-29.,-0.5,48.5));
#3681=CARTESIAN_POINT('Origin',(3.,-0.5,46.));
#3682=CARTESIAN_POINT('',(3.,8.,52.));
#3683=CARTESIAN_POINT('',(3.,11.5,48.5));
#3684=CARTESIAN_POINT('',(3.,7.4364916731037,52.));
#3685=CARTESIAN_POINT('',(3.,8.,52.));
#3686=CARTESIAN_POINT('',(3.,3.56350832689629,52.));
#3687=CARTESIAN_POINT('Origin',(3.,5.49999999999999,52.5));
#3688=CARTESIAN_POINT('',(3.,3.,52.));
#3689=CARTESIAN_POINT('',(3.,3.56350832689629,52.));
#3690=CARTESIAN_POINT('',(3.,-0.500000000000003,48.5));
#3691=CARTESIAN_POINT('Origin',(-29.,11.5,48.5));
#3692=CARTESIAN_POINT('',(-29.,8.,52.));
#3693=CARTESIAN_POINT('Origin',(-29.,5.49999999999999,52.5));
#3694=CARTESIAN_POINT('',(-25.5,3.56350832689629,52.));
#3695=CARTESIAN_POINT('',(-27.,5.5,50.5));
#3696=CARTESIAN_POINT('Origin',(-25.,5.5,52.5));
#3697=CARTESIAN_POINT('',(-25.5,7.4364916731037,52.));
#3698=CARTESIAN_POINT('Origin',(-25.,5.5,52.5));
#3699=CARTESIAN_POINT('',(-29.,7.4364916731037,52.));
#3700=CARTESIAN_POINT('',(-29.,3.56350832689629,52.));
#3701=CARTESIAN_POINT('Origin',(-29.,3.56350832689629,52.));
#3702=CARTESIAN_POINT('',(-24.5,3.56350832689629,52.));
#3703=CARTESIAN_POINT('Origin',(-25.,5.5,52.));
#3704=CARTESIAN_POINT('',(-29.,3.,52.));
#3705=CARTESIAN_POINT('',(-0.500000000000036,3.56350832689629,52.));
#3706=CARTESIAN_POINT('',(-29.,3.56350832689629,52.));
#3707=CARTESIAN_POINT('',(-1.49999999999997,3.56350832689629,52.));
#3708=CARTESIAN_POINT('Origin',(-1.,5.50000000000001,52.));
#3709=CARTESIAN_POINT('',(-29.,3.56350832689629,52.));
#3710=CARTESIAN_POINT('Origin',(-29.,3.,52.));
#3711=CARTESIAN_POINT('Origin',(-29.,5.49999999999999,52.5));
#3712=CARTESIAN_POINT('',(-24.5,7.4364916731037,52.));
#3713=CARTESIAN_POINT('Origin',(-25.,5.5,52.5));
#3714=CARTESIAN_POINT('',(-3.,5.50000000000001,50.5));
#3715=CARTESIAN_POINT('Origin',(-1.,5.50000000000001,52.5));
#3716=CARTESIAN_POINT('',(-1.50000000000004,7.4364916731037,52.));
#3717=CARTESIAN_POINT('Origin',(-1.,5.50000000000001,52.5));
#3718=CARTESIAN_POINT('',(-29.,7.4364916731037,52.));
#3719=CARTESIAN_POINT('Origin',(-29.,5.49999999999999,52.5));
#3720=CARTESIAN_POINT('',(-0.499999999999961,7.4364916731037,52.));
#3721=CARTESIAN_POINT('Origin',(-1.,5.50000000000001,52.5));
#3722=CARTESIAN_POINT('',(-29.,7.4364916731037,52.));
#3723=CARTESIAN_POINT('Origin',(-29.,8.,52.));
#3724=CARTESIAN_POINT('Origin',(-25.,5.5,52.));
#3725=CARTESIAN_POINT('Origin',(-1.,5.50000000000001,52.));
#3726=CARTESIAN_POINT('Origin',(-1.,5.50000000000001,46.));
#3727=CARTESIAN_POINT('Origin',(-1.,5.50000000000001,44.));
#3728=CARTESIAN_POINT('',(-3.,5.50000000000001,46.));
#3729=CARTESIAN_POINT('Origin',(-25.,5.5,46.));
#3730=CARTESIAN_POINT('',(-27.,5.5,46.));
#3731=CARTESIAN_POINT('Origin',(26.7184538351268,5.50000000000001,70.4533575435786));
#3732=CARTESIAN_POINT('',(26.9677690720479,10.5,70.4664236014871));
#3733=CARTESIAN_POINT('',(21.4828338597851,10.5,70.178970327501));
#3734=CARTESIAN_POINT('',(26.9677690720479,10.5,70.4664236014871));
#3735=CARTESIAN_POINT('',(21.4828338597851,0.500000000000005,70.178970327501));
#3736=CARTESIAN_POINT('',(21.4828338597851,10.5,70.178970327501));
#3737=CARTESIAN_POINT('',(26.9677690720479,0.500000000000005,70.4664236014871));
#3738=CARTESIAN_POINT('',(21.4828338597851,0.500000000000005,70.178970327501));
#3739=CARTESIAN_POINT('Origin',(26.9677690720479,5.50000000000001,70.4664236014871));
#3740=CARTESIAN_POINT('',(24.5960239270058,5.50000000000001,70.3421257054101));
#3741=CARTESIAN_POINT('Origin',(26.9677690720479,5.50000000000001,70.4664236014871));
#3742=CARTESIAN_POINT('Origin',(28.25,10.5,46.));
#3743=CARTESIAN_POINT('',(22.7650647877373,10.5,45.712546726014));
#3744=CARTESIAN_POINT('',(28.25,10.5,46.));
#3745=CARTESIAN_POINT('Ctrl Pts',(28.3632912172815,0.500000000000005,43.838274797533));
#3746=CARTESIAN_POINT('Ctrl Pts',(33.3495959557022,0.500000000000004,44.0995959557022));
#3747=CARTESIAN_POINT('Ctrl Pts',(33.3495959557022,5.50000000000001,44.0995959557022));
#3748=CARTESIAN_POINT('Ctrl Pts',(33.3495959557022,10.5,44.0995959557022));
#3749=CARTESIAN_POINT('Ctrl Pts',(28.3632912172815,10.5,43.838274797533));
#3750=CARTESIAN_POINT('Ctrl Pts',(26.9677690720479,0.500000000000005,70.4664236014871));
#3751=CARTESIAN_POINT('Ctrl Pts',(31.9540738104686,0.500000000000004,70.7277447596562));
#3752=CARTESIAN_POINT('Ctrl Pts',(31.9540738104686,5.50000000000001,70.7277447596562));
#3753=CARTESIAN_POINT('Ctrl Pts',(31.9540738104686,10.5,70.7277447596562));
#3754=CARTESIAN_POINT('Ctrl Pts',(26.9677690720479,10.5,70.4664236014871));
#3755=CARTESIAN_POINT('',(28.25,0.500000000000005,46.));
#3756=CARTESIAN_POINT('',(31.4491919114043,1.57255363028398,44.));
#3757=CARTESIAN_POINT('Origin',(28.3548155585661,5.50000000000001,44.));
#3758=CARTESIAN_POINT('',(31.4491919114043,9.42744636971603,44.));
#3759=CARTESIAN_POINT('Origin',(28.5250164197485,5.50000000000001,40.7523741034102));
#3760=CARTESIAN_POINT('Origin',(28.3548155585661,5.50000000000001,44.));
#3761=CARTESIAN_POINT('Origin',(22.7650647877373,0.500000000000005,45.712546726014));
#3762=CARTESIAN_POINT('',(22.7650647877373,0.500000000000005,45.712546726014));
#3763=CARTESIAN_POINT('Origin',(22.7650647877373,10.5,45.712546726014));
#3764=CARTESIAN_POINT('Origin',(29.,5.5,41.2798968119759));
#3765=CARTESIAN_POINT('',(31.4491919114043,5.5,44.));
#3766=CARTESIAN_POINT('Origin',(27.3995407110522,5.50000000000001,62.2277299397618));
#3767=CARTESIAN_POINT('',(25.4595672050143,5.50000000000001,53.8647383819596));
#3768=CARTESIAN_POINT('',(25.02779556601,5.50000000000001,62.1034320436848));
#3769=CARTESIAN_POINT('Origin',(27.8313123500564,5.50000000000001,53.9890362780366));
#3770=CARTESIAN_POINT('Origin',(27.8686552054468,5.50000000000001,53.2764921500238));
#3771=CARTESIAN_POINT('',(27.9059980608371,5.50000000000001,52.563948022011));
#3772=CARTESIAN_POINT('',(26.6827826329257,5.50000000000001,53.2143432019853));
#3773=CARTESIAN_POINT('Origin',(4.44089209850063E-15,0.,44.));
#3774=CARTESIAN_POINT('Origin',(-10.4022670421446,11.,-4.70000000000004));
#3775=CARTESIAN_POINT('',(-27.6500000000001,11.,18.8947324180258));
#3776=CARTESIAN_POINT('Origin',(-0.325000000000069,8.0525,19.75));
#3777=CARTESIAN_POINT('',(25.625,8.0525,43.3000000000001));
#3778=CARTESIAN_POINT('',(25.625,8.0525,7.97500000000002));
#3779=CARTESIAN_POINT('',(-26.2750000000001,8.0525,43.3000000000001));
#3780=CARTESIAN_POINT('',(12.6499999999999,8.0525,43.3000000000001));
#3781=CARTESIAN_POINT('',(-26.2750000000001,8.0525,31.525));
#3782=CARTESIAN_POINT('',(24.625,8.0525,42.3000000000001));
#3783=CARTESIAN_POINT('',(24.625,8.0525,-2.8));
#3784=CARTESIAN_POINT('',(24.625,8.0525,31.0250000000001));
#3785=CARTESIAN_POINT('',(-25.2750000000001,8.0525,-2.79999999999999));
#3786=CARTESIAN_POINT('',(12.1499999999999,8.0525,-2.8));
#3787=CARTESIAN_POINT('',(-25.2750000000001,8.0525,42.3000000000001));
#3788=CARTESIAN_POINT('',(-25.2750000000001,8.0525,8.47500000000002));
#3789=CARTESIAN_POINT('',(-12.8000000000001,8.0525,42.3000000000001));
#3790=CARTESIAN_POINT('Origin',(-25.2750000000001,11.,-2.79999999999999));
#3791=CARTESIAN_POINT('',(-25.2750000000001,11.,-2.79999999999999));
#3792=CARTESIAN_POINT('',(-25.2750000000001,11.,42.3000000000001));
#3793=CARTESIAN_POINT('Origin',(-25.2750000000001,11.,42.3000000000001));
#3794=CARTESIAN_POINT('',(24.625,11.,42.3000000000001));
#3795=CARTESIAN_POINT('Origin',(24.625,11.,42.3000000000001));
#3796=CARTESIAN_POINT('',(24.625,11.,-2.8));
#3797=CARTESIAN_POINT('Origin',(24.625,11.,-2.8));
#3798=CARTESIAN_POINT('Origin',(-27.6500000000001,11.,42.4894648360515));
#3799=CARTESIAN_POINT('Origin',(25.625,11.,43.3000000000001));
#3800=CARTESIAN_POINT('',(25.625,11.,43.3000000000001));
#3801=CARTESIAN_POINT('Origin',(-26.2750000000001,11.,43.3000000000001));
#3802=CARTESIAN_POINT('',(-26.2750000000001,11.,43.3000000000001));
#3803=CARTESIAN_POINT('Origin',(-26.2750000000001,11.,-3.8));
#3804=CARTESIAN_POINT('Origin',(27.,11.,44.));
#3805=UNCERTAINTY_MEASURE_WITH_UNIT(LENGTH_MEASURE(0.01),#3809,
'DISTANCE_ACCURACY_VALUE',
'Maximum model space distance between geometric entities at asserted c
onnectivities');
#3806=UNCERTAINTY_MEASURE_WITH_UNIT(LENGTH_MEASURE(0.01),#3809,
'DISTANCE_ACCURACY_VALUE',
'Maximum model space distance between geometric entities at asserted c
onnectivities');
#3807=(
GEOMETRIC_REPRESENTATION_CONTEXT(3)
GLOBAL_UNCERTAINTY_ASSIGNED_CONTEXT((#3805))
GLOBAL_UNIT_ASSIGNED_CONTEXT((#3809,#3811,#3812))
REPRESENTATION_CONTEXT('','3D')
);
#3808=(
GEOMETRIC_REPRESENTATION_CONTEXT(3)
GLOBAL_UNCERTAINTY_ASSIGNED_CONTEXT((#3806))
GLOBAL_UNIT_ASSIGNED_CONTEXT((#3809,#3811,#3812))
REPRESENTATION_CONTEXT('','3D')
);
#3809=(
LENGTH_UNIT()
NAMED_UNIT(*)
SI_UNIT(.MILLI.,.METRE.)
);
#3810=(
LENGTH_UNIT()
NAMED_UNIT(*)
SI_UNIT($,.METRE.)
);
#3811=(
NAMED_UNIT(*)
PLANE_ANGLE_UNIT()
SI_UNIT($,.RADIAN.)
);
#3812=(
NAMED_UNIT(*)
SI_UNIT($,.STERADIAN.)
SOLID_ANGLE_UNIT()
);
#3813=SHAPE_DEFINITION_REPRESENTATION(#3814,#3815);
#3814=PRODUCT_DEFINITION_SHAPE('',$,#3817);
#3815=SHAPE_REPRESENTATION('',(#2257),#3807);
#3816=PRODUCT_DEFINITION_CONTEXT('part definition',#3821,'design');
#3817=PRODUCT_DEFINITION('Caja contador gas zigbee',
'Caja contador gas zigbee',#3818,#3816);
#3818=PRODUCT_DEFINITION_FORMATION('',$,#3823);
#3819=PRODUCT_RELATED_PRODUCT_CATEGORY('Caja contador gas zigbee',
'Caja contador gas zigbee',(#3823));
#3820=APPLICATION_PROTOCOL_DEFINITION('international standard',
'automotive_design',2009,#3821);
#3821=APPLICATION_CONTEXT(
'Core Data for Automotive Mechanical Design Process');
#3822=PRODUCT_CONTEXT('part definition',#3821,'mechanical');
#3823=PRODUCT('Caja contador gas zigbee','Caja contador gas zigbee',$,(#3822));
#3824=PRESENTATION_STYLE_ASSIGNMENT((#3825));
#3825=SURFACE_STYLE_USAGE(.BOTH.,#3826);
#3826=SURFACE_SIDE_STYLE('',(#3827));
#3827=SURFACE_STYLE_FILL_AREA(#3828);
#3828=FILL_AREA_STYLE('Acero - Satinado',(#3829));
#3829=FILL_AREA_STYLE_COLOUR('Acero - Satinado',#3830);
#3830=COLOUR_RGB('Acero - Satinado',0.627450980392157,0.627450980392157,
0.627450980392157);
ENDSEC;
END-ISO-10303-21;
